{
    "user_id": "anguyen8-mqzbg",
    "time": 1705966189,
    "history": [
        {
            "top1-label": "Northern Waterthrush",
            "top1-score": 0.9970534443855286,
            "question": "Sam guessed the Input image is 99% Northern Waterthrush. Is it Northern Waterthrush?",
            "Accept/Reject": false,
            "type": "top1",
            "image-path": "./data/top1-exp-materials/184.Louisiana_Waterthrush_264_0.jpeg",
            "user_decision": "YES",
            "user_id": "anguyen8-mqzbg",
            "is_user_correct": false
        },
        {
            "top1-label": "Painted Bunting",
            "top1-score": 0.06904079765081406,
            "question": "Sam guessed the Input image is 6% Painted Bunting. Is it Painted Bunting?",
            "Accept/Reject": false,
            "type": "top1",
            "image-path": "./data/top1-exp-materials/016.Painted_Bunting_115_4.jpeg",
            "user_decision": "YES",
            "user_id": "anguyen8-mqzbg",
            "is_user_correct": false
        },
        {
            "top1-label": "Philadelphia Vireo",
            "top1-score": 0.9919337034225464,
            "question": "Sam guessed the Input image is 99% Philadelphia Vireo. Is it Philadelphia Vireo?",
            "Accept/Reject": true,
            "type": "top1",
            "image-path": "./data/top1-exp-materials/153.Philadelphia_Vireo_20_2.jpeg",
            "user_decision": "YES",
            "user_id": "anguyen8-mqzbg",
            "is_user_correct": true
        },
        {
            "top1-label": "Black and white Warbler",
            "top1-score": 0.9995808005332947,
            "question": "Sam guessed the Input image is 99% Black and white Warbler. Is it Black and white Warbler?",
            "Accept/Reject": true,
            "type": "top1",
            "image-path": "./data/top1-exp-materials/159.Black_and_white_Warbler_11_4.jpeg",
            "user_decision": "YES",
            "user_id": "anguyen8-mqzbg",
            "is_user_correct": true
        },
        {
            "top1-label": "Red breasted Merganser",
            "top1-score": 0.9974274039268494,
            "question": "Sam guessed the Input image is 99% Red breasted Merganser. Is it Red breasted Merganser?",
            "Accept/Reject": true,
            "type": "top1",
            "image-path": "./data/top1-exp-materials/090.Red_breasted_Merganser_34_3.jpeg",
            "user_decision": "YES",
            "user_id": "anguyen8-mqzbg",
            "is_user_correct": true
        },
        {
            "top1-label": "Vermilion Flycatcher",
            "top1-score": 0.9940789937973022,
            "question": "Sam guessed the Input image is 99% Vermilion Flycatcher. Is it Vermilion Flycatcher?",
            "Accept/Reject": true,
            "type": "top1",
            "image-path": "./data/top1-exp-materials/042.Vermilion_Flycatcher_13_5.jpeg",
            "user_decision": "YES",
            "user_id": "anguyen8-mqzbg",
            "is_user_correct": true
        },
        {
            "top1-label": "Pacific Loon",
            "top1-score": 0.9989774227142334,
            "question": "Sam guessed the Input image is 99% Pacific Loon. Is it Pacific Loon?",
            "Accept/Reject": true,
            "type": "top1",
            "image-path": "./data/top1-exp-materials/086.Pacific_Loon_41_3.jpeg",
            "user_decision": "NO",
            "user_id": "anguyen8-mqzbg",
            "is_user_correct": false
        },
        {
            "top1-label": "Sayornis",
            "top1-score": 0.7387324571609497,
            "question": "Sam guessed the Input image is 73% Sayornis. Is it Sayornis?",
            "Accept/Reject": false,
            "type": "top1",
            "image-path": "./data/top1-exp-materials/175.Pine_Warbler_291_0.jpeg",
            "user_decision": "NO",
            "user_id": "anguyen8-mqzbg",
            "is_user_correct": true
        },
        {
            "top1-label": "Caspian Tern",
            "top1-score": 0.9796410799026489,
            "question": "Sam guessed the Input image is 97% Caspian Tern. Is it Caspian Tern?",
            "Accept/Reject": false,
            "type": "top1",
            "image-path": "./data/top1-exp-materials/146.Forsters_Tern_22_2.jpeg",
            "user_decision": "YES",
            "user_id": "anguyen8-mqzbg",
            "is_user_correct": false
        },
        {
            "top1-label": "Yellow Warbler",
            "top1-score": 0.9994113445281982,
            "question": "Sam guessed the Input image is 99% Yellow Warbler. Is it Yellow Warbler?",
            "Accept/Reject": true,
            "type": "top1",
            "image-path": "./data/top1-exp-materials/182.Yellow_Warbler_1_4.jpeg",
            "user_decision": "YES",
            "user_id": "anguyen8-mqzbg",
            "is_user_correct": true
        },
        {
            "top1-label": "Yellow breasted Chat",
            "top1-score": 0.9372482895851135,
            "question": "Sam guessed the Input image is 93% Yellow breasted Chat. Is it Yellow breasted Chat?",
            "Accept/Reject": true,
            "type": "top1",
            "image-path": "./data/top1-exp-materials/020.Yellow_breasted_Chat_17_0.jpeg",
            "user_decision": "YES",
            "user_id": "anguyen8-mqzbg",
            "is_user_correct": true
        },
        {
            "top1-label": "Glaucous winged Gull",
            "top1-score": 0.684463620185852,
            "question": "Sam guessed the Input image is 68% Glaucous winged Gull. Is it Glaucous winged Gull?",
            "Accept/Reject": false,
            "type": "top1",
            "image-path": "./data/top1-exp-materials/065.Slaty_backed_Gull_180_1.jpeg",
            "user_decision": "NO",
            "user_id": "anguyen8-mqzbg",
            "is_user_correct": true
        },
        {
            "top1-label": "House Sparrow",
            "top1-score": 0.20183907449245453,
            "question": "Sam guessed the Input image is 20% House Sparrow. Is it House Sparrow?",
            "Accept/Reject": false,
            "type": "top1",
            "image-path": "./data/top1-exp-materials/119.Field_Sparrow_125_0.jpeg",
            "user_decision": "YES",
            "user_id": "anguyen8-mqzbg",
            "is_user_correct": false
        },
        {
            "top1-label": "Black throated Blue Warbler",
            "top1-score": 0.13491947948932648,
            "question": "Sam guessed the Input image is 13% Black throated Blue Warbler. Is it Black throated Blue Warbler?",
            "Accept/Reject": false,
            "type": "top1",
            "image-path": "./data/top1-exp-materials/138.Tree_Swallow_21_1.jpeg",
            "user_decision": "NO",
            "user_id": "anguyen8-mqzbg",
            "is_user_correct": true
        },
        {
            "top1-label": "Western Gull",
            "top1-score": 0.4337826073169708,
            "question": "Sam guessed the Input image is 43% Western Gull. Is it Western Gull?",
            "Accept/Reject": false,
            "type": "top1",
            "image-path": "./data/top1-exp-materials/065.Slaty_backed_Gull_100_1.jpeg",
            "user_decision": "YES",
            "user_id": "anguyen8-mqzbg",
            "is_user_correct": false
        },
        {
            "top1-label": "Chuck will Widow",
            "top1-score": 0.9951090216636658,
            "question": "Sam guessed the Input image is 99% Chuck will Widow. Is it Chuck will Widow?",
            "Accept/Reject": true,
            "type": "top1",
            "image-path": "./data/top1-exp-materials/022.Chuck_will_Widow_19_6.jpeg",
            "user_decision": "YES",
            "user_id": "anguyen8-mqzbg",
            "is_user_correct": true
        },
        {
            "top1-label": "Forsters Tern",
            "top1-score": 0.7486879229545593,
            "question": "Sam guessed the Input image is 74% Forsters Tern. Is it Forsters Tern?",
            "Accept/Reject": true,
            "type": "top1",
            "image-path": "./data/top1-exp-materials/146.Forsters_Tern_17_5.jpeg",
            "user_decision": "YES",
            "user_id": "anguyen8-mqzbg",
            "is_user_correct": true
        },
        {
            "top1-label": "Yellow throated Vireo",
            "top1-score": 0.8285635113716125,
            "question": "Sam guessed the Input image is 82% Yellow throated Vireo. Is it Yellow throated Vireo?",
            "Accept/Reject": true,
            "type": "top1",
            "image-path": "./data/top1-exp-materials/157.Yellow_throated_Vireo_3_2.jpeg",
            "user_decision": "YES",
            "user_id": "anguyen8-mqzbg",
            "is_user_correct": true
        },
        {
            "top1-label": "American Crow",
            "top1-score": 0.17481288313865662,
            "question": "Sam guessed the Input image is 17% American Crow. Is it American Crow?",
            "Accept/Reject": true,
            "type": "top1",
            "image-path": "./data/top1-exp-materials/029.American_Crow_0_3.jpeg",
            "user_decision": "NO",
            "user_id": "anguyen8-mqzbg",
            "is_user_correct": false
        },
        {
            "top1-label": "Red eyed Vireo",
            "top1-score": 0.9664561748504639,
            "question": "Sam guessed the Input image is 96% Red eyed Vireo. Is it Red eyed Vireo?",
            "Accept/Reject": true,
            "type": "top1",
            "image-path": "./data/top1-exp-materials/154.Red_eyed_Vireo_6_1.jpeg",
            "user_decision": "NO",
            "user_id": "anguyen8-mqzbg",
            "is_user_correct": false
        },
        {
            "top1-label": "Black footed Albatross",
            "top1-score": 0.08744495362043381,
            "question": "Sam guessed the Input image is 8% Black footed Albatross. Is it Black footed Albatross?",
            "Accept/Reject": false,
            "type": "top1",
            "image-path": "./data/top1-exp-materials/071.Long_tailed_Jaeger_86_6.jpeg",
            "user_decision": "NO",
            "user_id": "anguyen8-mqzbg",
            "is_user_correct": true
        },
        {
            "top1-label": "Dark eyed Junco",
            "top1-score": 0.9988878965377808,
            "question": "Sam guessed the Input image is 99% Dark eyed Junco. Is it Dark eyed Junco?",
            "Accept/Reject": true,
            "type": "top1",
            "image-path": "./data/top1-exp-materials/076.Dark_eyed_Junco_8_7.jpeg",
            "user_decision": "YES",
            "user_id": "anguyen8-mqzbg",
            "is_user_correct": true
        },
        {
            "top1-label": "Rock Wren",
            "top1-score": 0.9911059737205505,
            "question": "Sam guessed the Input image is 99% Rock Wren. Is it Rock Wren?",
            "Accept/Reject": true,
            "type": "top1",
            "image-path": "./data/top1-exp-materials/198.Rock_Wren_38_3.jpeg",
            "user_decision": "NO",
            "user_id": "anguyen8-mqzbg",
            "is_user_correct": false
        },
        {
            "top1-label": "Common Tern",
            "top1-score": 0.8586056232452393,
            "question": "Sam guessed the Input image is 85% Common Tern. Is it Common Tern?",
            "Accept/Reject": true,
            "type": "top1",
            "image-path": "./data/top1-exp-materials/144.Common_Tern_35_1.jpeg",
            "user_decision": "YES",
            "user_id": "anguyen8-mqzbg",
            "is_user_correct": true
        },
        {
            "top1-label": "Bay breasted Warbler",
            "top1-score": 0.29114410281181335,
            "question": "Sam guessed the Input image is 29% Bay breasted Warbler. Is it Bay breasted Warbler?",
            "Accept/Reject": false,
            "type": "top1",
            "image-path": "./data/top1-exp-materials/165.Chestnut_sided_Warbler_199_1.jpeg",
            "user_decision": "YES",
            "user_id": "anguyen8-mqzbg",
            "is_user_correct": false
        },
        {
            "top1-label": "House Wren",
            "top1-score": 0.977676272392273,
            "question": "Sam guessed the Input image is 97% House Wren. Is it House Wren?",
            "Accept/Reject": true,
            "type": "top1",
            "image-path": "./data/top1-exp-materials/196.House_Wren_22_1.jpeg",
            "user_decision": "YES",
            "user_id": "anguyen8-mqzbg",
            "is_user_correct": true
        },
        {
            "top1-label": "Nelson Sharp tailed Sparrow",
            "top1-score": 0.11916869878768921,
            "question": "Sam guessed the Input image is 11% Nelson Sharp tailed Sparrow. Is it Nelson Sharp tailed Sparrow?",
            "Accept/Reject": false,
            "type": "top1",
            "image-path": "./data/top1-exp-materials/128.Seaside_Sparrow_84_6.jpeg",
            "user_decision": "NO",
            "user_id": "anguyen8-mqzbg",
            "is_user_correct": true
        },
        {
            "top1-label": "Seaside Sparrow",
            "top1-score": 0.00028974362066946924,
            "question": "Sam guessed the Input image is 0% Seaside Sparrow. Is it Seaside Sparrow?",
            "Accept/Reject": false,
            "type": "top1",
            "image-path": "./data/top1-exp-materials/126.Nelson_Sharp_tailed_Sparrow_18_2.jpeg",
            "user_decision": "YES",
            "user_id": "anguyen8-mqzbg",
            "is_user_correct": false
        },
        {
            "top1-label": "Slaty backed Gull",
            "top1-score": 0.21087761223316193,
            "question": "Sam guessed the Input image is 21% Slaty backed Gull. Is it Slaty backed Gull?",
            "Accept/Reject": false,
            "type": "top1",
            "image-path": "./data/top1-exp-materials/066.Western_Gull_97_5.jpeg",
            "user_decision": "NO",
            "user_id": "anguyen8-mqzbg",
            "is_user_correct": true
        },
        {
            "top1-label": "Summer Tanager",
            "top1-score": 0.9453678727149963,
            "question": "Sam guessed the Input image is 94% Summer Tanager. Is it Summer Tanager?",
            "Accept/Reject": true,
            "type": "top1",
            "image-path": "./data/top1-exp-materials/140.Summer_Tanager_8_2.jpeg",
            "user_decision": "NO",
            "user_id": "anguyen8-mqzbg",
            "is_user_correct": false
        }
    ]
}