{"user_id": "ctd0037-t4y7krec", "time": 1706308670, "history": [{"top1-label": "Great Grey Shrike", "top1-score": 0.8823515176773071, "question": "Sam guessed the Input image is 88% Great Grey Shrike. Is it Great Grey Shrike?", "Accept/Reject": false, "type": "topK", "image-path": "./data/topK-exp-materials/111.Loggerhead_Shrike_305_1.jpeg", "user_decision": "YES", "user_id": "ctd0037-t4y7krec", "is_user_correct": false}, {"top1-label": "Western Gull", "top1-score": 0.44379889965057373, "question": "Sam guessed the Input image is 44% Western Gull. Is it Western Gull?", "Accept/Reject": false, "type": "topK", "image-path": "./data/topK-exp-materials/059.California_Gull_73_7.jpeg", "user_decision": "YES", "user_id": "ctd0037-t4y7krec", "is_user_correct": false}, {"top1-label": "Scarlet Tanager", "top1-score": 0.9934902191162109, "question": "Sam guessed the Input image is 99% Scarlet Tanager. Is it Scarlet Tanager?", "Accept/Reject": true, "type": "topK", "image-path": "./data/topK-exp-materials/139.Scarlet_Tanager_26_0.jpeg", "user_decision": "YES", "user_id": "ctd0037-t4y7krec", "is_user_correct": true}, {"top1-label": "Gray Catbird", "top1-score": 0.9862674474716187, "question": "Sam guessed the Input image is 98% Gray Catbird. Is it Gray Catbird?", "Accept/Reject": true, "type": "topK", "image-path": "./data/topK-exp-materials/019.Gray_Catbird_28_2.jpeg", "user_decision": "NO", "user_id": "ctd0037-t4y7krec", "is_user_correct": false}, {"top1-label": "Ringed Kingfisher", "top1-score": 0.9566355347633362, "question": "Sam guessed the Input image is 95% Ringed Kingfisher. Is it Ringed Kingfisher?", "Accept/Reject": true, "type": "topK", "image-path": "./data/topK-exp-materials/082.Ringed_Kingfisher_12_2.jpeg", "user_decision": "YES", "user_id": "ctd0037-t4y7krec", "is_user_correct": true}, {"top1-label": "Yellow breasted Chat", "top1-score": 0.9490922093391418, "question": "Sam guessed the Input image is 94% Yellow breasted Chat. Is it Yellow breasted Chat?", "Accept/Reject": true, "type": "topK", "image-path": "./data/topK-exp-materials/020.Yellow_breasted_Chat_41_0.jpeg", "user_decision": "YES", "user_id": "ctd0037-t4y7krec", "is_user_correct": true}, {"top1-label": "Indigo Bunting", "top1-score": 0.9845351576805115, "question": "Sam guessed the Input image is 98% Indigo Bunting. Is it Indigo Bunting?", "Accept/Reject": false, "type": "topK", "image-path": "./data/topK-exp-materials/054.Blue_Grosbeak_165_5.jpeg", "user_decision": "YES", "user_id": "ctd0037-t4y7krec", "is_user_correct": false}, {"top1-label": "Le Conte Sparrow", "top1-score": 0.13458998501300812, "question": "Sam guessed the Input image is 13% Le Conte Sparrow. Is it Le Conte Sparrow?", "Accept/Reject": false, "type": "topK", "image-path": "./data/topK-exp-materials/123.Henslow_Sparrow_260_0.jpeg", "user_decision": "YES", "user_id": "ctd0037-t4y7krec", "is_user_correct": false}, {"top1-label": "Herring Gull", "top1-score": 0.5163964033126831, "question": "Sam guessed the Input image is 51% Herring Gull. Is it Herring Gull?", "Accept/Reject": false, "type": "topK", "image-path": "./data/topK-exp-materials/059.California_Gull_119_6.jpeg", "user_decision": "YES", "user_id": "ctd0037-t4y7krec", "is_user_correct": false}, {"top1-label": "Nashville Warbler", "top1-score": 0.9971038103103638, "question": "Sam guessed the Input image is 99% Nashville Warbler. Is it Nashville Warbler?", "Accept/Reject": true, "type": "topK", "image-path": "./data/topK-exp-materials/172.Nashville_Warbler_30_5.jpeg", "user_decision": "YES", "user_id": "ctd0037-t4y7krec", "is_user_correct": true}, {"top1-label": "Pied billed Grebe", "top1-score": 0.9994831085205078, "question": "Sam guessed the Input image is 99% Pied billed Grebe. Is it Pied billed Grebe?", "Accept/Reject": true, "type": "topK", "image-path": "./data/topK-exp-materials/052.Pied_billed_Grebe_36_4.jpeg", "user_decision": "YES", "user_id": "ctd0037-t4y7krec", "is_user_correct": true}, {"top1-label": "Song Sparrow", "top1-score": 0.354444682598114, "question": "Sam guessed the Input image is 35% Song Sparrow. Is it Song Sparrow?", "Accept/Reject": false, "type": "topK", "image-path": "./data/topK-exp-materials/129.Song_Sparrow_170_4.jpeg", "user_decision": "NO", "user_id": "ctd0037-t4y7krec", "is_user_correct": true}, {"top1-label": "Canada Warbler", "top1-score": 0.22925086319446564, "question": "Sam guessed the Input image is 22% Canada Warbler. Is it Canada Warbler?", "Accept/Reject": false, "type": "topK", "image-path": "./data/topK-exp-materials/162.Canada_Warbler_258_5.jpeg", "user_decision": "NO", "user_id": "ctd0037-t4y7krec", "is_user_correct": true}, {"top1-label": "Wilson Warbler", "top1-score": 0.9902165532112122, "question": "Sam guessed the Input image is 99% Wilson Warbler. Is it Wilson Warbler?", "Accept/Reject": true, "type": "topK", "image-path": "./data/topK-exp-materials/180.Wilson_Warbler_8_1.jpeg", "user_decision": "YES", "user_id": "ctd0037-t4y7krec", "is_user_correct": true}, {"top1-label": "Great Grey Shrike", "top1-score": 0.6236667633056641, "question": "Sam guessed the Input image is 62% Great Grey Shrike. Is it Great Grey Shrike?", "Accept/Reject": true, "type": "topK", "image-path": "./data/topK-exp-materials/112.Great_Grey_Shrike_34_6.jpeg", "user_decision": "YES", "user_id": "ctd0037-t4y7krec", "is_user_correct": true}, {"top1-label": "Cliff Swallow", "top1-score": 0.2467552125453949, "question": "Sam guessed the Input image is 24% Cliff Swallow. Is it Cliff Swallow?", "Accept/Reject": false, "type": "topK", "image-path": "./data/topK-exp-materials/137.Cliff_Swallow_305_7.jpeg", "user_decision": "YES", "user_id": "ctd0037-t4y7krec", "is_user_correct": false}, {"top1-label": "Henslow Sparrow", "top1-score": 0.9986403584480286, "question": "Sam guessed the Input image is 99% Henslow Sparrow. Is it Henslow Sparrow?", "Accept/Reject": true, "type": "topK", "image-path": "./data/topK-exp-materials/123.Henslow_Sparrow_36_7.jpeg", "user_decision": "YES", "user_id": "ctd0037-t4y7krec", "is_user_correct": true}, {"top1-label": "Gadwall", "top1-score": 0.9994192123413086, "question": "Sam guessed the Input image is 99% Gadwall. Is it Gadwall?", "Accept/Reject": true, "type": "topK", "image-path": "./data/topK-exp-materials/046.Gadwall_31_6.jpeg", "user_decision": "YES", "user_id": "ctd0037-t4y7krec", "is_user_correct": true}, {"top1-label": "Pine Warbler", "top1-score": 0.489633172750473, "question": "Sam guessed the Input image is 48% Pine Warbler. Is it Pine Warbler?", "Accept/Reject": true, "type": "topK", "image-path": "./data/topK-exp-materials/175.Pine_Warbler_5_4.jpeg", "user_decision": "YES", "user_id": "ctd0037-t4y7krec", "is_user_correct": true}, {"top1-label": "White crowned Sparrow", "top1-score": 0.5723037123680115, "question": "Sam guessed the Input image is 57% White crowned Sparrow. Is it White crowned Sparrow?", "Accept/Reject": true, "type": "topK", "image-path": "./data/topK-exp-materials/132.White_crowned_Sparrow_24_1.jpeg", "user_decision": "YES", "user_id": "ctd0037-t4y7krec", "is_user_correct": true}, {"top1-label": "Red faced Cormorant", "top1-score": 0.9338602423667908, "question": "Sam guessed the Input image is 93% Red faced Cormorant. Is it Red faced Cormorant?", "Accept/Reject": false, "type": "topK", "image-path": "./data/topK-exp-materials/025.Pelagic_Cormorant_206_2.jpeg", "user_decision": "NO", "user_id": "ctd0037-t4y7krec", "is_user_correct": true}, {"top1-label": "American Crow", "top1-score": 0.07322628051042557, "question": "Sam guessed the Input image is 7% American Crow. Is it American Crow?", "Accept/Reject": false, "type": "topK", "image-path": "./data/topK-exp-materials/107.Common_Raven_204_2.jpeg", "user_decision": "YES", "user_id": "ctd0037-t4y7krec", "is_user_correct": false}, {"top1-label": "Glaucous winged Gull", "top1-score": 0.011445143260061741, "question": "Sam guessed the Input image is 1% Glaucous winged Gull. Is it Glaucous winged Gull?", "Accept/Reject": false, "type": "topK", "image-path": "./data/topK-exp-materials/045.Northern_Fulmar_224_7.jpeg", "user_decision": "NO", "user_id": "ctd0037-t4y7krec", "is_user_correct": true}, {"top1-label": "Vermilion Flycatcher", "top1-score": 0.9947752356529236, "question": "Sam guessed the Input image is 99% Vermilion Flycatcher. Is it Vermilion Flycatcher?", "Accept/Reject": true, "type": "topK", "image-path": "./data/topK-exp-materials/042.Vermilion_Flycatcher_42_1.jpeg", "user_decision": "YES", "user_id": "ctd0037-t4y7krec", "is_user_correct": true}, {"top1-label": "Least Flycatcher", "top1-score": 0.9878522157669067, "question": "Sam guessed the Input image is 98% Least Flycatcher. Is it Least Flycatcher?", "Accept/Reject": true, "type": "topK", "image-path": "./data/topK-exp-materials/039.Least_Flycatcher_9_0.jpeg", "user_decision": "NO", "user_id": "ctd0037-t4y7krec", "is_user_correct": false}, {"top1-label": "Tropical Kingbird", "top1-score": 0.9948203563690186, "question": "Sam guessed the Input image is 99% Tropical Kingbird. Is it Tropical Kingbird?", "Accept/Reject": true, "type": "topK", "image-path": "./data/topK-exp-materials/077.Tropical_Kingbird_30_0.jpeg", "user_decision": "NO", "user_id": "ctd0037-t4y7krec", "is_user_correct": false}, {"top1-label": "Pacific Loon", "top1-score": 0.9989774227142334, "question": "Sam guessed the Input image is 99% Pacific Loon. Is it Pacific Loon?", "Accept/Reject": true, "type": "topK", "image-path": "./data/topK-exp-materials/086.Pacific_Loon_41_3.jpeg", "user_decision": "YES", "user_id": "ctd0037-t4y7krec", "is_user_correct": true}, {"top1-label": "Scott Oriole", "top1-score": 0.7220855355262756, "question": "Sam guessed the Input image is 72% Scott Oriole. Is it Scott Oriole?", "Accept/Reject": true, "type": "topK", "image-path": "./data/topK-exp-materials/098.Scott_Oriole_3_4.jpeg", "user_decision": "NO", "user_id": "ctd0037-t4y7krec", "is_user_correct": false}, {"top1-label": "Red bellied Woodpecker", "top1-score": 0.9989678859710693, "question": "Sam guessed the Input image is 99% Red bellied Woodpecker. Is it Red bellied Woodpecker?", "Accept/Reject": true, "type": "topK", "image-path": "./data/topK-exp-materials/189.Red_bellied_Woodpecker_2_7.jpeg", "user_decision": "YES", "user_id": "ctd0037-t4y7krec", "is_user_correct": true}, {"top1-label": "Baird Sparrow", "top1-score": 0.3543487787246704, "question": "Sam guessed the Input image is 35% Baird Sparrow. Is it Baird Sparrow?", "Accept/Reject": false, "type": "topK", "image-path": "./data/topK-exp-materials/123.Henslow_Sparrow_93_7.jpeg", "user_decision": "YES", "user_id": "ctd0037-t4y7krec", "is_user_correct": false}]}