{"user_id": "gwh0014-kixm82kg", "time": 1706111689, "history": [{"top1-label": "Baird Sparrow", "top1-score": 0.3543487787246704, "question": "Sam guessed the Input image is 35% Baird Sparrow. Is it Baird Sparrow?", "Accept/Reject": false, "type": "top1", "image-path": "./data/top1-exp-materials/123.Henslow_Sparrow_93_7.jpeg", "user_decision": "YES", "user_id": "gwh0014-kixm82kg", "is_user_correct": false}, {"top1-label": "Western Gull", "top1-score": 0.44379889965057373, "question": "Sam guessed the Input image is 44% Western Gull. Is it Western Gull?", "Accept/Reject": false, "type": "top1", "image-path": "./data/top1-exp-materials/059.California_Gull_73_7.jpeg", "user_decision": "YES", "user_id": "gwh0014-kixm82kg", "is_user_correct": false}, {"top1-label": "Gray Kingbird", "top1-score": 0.22022730112075806, "question": "Sam guessed the Input image is 22% Gray Kingbird. Is it Gray Kingbird?", "Accept/Reject": false, "type": "top1", "image-path": "./data/top1-exp-materials/091.Mockingbird_292_1.jpeg", "user_decision": "YES", "user_id": "gwh0014-kixm82kg", "is_user_correct": false}, {"top1-label": "Rufous Hummingbird", "top1-score": 0.13453277945518494, "question": "Sam guessed the Input image is 13% Rufous Hummingbird. Is it Rufous Hummingbird?", "Accept/Reject": false, "type": "top1", "image-path": "./data/top1-exp-materials/197.Marsh_Wren_140_1.jpeg", "user_decision": "NO", "user_id": "gwh0014-kixm82kg", "is_user_correct": true}, {"top1-label": "Baird Sparrow", "top1-score": 0.00925333984196186, "question": "Sam guessed the Input image is 0% Baird Sparrow. Is it Baird Sparrow?", "Accept/Reject": false, "type": "top1", "image-path": "./data/top1-exp-materials/127.Savannah_Sparrow_81_7.jpeg", "user_decision": "YES", "user_id": "gwh0014-kixm82kg", "is_user_correct": false}, {"top1-label": "Northern Fulmar", "top1-score": 0.6770517230033875, "question": "Sam guessed the Input image is 67% Northern Fulmar. Is it Northern Fulmar?", "Accept/Reject": false, "type": "top1", "image-path": "./data/top1-exp-materials/045.Northern_Fulmar_224_6.jpeg", "user_decision": "YES", "user_id": "gwh0014-kixm82kg", "is_user_correct": false}, {"top1-label": "Henslow Sparrow", "top1-score": 0.040887415409088135, "question": "Sam guessed the Input image is 4% Henslow Sparrow. Is it Henslow Sparrow?", "Accept/Reject": false, "type": "top1", "image-path": "./data/top1-exp-materials/123.Henslow_Sparrow_133_4.jpeg", "user_decision": "YES", "user_id": "gwh0014-kixm82kg", "is_user_correct": false}, {"top1-label": "Black Tern", "top1-score": 0.9987469911575317, "question": "Sam guessed the Input image is 99% Black Tern. Is it Black Tern?", "Accept/Reject": true, "type": "top1", "image-path": "./data/top1-exp-materials/142.Black_Tern_32_4.jpeg", "user_decision": "YES", "user_id": "gwh0014-kixm82kg", "is_user_correct": true}, {"top1-label": "Hooded Oriole", "top1-score": 0.9885130524635315, "question": "Sam guessed the Input image is 98% Hooded Oriole. Is it Hooded Oriole?", "Accept/Reject": true, "type": "top1", "image-path": "./data/top1-exp-materials/096.Hooded_Oriole_24_6.jpeg", "user_decision": "YES", "user_id": "gwh0014-kixm82kg", "is_user_correct": true}, {"top1-label": "Cedar Waxwing", "top1-score": 0.9406032562255859, "question": "Sam guessed the Input image is 94% Cedar Waxwing. Is it Cedar Waxwing?", "Accept/Reject": true, "type": "top1", "image-path": "./data/top1-exp-materials/186.Cedar_Waxwing_2_4.jpeg", "user_decision": "YES", "user_id": "gwh0014-kixm82kg", "is_user_correct": true}, {"top1-label": "Common Tern", "top1-score": 0.9897343516349792, "question": "Sam guessed the Input image is 98% Common Tern. Is it Common Tern?", "Accept/Reject": false, "type": "top1", "image-path": "./data/top1-exp-materials/146.Forsters_Tern_40_2.jpeg", "user_decision": "YES", "user_id": "gwh0014-kixm82kg", "is_user_correct": false}, {"top1-label": "Pied Kingfisher", "top1-score": 0.999707043170929, "question": "Sam guessed the Input image is 99% Pied Kingfisher. Is it Pied Kingfisher?", "Accept/Reject": true, "type": "top1", "image-path": "./data/top1-exp-materials/081.Pied_Kingfisher_1_7.jpeg", "user_decision": "YES", "user_id": "gwh0014-kixm82kg", "is_user_correct": true}, {"top1-label": "White breasted Nuthatch", "top1-score": 0.060673486441373825, "question": "Sam guessed the Input image is 6% White breasted Nuthatch. Is it White breasted Nuthatch?", "Accept/Reject": false, "type": "top1", "image-path": "./data/top1-exp-materials/152.Blue_headed_Vireo_268_1.jpeg", "user_decision": "NO", "user_id": "gwh0014-kixm82kg", "is_user_correct": true}, {"top1-label": "Olive sided Flycatcher", "top1-score": 0.8569202423095703, "question": "Sam guessed the Input image is 85% Olive sided Flycatcher. Is it Olive sided Flycatcher?", "Accept/Reject": false, "type": "top1", "image-path": "./data/top1-exp-materials/102.Western_Wood_Pewee_22_3.jpeg", "user_decision": "YES", "user_id": "gwh0014-kixm82kg", "is_user_correct": false}, {"top1-label": "Loggerhead Shrike", "top1-score": 0.2981569170951843, "question": "Sam guessed the Input image is 29% Loggerhead Shrike. Is it Loggerhead Shrike?", "Accept/Reject": false, "type": "top1", "image-path": "./data/top1-exp-materials/112.Great_Grey_Shrike_287_5.jpeg", "user_decision": "YES", "user_id": "gwh0014-kixm82kg", "is_user_correct": false}, {"top1-label": "Loggerhead Shrike", "top1-score": 0.3784658908843994, "question": "Sam guessed the Input image is 37% Loggerhead Shrike. Is it Loggerhead Shrike?", "Accept/Reject": false, "type": "top1", "image-path": "./data/top1-exp-materials/112.Great_Grey_Shrike_137_3.jpeg", "user_decision": "YES", "user_id": "gwh0014-kixm82kg", "is_user_correct": false}, {"top1-label": "Purple Finch", "top1-score": 0.002174902008846402, "question": "Sam guessed the Input image is 0% Purple Finch. Is it Purple Finch?", "Accept/Reject": false, "type": "top1", "image-path": "./data/top1-exp-materials/027.Shiny_Cowbird_81_2.jpeg", "user_decision": "NO", "user_id": "gwh0014-kixm82kg", "is_user_correct": true}, {"top1-label": "Grasshopper Sparrow", "top1-score": 0.09094677865505219, "question": "Sam guessed the Input image is 9% Grasshopper Sparrow. Is it Grasshopper Sparrow?", "Accept/Reject": false, "type": "top1", "image-path": "./data/top1-exp-materials/117.Clay_colored_Sparrow_245_3.jpeg", "user_decision": "YES", "user_id": "gwh0014-kixm82kg", "is_user_correct": false}, {"top1-label": "Least Flycatcher", "top1-score": 0.594859778881073, "question": "Sam guessed the Input image is 59% Least Flycatcher. Is it Least Flycatcher?", "Accept/Reject": true, "type": "top1", "image-path": "./data/top1-exp-materials/039.Least_Flycatcher_32_5.jpeg", "user_decision": "YES", "user_id": "gwh0014-kixm82kg", "is_user_correct": true}, {"top1-label": "Caspian Tern", "top1-score": 0.3273080289363861, "question": "Sam guessed the Input image is 32% Caspian Tern. Is it Caspian Tern?", "Accept/Reject": false, "type": "top1", "image-path": "./data/top1-exp-materials/145.Elegant_Tern_11_3.jpeg", "user_decision": "NO", "user_id": "gwh0014-kixm82kg", "is_user_correct": true}, {"top1-label": "Blue headed Vireo", "top1-score": 0.23168523609638214, "question": "Sam guessed the Input image is 23% Blue headed Vireo. Is it Blue headed Vireo?", "Accept/Reject": false, "type": "top1", "image-path": "./data/top1-exp-materials/109.American_Redstart_6_0.jpeg", "user_decision": "YES", "user_id": "gwh0014-kixm82kg", "is_user_correct": false}, {"top1-label": "Northern Waterthrush", "top1-score": 0.963862419128418, "question": "Sam guessed the Input image is 96% Northern Waterthrush. Is it Northern Waterthrush?", "Accept/Reject": true, "type": "top1", "image-path": "./data/top1-exp-materials/183.Northern_Waterthrush_34_2.jpeg", "user_decision": "YES", "user_id": "gwh0014-kixm82kg", "is_user_correct": true}, {"top1-label": "Painted Bunting", "top1-score": 0.09614142775535583, "question": "Sam guessed the Input image is 9% Painted Bunting. Is it Painted Bunting?", "Accept/Reject": false, "type": "top1", "image-path": "./data/top1-exp-materials/134.Cape_Glossy_Starling_181_5.jpeg", "user_decision": "YES", "user_id": "gwh0014-kixm82kg", "is_user_correct": false}, {"top1-label": "Orchard Oriole", "top1-score": 0.01770409569144249, "question": "Sam guessed the Input image is 1% Orchard Oriole. Is it Orchard Oriole?", "Accept/Reject": false, "type": "top1", "image-path": "./data/top1-exp-materials/098.Scott_Oriole_111_1.jpeg", "user_decision": "YES", "user_id": "gwh0014-kixm82kg", "is_user_correct": false}, {"top1-label": "Warbling Vireo", "top1-score": 0.15838178992271423, "question": "Sam guessed the Input image is 15% Warbling Vireo. Is it Warbling Vireo?", "Accept/Reject": false, "type": "top1", "image-path": "./data/top1-exp-materials/179.Tennessee_Warbler_205_3.jpeg", "user_decision": "YES", "user_id": "gwh0014-kixm82kg", "is_user_correct": false}, {"top1-label": "Fish Crow", "top1-score": 0.42843756079673767, "question": "Sam guessed the Input image is 42% Fish Crow. Is it Fish Crow?", "Accept/Reject": false, "type": "top1", "image-path": "./data/top1-exp-materials/029.American_Crow_39_4.jpeg", "user_decision": "YES", "user_id": "gwh0014-kixm82kg", "is_user_correct": false}, {"top1-label": "Indigo Bunting", "top1-score": 0.995785653591156, "question": "Sam guessed the Input image is 99% Indigo Bunting. Is it Indigo Bunting?", "Accept/Reject": true, "type": "top1", "image-path": "./data/top1-exp-materials/014.Indigo_Bunting_32_2.jpeg", "user_decision": "YES", "user_id": "gwh0014-kixm82kg", "is_user_correct": true}, {"top1-label": "Ovenbird", "top1-score": 0.9990108013153076, "question": "Sam guessed the Input image is 99% Ovenbird. Is it Ovenbird?", "Accept/Reject": true, "type": "top1", "image-path": "./data/top1-exp-materials/099.Ovenbird_35_6.jpeg", "user_decision": "YES", "user_id": "gwh0014-kixm82kg", "is_user_correct": true}, {"top1-label": "Western Meadowlark", "top1-score": 0.9988942742347717, "question": "Sam guessed the Input image is 99% Western Meadowlark. Is it Western Meadowlark?", "Accept/Reject": true, "type": "top1", "image-path": "./data/top1-exp-materials/088.Western_Meadowlark_15_4.jpeg", "user_decision": "YES", "user_id": "gwh0014-kixm82kg", "is_user_correct": true}, {"top1-label": "American Pipit", "top1-score": 0.9634500741958618, "question": "Sam guessed the Input image is 96% American Pipit. Is it American Pipit?", "Accept/Reject": true, "type": "top1", "image-path": "./data/top1-exp-materials/104.American_Pipit_25_7.jpeg", "user_decision": "YES", "user_id": "gwh0014-kixm82kg", "is_user_correct": false}]}