{"user_id": "pricekg-vk7139pt", "time": 1706213975, "history": [{"top1-label": "Warbling Vireo", "top1-score": 0.7512499690055847, "question": "Sam guessed the Input image is 75% Warbling Vireo. Is it Warbling Vireo?", "Accept/Reject": false, "type": "top1", "image-path": "./data/top1-exp-materials/155.Warbling_Vireo_37_3.jpeg", "user_decision": "YES", "user_id": "pricekg-vk7139pt", "is_user_correct": false}, {"top1-label": "Sayornis", "top1-score": 0.3616830110549927, "question": "Sam guessed the Input image is 36% Sayornis. Is it Sayornis?", "Accept/Reject": true, "type": "top1", "image-path": "./data/top1-exp-materials/103.Sayornis_4_1.jpeg", "user_decision": "YES", "user_id": "pricekg-vk7139pt", "is_user_correct": true}, {"top1-label": "Carolina Wren", "top1-score": 0.5807691216468811, "question": "Sam guessed the Input image is 58% Carolina Wren. Is it Carolina Wren?", "Accept/Reject": false, "type": "top1", "image-path": "./data/top1-exp-materials/193.Bewick_Wren_52_6.jpeg", "user_decision": "YES", "user_id": "pricekg-vk7139pt", "is_user_correct": false}, {"top1-label": "Great Grey Shrike", "top1-score": 0.8823515176773071, "question": "Sam guessed the Input image is 88% Great Grey Shrike. Is it Great Grey Shrike?", "Accept/Reject": false, "type": "top1", "image-path": "./data/top1-exp-materials/111.Loggerhead_Shrike_305_1.jpeg", "user_decision": "YES", "user_id": "pricekg-vk7139pt", "is_user_correct": false}, {"top1-label": "Ivory Gull", "top1-score": 0.9943865537643433, "question": "Sam guessed the Input image is 99% Ivory Gull. Is it Ivory Gull?", "Accept/Reject": true, "type": "top1", "image-path": "./data/top1-exp-materials/063.Ivory_Gull_30_4.jpeg", "user_decision": "YES", "user_id": "pricekg-vk7139pt", "is_user_correct": true}, {"top1-label": "Yellow billed Cuckoo", "top1-score": 0.9961761832237244, "question": "Sam guessed the Input image is 99% Yellow billed Cuckoo. Is it Yellow billed Cuckoo?", "Accept/Reject": true, "type": "top1", "image-path": "./data/top1-exp-materials/033.Yellow_billed_Cuckoo_41_7.jpeg", "user_decision": "YES", "user_id": "pricekg-vk7139pt", "is_user_correct": true}, {"top1-label": "Lazuli Bunting", "top1-score": 0.9999699592590332, "question": "Sam guessed the Input image is 99% Lazuli Bunting. Is it Lazuli Bunting?", "Accept/Reject": true, "type": "top1", "image-path": "./data/top1-exp-materials/015.Lazuli_Bunting_17_7.jpeg", "user_decision": "YES", "user_id": "pricekg-vk7139pt", "is_user_correct": true}, {"top1-label": "Yellow breasted Chat", "top1-score": 0.9372482895851135, "question": "Sam guessed the Input image is 93% Yellow breasted Chat. Is it Yellow breasted Chat?", "Accept/Reject": true, "type": "top1", "image-path": "./data/top1-exp-materials/020.Yellow_breasted_Chat_17_0.jpeg", "user_decision": "YES", "user_id": "pricekg-vk7139pt", "is_user_correct": true}, {"top1-label": "Pomarine Jaeger", "top1-score": 0.15239176154136658, "question": "Sam guessed the Input image is 15% Pomarine Jaeger. Is it Pomarine Jaeger?", "Accept/Reject": false, "type": "top1", "image-path": "./data/top1-exp-materials/086.Pacific_Loon_203_3.jpeg", "user_decision": "YES", "user_id": "pricekg-vk7139pt", "is_user_correct": false}, {"top1-label": "Herring Gull", "top1-score": 0.4243634343147278, "question": "Sam guessed the Input image is 42% Herring Gull. Is it Herring Gull?", "Accept/Reject": true, "type": "top1", "image-path": "./data/top1-exp-materials/062.Herring_Gull_29_4.jpeg", "user_decision": "YES", "user_id": "pricekg-vk7139pt", "is_user_correct": true}, {"top1-label": "Ruby throated Hummingbird", "top1-score": 0.5668950080871582, "question": "Sam guessed the Input image is 56% Ruby throated Hummingbird. Is it Ruby throated Hummingbird?", "Accept/Reject": true, "type": "top1", "image-path": "./data/top1-exp-materials/068.Ruby_throated_Hummingbird_21_4.jpeg", "user_decision": "YES", "user_id": "pricekg-vk7139pt", "is_user_correct": true}, {"top1-label": "Cedar Waxwing", "top1-score": 0.9306260347366333, "question": "Sam guessed the Input image is 93% Cedar Waxwing. Is it Cedar Waxwing?", "Accept/Reject": true, "type": "top1", "image-path": "./data/top1-exp-materials/186.Cedar_Waxwing_14_2.jpeg", "user_decision": "YES", "user_id": "pricekg-vk7139pt", "is_user_correct": true}, {"top1-label": "Black capped Vireo", "top1-score": 0.9955455660820007, "question": "Sam guessed the Input image is 99% Black capped Vireo. Is it Black capped Vireo?", "Accept/Reject": true, "type": "top1", "image-path": "./data/top1-exp-materials/151.Black_capped_Vireo_32_1.jpeg", "user_decision": "YES", "user_id": "pricekg-vk7139pt", "is_user_correct": true}, {"top1-label": "White necked Raven", "top1-score": 0.036096569150686264, "question": "Sam guessed the Input image is 3% White necked Raven. Is it White necked Raven?", "Accept/Reject": false, "type": "top1", "image-path": "./data/top1-exp-materials/108.White_necked_Raven_232_2.jpeg", "user_decision": "YES", "user_id": "pricekg-vk7139pt", "is_user_correct": false}, {"top1-label": "California Gull", "top1-score": 0.4884081184864044, "question": "Sam guessed the Input image is 48% California Gull. Is it California Gull?", "Accept/Reject": true, "type": "top1", "image-path": "./data/top1-exp-materials/059.California_Gull_6_5.jpeg", "user_decision": "YES", "user_id": "pricekg-vk7139pt", "is_user_correct": true}, {"top1-label": "Olive sided Flycatcher", "top1-score": 0.4651888310909271, "question": "Sam guessed the Input image is 46% Olive sided Flycatcher. Is it Olive sided Flycatcher?", "Accept/Reject": false, "type": "top1", "image-path": "./data/top1-exp-materials/102.Western_Wood_Pewee_87_1.jpeg", "user_decision": "YES", "user_id": "pricekg-vk7139pt", "is_user_correct": false}, {"top1-label": "Eared Grebe", "top1-score": 0.3727690577507019, "question": "Sam guessed the Input image is 37% Eared Grebe. Is it Eared Grebe?", "Accept/Reject": true, "type": "top1", "image-path": "./data/top1-exp-materials/050.Eared_Grebe_2_5.jpeg", "user_decision": "YES", "user_id": "pricekg-vk7139pt", "is_user_correct": true}, {"top1-label": "Lazuli Bunting", "top1-score": 0.42040494084358215, "question": "Sam guessed the Input image is 42% Lazuli Bunting. Is it Lazuli Bunting?", "Accept/Reject": false, "type": "top1", "image-path": "./data/top1-exp-materials/198.Rock_Wren_0_1.jpeg", "user_decision": "NO", "user_id": "pricekg-vk7139pt", "is_user_correct": true}, {"top1-label": "Vesper Sparrow", "top1-score": 0.9683300852775574, "question": "Sam guessed the Input image is 96% Vesper Sparrow. Is it Vesper Sparrow?", "Accept/Reject": false, "type": "top1", "image-path": "./data/top1-exp-materials/113.Baird_Sparrow_192_3.jpeg", "user_decision": "YES", "user_id": "pricekg-vk7139pt", "is_user_correct": false}, {"top1-label": "American Crow", "top1-score": 0.17481288313865662, "question": "Sam guessed the Input image is 17% American Crow. Is it American Crow?", "Accept/Reject": true, "type": "top1", "image-path": "./data/top1-exp-materials/029.American_Crow_0_3.jpeg", "user_decision": "YES", "user_id": "pricekg-vk7139pt", "is_user_correct": true}, {"top1-label": "Prothonotary Warbler", "top1-score": 0.7448427677154541, "question": "Sam guessed the Input image is 74% Prothonotary Warbler. Is it Prothonotary Warbler?", "Accept/Reject": true, "type": "top1", "image-path": "./data/top1-exp-materials/161.Blue_winged_Warbler_5_3.jpeg", "user_decision": "YES", "user_id": "pricekg-vk7139pt", "is_user_correct": true}, {"top1-label": "Wilson Warbler", "top1-score": 0.5873866081237793, "question": "Sam guessed the Input image is 58% Wilson Warbler. Is it Wilson Warbler?", "Accept/Reject": false, "type": "top1", "image-path": "./data/top1-exp-materials/167.Hooded_Warbler_149_2.jpeg", "user_decision": "YES", "user_id": "pricekg-vk7139pt", "is_user_correct": false}, {"top1-label": "Worm eating Warbler", "top1-score": 0.9706174731254578, "question": "Sam guessed the Input image is 97% Worm eating Warbler. Is it Worm eating Warbler?", "Accept/Reject": true, "type": "top1", "image-path": "./data/top1-exp-materials/181.Worm_eating_Warbler_41_6.jpeg", "user_decision": "YES", "user_id": "pricekg-vk7139pt", "is_user_correct": true}, {"top1-label": "Sayornis", "top1-score": 0.3378506004810333, "question": "Sam guessed the Input image is 33% Sayornis. Is it Sayornis?", "Accept/Reject": false, "type": "top1", "image-path": "./data/top1-exp-materials/102.Western_Wood_Pewee_22_5.jpeg", "user_decision": "YES", "user_id": "pricekg-vk7139pt", "is_user_correct": false}, {"top1-label": "Blue headed Vireo", "top1-score": 0.9502841830253601, "question": "Sam guessed the Input image is 95% Blue headed Vireo. Is it Blue headed Vireo?", "Accept/Reject": true, "type": "top1", "image-path": "./data/top1-exp-materials/152.Blue_headed_Vireo_16_5.jpeg", "user_decision": "YES", "user_id": "pricekg-vk7139pt", "is_user_correct": true}, {"top1-label": "Artic Tern", "top1-score": 0.172047421336174, "question": "Sam guessed the Input image is 17% Artic Tern. Is it Artic Tern?", "Accept/Reject": false, "type": "top1", "image-path": "./data/top1-exp-materials/141.Artic_Tern_208_0.jpeg", "user_decision": "YES", "user_id": "pricekg-vk7139pt", "is_user_correct": false}, {"top1-label": "Henslow Sparrow", "top1-score": 0.6396999359130859, "question": "Sam guessed the Input image is 63% Henslow Sparrow. Is it Henslow Sparrow?", "Accept/Reject": false, "type": "top1", "image-path": "./data/top1-exp-materials/123.Henslow_Sparrow_236_7.jpeg", "user_decision": "NO", "user_id": "pricekg-vk7139pt", "is_user_correct": true}, {"top1-label": "Nighthawk", "top1-score": 0.21802563965320587, "question": "Sam guessed the Input image is 21% Nighthawk. Is it Nighthawk?", "Accept/Reject": false, "type": "top1", "image-path": "./data/top1-exp-materials/194.Cactus_Wren_72_5.jpeg", "user_decision": "NO", "user_id": "pricekg-vk7139pt", "is_user_correct": true}, {"top1-label": "American Crow", "top1-score": 0.43209025263786316, "question": "Sam guessed the Input image is 43% American Crow. Is it American Crow?", "Accept/Reject": false, "type": "top1", "image-path": "./data/top1-exp-materials/029.American_Crow_259_5.jpeg", "user_decision": "YES", "user_id": "pricekg-vk7139pt", "is_user_correct": false}, {"top1-label": "White breasted Nuthatch", "top1-score": 0.9977145195007324, "question": "Sam guessed the Input image is 99% White breasted Nuthatch. Is it White breasted Nuthatch?", "Accept/Reject": true, "type": "top1", "image-path": "./data/top1-exp-materials/094.White_breasted_Nuthatch_15_5.jpeg", "user_decision": "YES", "user_id": "pricekg-vk7139pt", "is_user_correct": false}]}