{"user_id": "Arezzo-xa4fbbqs", "time": 1706062149, "history": [{"top1-label": "Sage Thrasher", "top1-score": 0.9968994855880737, "question": "Sam guessed the Input image is 99% Sage Thrasher. Is it Sage Thrasher?", "Accept/Reject": true, "type": "topK", "image-path": "./data/topK-exp-materials/150.Sage_Thrasher_9_2.jpeg", "user_decision": "YES", "user_id": "Arezzo-xa4fbbqs", "is_user_correct": true}, {"top1-label": "Brown Creeper", "top1-score": 0.9998107552528381, "question": "Sam guessed the Input image is 99% Brown Creeper. Is it Brown Creeper?", "Accept/Reject": true, "type": "topK", "image-path": "./data/topK-exp-materials/028.Brown_Creeper_33_3.jpeg", "user_decision": "YES", "user_id": "Arezzo-xa4fbbqs", "is_user_correct": true}, {"top1-label": "Gray Catbird", "top1-score": 0.9967394471168518, "question": "Sam guessed the Input image is 99% Gray Catbird. Is it Gray Catbird?", "Accept/Reject": true, "type": "topK", "image-path": "./data/topK-exp-materials/019.Gray_Catbird_28_3.jpeg", "user_decision": "NO", "user_id": "Arezzo-xa4fbbqs", "is_user_correct": false}, {"top1-label": "Florida Jay", "top1-score": 0.998314380645752, "question": "Sam guessed the Input image is 99% Florida Jay. Is it Florida Jay?", "Accept/Reject": true, "type": "topK", "image-path": "./data/topK-exp-materials/074.Florida_Jay_10_6.jpeg", "user_decision": "YES", "user_id": "Arezzo-xa4fbbqs", "is_user_correct": true}, {"top1-label": "Common Yellowthroat", "top1-score": 0.9981957077980042, "question": "Sam guessed the Input image is 99% Common Yellowthroat. Is it Common Yellowthroat?", "Accept/Reject": true, "type": "topK", "image-path": "./data/topK-exp-materials/200.Common_Yellowthroat_40_6.jpeg", "user_decision": "YES", "user_id": "Arezzo-xa4fbbqs", "is_user_correct": true}, {"top1-label": "Western Gull", "top1-score": 0.06889211386442184, "question": "Sam guessed the Input image is 6% Western Gull. Is it Western Gull?", "Accept/Reject": false, "type": "topK", "image-path": "./data/topK-exp-materials/065.Slaty_backed_Gull_24_4.jpeg", "user_decision": "YES", "user_id": "Arezzo-xa4fbbqs", "is_user_correct": false}, {"top1-label": "Yellow throated Vireo", "top1-score": 0.9833966493606567, "question": "Sam guessed the Input image is 98% Yellow throated Vireo. Is it Yellow throated Vireo?", "Accept/Reject": true, "type": "topK", "image-path": "./data/topK-exp-materials/157.Yellow_throated_Vireo_15_7.jpeg", "user_decision": "NO", "user_id": "Arezzo-xa4fbbqs", "is_user_correct": false}, {"top1-label": "Harris Sparrow", "top1-score": 0.16555559635162354, "question": "Sam guessed the Input image is 16% Harris Sparrow. Is it Harris Sparrow?", "Accept/Reject": false, "type": "topK", "image-path": "./data/topK-exp-materials/120.Fox_Sparrow_297_2.jpeg", "user_decision": "NO", "user_id": "Arezzo-xa4fbbqs", "is_user_correct": true}, {"top1-label": "Cedar Waxwing", "top1-score": 0.9306260347366333, "question": "Sam guessed the Input image is 93% Cedar Waxwing. Is it Cedar Waxwing?", "Accept/Reject": true, "type": "topK", "image-path": "./data/topK-exp-materials/186.Cedar_Waxwing_14_2.jpeg", "user_decision": "YES", "user_id": "Arezzo-xa4fbbqs", "is_user_correct": true}, {"top1-label": "Scott Oriole", "top1-score": 0.9998362064361572, "question": "Sam guessed the Input image is 99% Scott Oriole. Is it Scott Oriole?", "Accept/Reject": true, "type": "topK", "image-path": "./data/topK-exp-materials/098.Scott_Oriole_27_3.jpeg", "user_decision": "YES", "user_id": "Arezzo-xa4fbbqs", "is_user_correct": true}, {"top1-label": "Tropical Kingbird", "top1-score": 0.8988468050956726, "question": "Sam guessed the Input image is 89% Tropical Kingbird. Is it Tropical Kingbird?", "Accept/Reject": false, "type": "topK", "image-path": "./data/topK-exp-materials/038.Great_Crested_Flycatcher_117_6.jpeg", "user_decision": "YES", "user_id": "Arezzo-xa4fbbqs", "is_user_correct": false}, {"top1-label": "Slaty backed Gull", "top1-score": 0.21087761223316193, "question": "Sam guessed the Input image is 21% Slaty backed Gull. Is it Slaty backed Gull?", "Accept/Reject": false, "type": "topK", "image-path": "./data/topK-exp-materials/066.Western_Gull_97_5.jpeg", "user_decision": "NO", "user_id": "Arezzo-xa4fbbqs", "is_user_correct": true}, {"top1-label": "Herring Gull", "top1-score": 0.5163964033126831, "question": "Sam guessed the Input image is 51% Herring Gull. Is it Herring Gull?", "Accept/Reject": false, "type": "topK", "image-path": "./data/topK-exp-materials/059.California_Gull_119_6.jpeg", "user_decision": "NO", "user_id": "Arezzo-xa4fbbqs", "is_user_correct": true}, {"top1-label": "Nelson Sharp tailed Sparrow", "top1-score": 0.6647009253501892, "question": "Sam guessed the Input image is 66% Nelson Sharp tailed Sparrow. Is it Nelson Sharp tailed Sparrow?", "Accept/Reject": false, "type": "topK", "image-path": "./data/topK-exp-materials/126.Nelson_Sharp_tailed_Sparrow_238_3.jpeg", "user_decision": "NO", "user_id": "Arezzo-xa4fbbqs", "is_user_correct": true}, {"top1-label": "American Crow", "top1-score": 0.5761914849281311, "question": "Sam guessed the Input image is 57% American Crow. Is it American Crow?", "Accept/Reject": false, "type": "topK", "image-path": "./data/topK-exp-materials/030.Fish_Crow_228_2.jpeg", "user_decision": "YES", "user_id": "Arezzo-xa4fbbqs", "is_user_correct": false}, {"top1-label": "Red bellied Woodpecker", "top1-score": 0.9989678859710693, "question": "Sam guessed the Input image is 99% Red bellied Woodpecker. Is it Red bellied Woodpecker?", "Accept/Reject": true, "type": "topK", "image-path": "./data/topK-exp-materials/189.Red_bellied_Woodpecker_2_7.jpeg", "user_decision": "YES", "user_id": "Arezzo-xa4fbbqs", "is_user_correct": true}, {"top1-label": "American Crow", "top1-score": 0.4164113700389862, "question": "Sam guessed the Input image is 41% American Crow. Is it American Crow?", "Accept/Reject": false, "type": "topK", "image-path": "./data/topK-exp-materials/107.Common_Raven_46_1.jpeg", "user_decision": "YES", "user_id": "Arezzo-xa4fbbqs", "is_user_correct": false}, {"top1-label": "Great Grey Shrike", "top1-score": 0.5692707896232605, "question": "Sam guessed the Input image is 56% Great Grey Shrike. Is it Great Grey Shrike?", "Accept/Reject": false, "type": "topK", "image-path": "./data/topK-exp-materials/111.Loggerhead_Shrike_79_2.jpeg", "user_decision": "NO", "user_id": "Arezzo-xa4fbbqs", "is_user_correct": true}, {"top1-label": "Northern Flicker", "top1-score": 0.9933249950408936, "question": "Sam guessed the Input image is 99% Northern Flicker. Is it Northern Flicker?", "Accept/Reject": true, "type": "topK", "image-path": "./data/topK-exp-materials/036.Northern_Flicker_34_1.jpeg", "user_decision": "NO", "user_id": "Arezzo-xa4fbbqs", "is_user_correct": false}, {"top1-label": "Philadelphia Vireo", "top1-score": 0.076029933989048, "question": "Sam guessed the Input image is 7% Philadelphia Vireo. Is it Philadelphia Vireo?", "Accept/Reject": false, "type": "topK", "image-path": "./data/topK-exp-materials/179.Tennessee_Warbler_271_2.jpeg", "user_decision": "YES", "user_id": "Arezzo-xa4fbbqs", "is_user_correct": false}, {"top1-label": "Common Tern", "top1-score": 0.10829661041498184, "question": "Sam guessed the Input image is 10% Common Tern. Is it Common Tern?", "Accept/Reject": false, "type": "topK", "image-path": "./data/topK-exp-materials/141.Artic_Tern_67_0.jpeg", "user_decision": "NO", "user_id": "Arezzo-xa4fbbqs", "is_user_correct": true}, {"top1-label": "White breasted Nuthatch", "top1-score": 0.060673486441373825, "question": "Sam guessed the Input image is 6% White breasted Nuthatch. Is it White breasted Nuthatch?", "Accept/Reject": false, "type": "topK", "image-path": "./data/topK-exp-materials/152.Blue_headed_Vireo_268_1.jpeg", "user_decision": "NO", "user_id": "Arezzo-xa4fbbqs", "is_user_correct": true}, {"top1-label": "American Crow", "top1-score": 0.17481288313865662, "question": "Sam guessed the Input image is 17% American Crow. Is it American Crow?", "Accept/Reject": true, "type": "topK", "image-path": "./data/topK-exp-materials/029.American_Crow_0_3.jpeg", "user_decision": "NO", "user_id": "Arezzo-xa4fbbqs", "is_user_correct": false}, {"top1-label": "Brewer Blackbird", "top1-score": 0.07425613701343536, "question": "Sam guessed the Input image is 7% Brewer Blackbird. Is it Brewer Blackbird?", "Accept/Reject": true, "type": "topK", "image-path": "./data/topK-exp-materials/009.Brewer_Blackbird_37_6.jpeg", "user_decision": "YES", "user_id": "Arezzo-xa4fbbqs", "is_user_correct": true}, {"top1-label": "American Pipit", "top1-score": 0.9962766170501709, "question": "Sam guessed the Input image is 99% American Pipit. Is it American Pipit?", "Accept/Reject": true, "type": "topK", "image-path": "./data/topK-exp-materials/104.American_Pipit_37_5.jpeg", "user_decision": "YES", "user_id": "Arezzo-xa4fbbqs", "is_user_correct": true}, {"top1-label": "Artic Tern", "top1-score": 0.9293242692947388, "question": "Sam guessed the Input image is 92% Artic Tern. Is it Artic Tern?", "Accept/Reject": false, "type": "topK", "image-path": "./data/topK-exp-materials/144.Common_Tern_110_5.jpeg", "user_decision": "NO", "user_id": "Arezzo-xa4fbbqs", "is_user_correct": true}, {"top1-label": "Elegant Tern", "top1-score": 0.8986546397209167, "question": "Sam guessed the Input image is 89% Elegant Tern. Is it Elegant Tern?", "Accept/Reject": false, "type": "topK", "image-path": "./data/topK-exp-materials/143.Caspian_Tern_302_3.jpeg", "user_decision": "NO", "user_id": "Arezzo-xa4fbbqs", "is_user_correct": true}, {"top1-label": "Henslow Sparrow", "top1-score": 0.4842006266117096, "question": "Sam guessed the Input image is 48% Henslow Sparrow. Is it Henslow Sparrow?", "Accept/Reject": true, "type": "topK", "image-path": "./data/topK-exp-materials/123.Henslow_Sparrow_25_4.jpeg", "user_decision": "NO", "user_id": "Arezzo-xa4fbbqs", "is_user_correct": false}, {"top1-label": "Olive sided Flycatcher", "top1-score": 0.8569202423095703, "question": "Sam guessed the Input image is 85% Olive sided Flycatcher. Is it Olive sided Flycatcher?", "Accept/Reject": false, "type": "topK", "image-path": "./data/topK-exp-materials/102.Western_Wood_Pewee_22_3.jpeg", "user_decision": "NO", "user_id": "Arezzo-xa4fbbqs", "is_user_correct": true}, {"top1-label": "Philadelphia Vireo", "top1-score": 0.5857516527175903, "question": "Sam guessed the Input image is 58% Philadelphia Vireo. Is it Philadelphia Vireo?", "Accept/Reject": false, "type": "topK", "image-path": "./data/topK-exp-materials/154.Red_eyed_Vireo_295_0.jpeg", "user_decision": "YES", "user_id": "Arezzo-xa4fbbqs", "is_user_correct": false}]}