{"user_id": "cbn0006-ny4dyic4", "time": 1706153946, "history": [{"top1-label": "Red breasted Merganser", "top1-score": 0.0022894993890076876, "question": "Sam guessed the Input image is 0% Red breasted Merganser. Is it Red breasted Merganser?", "Accept/Reject": false, "type": "topK", "image-path": "./data/topK-exp-materials/089.Hooded_Merganser_212_2.jpeg", "user_decision": "NO", "user_id": "cbn0006-ny4dyic4", "is_user_correct": true}, {"top1-label": "Pigeon Guillemot", "top1-score": 0.012004350312054157, "question": "Sam guessed the Input image is 1% Pigeon Guillemot. Is it Pigeon Guillemot?", "Accept/Reject": false, "type": "topK", "image-path": "./data/topK-exp-materials/071.Long_tailed_Jaeger_285_5.jpeg", "user_decision": "NO", "user_id": "cbn0006-ny4dyic4", "is_user_correct": true}, {"top1-label": "Green Violetear", "top1-score": 0.9968419075012207, "question": "Sam guessed the Input image is 99% Green Violetear. Is it Green Violetear?", "Accept/Reject": true, "type": "topK", "image-path": "./data/topK-exp-materials/070.Green_Violetear_9_3.jpeg", "user_decision": "YES", "user_id": "cbn0006-ny4dyic4", "is_user_correct": true}, {"top1-label": "Pomarine Jaeger", "top1-score": 0.02435576356947422, "question": "Sam guessed the Input image is 2% Pomarine Jaeger. Is it Pomarine Jaeger?", "Accept/Reject": false, "type": "topK", "image-path": "./data/topK-exp-materials/005.Crested_Auklet_206_6.jpeg", "user_decision": "NO", "user_id": "cbn0006-ny4dyic4", "is_user_correct": true}, {"top1-label": "Forsters Tern", "top1-score": 0.8702758550643921, "question": "Sam guessed the Input image is 87% Forsters Tern. Is it Forsters Tern?", "Accept/Reject": true, "type": "topK", "image-path": "./data/topK-exp-materials/146.Forsters_Tern_38_0.jpeg", "user_decision": "YES", "user_id": "cbn0006-ny4dyic4", "is_user_correct": true}, {"top1-label": "Chuck will Widow", "top1-score": 0.9993151426315308, "question": "Sam guessed the Input image is 99% Chuck will Widow. Is it Chuck will Widow?", "Accept/Reject": true, "type": "topK", "image-path": "./data/topK-exp-materials/022.Chuck_will_Widow_23_2.jpeg", "user_decision": "YES", "user_id": "cbn0006-ny4dyic4", "is_user_correct": true}, {"top1-label": "Red breasted Merganser", "top1-score": 0.018509237095713615, "question": "Sam guessed the Input image is 1% Red breasted Merganser. Is it Red breasted Merganser?", "Accept/Reject": true, "type": "topK", "image-path": "./data/topK-exp-materials/090.Red_breasted_Merganser_9_5.jpeg", "user_decision": "NO", "user_id": "cbn0006-ny4dyic4", "is_user_correct": false}, {"top1-label": "Red breasted Merganser", "top1-score": 0.2328711450099945, "question": "Sam guessed the Input image is 23% Red breasted Merganser. Is it Red breasted Merganser?", "Accept/Reject": false, "type": "topK", "image-path": "./data/topK-exp-materials/089.Hooded_Merganser_310_4.jpeg", "user_decision": "NO", "user_id": "cbn0006-ny4dyic4", "is_user_correct": true}, {"top1-label": "Red bellied Woodpecker", "top1-score": 0.9978450536727905, "question": "Sam guessed the Input image is 99% Red bellied Woodpecker. Is it Red bellied Woodpecker?", "Accept/Reject": true, "type": "topK", "image-path": "./data/topK-exp-materials/189.Red_bellied_Woodpecker_11_5.jpeg", "user_decision": "YES", "user_id": "cbn0006-ny4dyic4", "is_user_correct": true}, {"top1-label": "Boat tailed Grackle", "top1-score": 0.9524627327919006, "question": "Sam guessed the Input image is 95% Boat tailed Grackle. Is it Boat tailed Grackle?", "Accept/Reject": false, "type": "topK", "image-path": "./data/topK-exp-materials/030.Fish_Crow_16_2.jpeg", "user_decision": "YES", "user_id": "cbn0006-ny4dyic4", "is_user_correct": false}, {"top1-label": "Prothonotary Warbler", "top1-score": 0.9965580105781555, "question": "Sam guessed the Input image is 99% Prothonotary Warbler. Is it Prothonotary Warbler?", "Accept/Reject": true, "type": "topK", "image-path": "./data/topK-exp-materials/177.Prothonotary_Warbler_42_0.jpeg", "user_decision": "YES", "user_id": "cbn0006-ny4dyic4", "is_user_correct": true}, {"top1-label": "Red bellied Woodpecker", "top1-score": 0.9929957389831543, "question": "Sam guessed the Input image is 99% Red bellied Woodpecker. Is it Red bellied Woodpecker?", "Accept/Reject": true, "type": "topK", "image-path": "./data/topK-exp-materials/189.Red_bellied_Woodpecker_3_1.jpeg", "user_decision": "YES", "user_id": "cbn0006-ny4dyic4", "is_user_correct": true}, {"top1-label": "Western Gull", "top1-score": 0.22570593655109406, "question": "Sam guessed the Input image is 22% Western Gull. Is it Western Gull?", "Accept/Reject": false, "type": "topK", "image-path": "./data/topK-exp-materials/059.California_Gull_112_1.jpeg", "user_decision": "NO", "user_id": "cbn0006-ny4dyic4", "is_user_correct": true}, {"top1-label": "American Goldfinch", "top1-score": 0.9710090756416321, "question": "Sam guessed the Input image is 97% American Goldfinch. Is it American Goldfinch?", "Accept/Reject": false, "type": "topK", "image-path": "./data/topK-exp-materials/157.Yellow_throated_Vireo_12_1.jpeg", "user_decision": "YES", "user_id": "cbn0006-ny4dyic4", "is_user_correct": false}, {"top1-label": "Summer Tanager", "top1-score": 0.9942187070846558, "question": "Sam guessed the Input image is 99% Summer Tanager. Is it Summer Tanager?", "Accept/Reject": true, "type": "topK", "image-path": "./data/topK-exp-materials/140.Summer_Tanager_36_3.jpeg", "user_decision": "NO", "user_id": "cbn0006-ny4dyic4", "is_user_correct": false}, {"top1-label": "Common Tern", "top1-score": 0.10829661041498184, "question": "Sam guessed the Input image is 10% Common Tern. Is it Common Tern?", "Accept/Reject": false, "type": "topK", "image-path": "./data/topK-exp-materials/141.Artic_Tern_67_0.jpeg", "user_decision": "YES", "user_id": "cbn0006-ny4dyic4", "is_user_correct": false}, {"top1-label": "Vesper Sparrow", "top1-score": 0.2824588418006897, "question": "Sam guessed the Input image is 28% Vesper Sparrow. Is it Vesper Sparrow?", "Accept/Reject": false, "type": "topK", "image-path": "./data/topK-exp-materials/127.Savannah_Sparrow_62_7.jpeg", "user_decision": "NO", "user_id": "cbn0006-ny4dyic4", "is_user_correct": true}, {"top1-label": "Olive sided Flycatcher", "top1-score": 0.4651888310909271, "question": "Sam guessed the Input image is 46% Olive sided Flycatcher. Is it Olive sided Flycatcher?", "Accept/Reject": false, "type": "topK", "image-path": "./data/topK-exp-materials/102.Western_Wood_Pewee_87_1.jpeg", "user_decision": "NO", "user_id": "cbn0006-ny4dyic4", "is_user_correct": true}, {"top1-label": "Acadian Flycatcher", "top1-score": 0.17130696773529053, "question": "Sam guessed the Input image is 17% Acadian Flycatcher. Is it Acadian Flycatcher?", "Accept/Reject": false, "type": "topK", "image-path": "./data/topK-exp-materials/037.Acadian_Flycatcher_178_4.jpeg", "user_decision": "NO", "user_id": "cbn0006-ny4dyic4", "is_user_correct": true}, {"top1-label": "Slaty backed Gull", "top1-score": 0.6835945248603821, "question": "Sam guessed the Input image is 68% Slaty backed Gull. Is it Slaty backed Gull?", "Accept/Reject": false, "type": "topK", "image-path": "./data/topK-exp-materials/065.Slaty_backed_Gull_134_1.jpeg", "user_decision": "NO", "user_id": "cbn0006-ny4dyic4", "is_user_correct": true}, {"top1-label": "Brewer Blackbird", "top1-score": 0.07425613701343536, "question": "Sam guessed the Input image is 7% Brewer Blackbird. Is it Brewer Blackbird?", "Accept/Reject": true, "type": "topK", "image-path": "./data/topK-exp-materials/009.Brewer_Blackbird_37_6.jpeg", "user_decision": "YES", "user_id": "cbn0006-ny4dyic4", "is_user_correct": true}, {"top1-label": "Frigatebird", "top1-score": 0.9998724460601807, "question": "Sam guessed the Input image is 99% Frigatebird. Is it Frigatebird?", "Accept/Reject": true, "type": "topK", "image-path": "./data/topK-exp-materials/044.Frigatebird_12_4.jpeg", "user_decision": "YES", "user_id": "cbn0006-ny4dyic4", "is_user_correct": true}, {"top1-label": "Elegant Tern", "top1-score": 0.8986546397209167, "question": "Sam guessed the Input image is 89% Elegant Tern. Is it Elegant Tern?", "Accept/Reject": false, "type": "topK", "image-path": "./data/topK-exp-materials/143.Caspian_Tern_302_3.jpeg", "user_decision": "YES", "user_id": "cbn0006-ny4dyic4", "is_user_correct": false}, {"top1-label": "Louisiana Waterthrush", "top1-score": 0.542222797870636, "question": "Sam guessed the Input image is 54% Louisiana Waterthrush. Is it Louisiana Waterthrush?", "Accept/Reject": false, "type": "topK", "image-path": "./data/topK-exp-materials/183.Northern_Waterthrush_190_6.jpeg", "user_decision": "NO", "user_id": "cbn0006-ny4dyic4", "is_user_correct": true}, {"top1-label": "Common Tern", "top1-score": 0.16987372934818268, "question": "Sam guessed the Input image is 16% Common Tern. Is it Common Tern?", "Accept/Reject": false, "type": "topK", "image-path": "./data/topK-exp-materials/143.Caspian_Tern_160_5.jpeg", "user_decision": "NO", "user_id": "cbn0006-ny4dyic4", "is_user_correct": true}, {"top1-label": "Henslow Sparrow", "top1-score": 0.6396999359130859, "question": "Sam guessed the Input image is 63% Henslow Sparrow. Is it Henslow Sparrow?", "Accept/Reject": false, "type": "topK", "image-path": "./data/topK-exp-materials/123.Henslow_Sparrow_236_7.jpeg", "user_decision": "NO", "user_id": "cbn0006-ny4dyic4", "is_user_correct": true}, {"top1-label": "Dark eyed Junco", "top1-score": 0.9977337718009949, "question": "Sam guessed the Input image is 99% Dark eyed Junco. Is it Dark eyed Junco?", "Accept/Reject": true, "type": "topK", "image-path": "./data/topK-exp-materials/076.Dark_eyed_Junco_12_7.jpeg", "user_decision": "YES", "user_id": "cbn0006-ny4dyic4", "is_user_correct": true}, {"top1-label": "Loggerhead Shrike", "top1-score": 0.5844630002975464, "question": "Sam guessed the Input image is 58% Loggerhead Shrike. Is it Loggerhead Shrike?", "Accept/Reject": false, "type": "topK", "image-path": "./data/topK-exp-materials/111.Loggerhead_Shrike_233_2.jpeg", "user_decision": "YES", "user_id": "cbn0006-ny4dyic4", "is_user_correct": false}, {"top1-label": "Western Gull", "top1-score": 0.06889211386442184, "question": "Sam guessed the Input image is 6% Western Gull. Is it Western Gull?", "Accept/Reject": false, "type": "topK", "image-path": "./data/topK-exp-materials/065.Slaty_backed_Gull_24_4.jpeg", "user_decision": "YES", "user_id": "cbn0006-ny4dyic4", "is_user_correct": false}, {"top1-label": "Tennessee Warbler", "top1-score": 0.008046912960708141, "question": "Sam guessed the Input image is 0% Tennessee Warbler. Is it Tennessee Warbler?", "Accept/Reject": false, "type": "topK", "image-path": "./data/topK-exp-materials/178.Swainson_Warbler_36_0.jpeg", "user_decision": "YES", "user_id": "cbn0006-ny4dyic4", "is_user_correct": false}]}