{"user_id": "Mehrshad-aoe84awl", "time": 1706143399, "history": [{"top1-label": "Le Conte Sparrow", "top1-score": 0.5259846448898315, "question": "Sam guessed the Input image is 52% Le Conte Sparrow. Is it Le Conte Sparrow?", "Accept/Reject": true, "type": "top1", "image-path": "./data/top1-exp-materials/124.Le_Conte_Sparrow_19_0.jpeg", "user_decision": "YES", "user_id": "Mehrshad-aoe84awl", "is_user_correct": true}, {"top1-label": "Western Meadowlark", "top1-score": 0.9988942742347717, "question": "Sam guessed the Input image is 99% Western Meadowlark. Is it Western Meadowlark?", "Accept/Reject": true, "type": "top1", "image-path": "./data/top1-exp-materials/088.Western_Meadowlark_15_4.jpeg", "user_decision": "YES", "user_id": "Mehrshad-aoe84awl", "is_user_correct": true}, {"top1-label": "Caspian Tern", "top1-score": 0.9427682757377625, "question": "Sam guessed the Input image is 94% Caspian Tern. Is it Caspian Tern?", "Accept/Reject": false, "type": "top1", "image-path": "./data/top1-exp-materials/145.Elegant_Tern_268_7.jpeg", "user_decision": "YES", "user_id": "Mehrshad-aoe84awl", "is_user_correct": false}, {"top1-label": "Nashville Warbler", "top1-score": 0.9971038103103638, "question": "Sam guessed the Input image is 99% Nashville Warbler. Is it Nashville Warbler?", "Accept/Reject": true, "type": "top1", "image-path": "./data/top1-exp-materials/172.Nashville_Warbler_30_5.jpeg", "user_decision": "YES", "user_id": "Mehrshad-aoe84awl", "is_user_correct": true}, {"top1-label": "Painted Bunting", "top1-score": 0.06904079765081406, "question": "Sam guessed the Input image is 6% Painted Bunting. Is it Painted Bunting?", "Accept/Reject": false, "type": "top1", "image-path": "./data/top1-exp-materials/016.Painted_Bunting_115_4.jpeg", "user_decision": "YES", "user_id": "Mehrshad-aoe84awl", "is_user_correct": false}, {"top1-label": "Whip poor Will", "top1-score": 0.9537695646286011, "question": "Sam guessed the Input image is 95% Whip poor Will. Is it Whip poor Will?", "Accept/Reject": true, "type": "top1", "image-path": "./data/top1-exp-materials/105.Whip_poor_Will_32_6.jpeg", "user_decision": "YES", "user_id": "Mehrshad-aoe84awl", "is_user_correct": true}, {"top1-label": "House Wren", "top1-score": 0.8763688802719116, "question": "Sam guessed the Input image is 87% House Wren. Is it House Wren?", "Accept/Reject": false, "type": "top1", "image-path": "./data/top1-exp-materials/196.House_Wren_221_4.jpeg", "user_decision": "YES", "user_id": "Mehrshad-aoe84awl", "is_user_correct": false}, {"top1-label": "Western Gull", "top1-score": 0.04487951472401619, "question": "Sam guessed the Input image is 4% Western Gull. Is it Western Gull?", "Accept/Reject": false, "type": "top1", "image-path": "./data/top1-exp-materials/065.Slaty_backed_Gull_163_3.jpeg", "user_decision": "YES", "user_id": "Mehrshad-aoe84awl", "is_user_correct": false}, {"top1-label": "Sayornis", "top1-score": 0.7387324571609497, "question": "Sam guessed the Input image is 73% Sayornis. Is it Sayornis?", "Accept/Reject": false, "type": "top1", "image-path": "./data/top1-exp-materials/175.Pine_Warbler_291_0.jpeg", "user_decision": "YES", "user_id": "Mehrshad-aoe84awl", "is_user_correct": false}, {"top1-label": "Black and white Warbler", "top1-score": 0.9981198906898499, "question": "Sam guessed the Input image is 99% Black and white Warbler. Is it Black and white Warbler?", "Accept/Reject": true, "type": "top1", "image-path": "./data/top1-exp-materials/159.Black_and_white_Warbler_30_1.jpeg", "user_decision": "YES", "user_id": "Mehrshad-aoe84awl", "is_user_correct": true}, {"top1-label": "House Sparrow", "top1-score": 0.9940767288208008, "question": "Sam guessed the Input image is 99% House Sparrow. Is it House Sparrow?", "Accept/Reject": false, "type": "top1", "image-path": "./data/top1-exp-materials/128.Seaside_Sparrow_167_6.jpeg", "user_decision": "YES", "user_id": "Mehrshad-aoe84awl", "is_user_correct": false}, {"top1-label": "Herring Gull", "top1-score": 0.6845122575759888, "question": "Sam guessed the Input image is 68% Herring Gull. Is it Herring Gull?", "Accept/Reject": false, "type": "top1", "image-path": "./data/top1-exp-materials/066.Western_Gull_303_3.jpeg", "user_decision": "YES", "user_id": "Mehrshad-aoe84awl", "is_user_correct": false}, {"top1-label": "Black billed Cuckoo", "top1-score": 0.45936301350593567, "question": "Sam guessed the Input image is 45% Black billed Cuckoo. Is it Black billed Cuckoo?", "Accept/Reject": false, "type": "top1", "image-path": "./data/top1-exp-materials/032.Mangrove_Cuckoo_147_0.jpeg", "user_decision": "YES", "user_id": "Mehrshad-aoe84awl", "is_user_correct": false}, {"top1-label": "White crowned Sparrow", "top1-score": 0.64531010389328, "question": "Sam guessed the Input image is 64% White crowned Sparrow. Is it White crowned Sparrow?", "Accept/Reject": false, "type": "top1", "image-path": "./data/top1-exp-materials/130.Tree_Sparrow_310_7.jpeg", "user_decision": "YES", "user_id": "Mehrshad-aoe84awl", "is_user_correct": false}, {"top1-label": "American Crow", "top1-score": 0.0120464526116848, "question": "Sam guessed the Input image is 1% American Crow. Is it American Crow?", "Accept/Reject": false, "type": "top1", "image-path": "./data/top1-exp-materials/009.Brewer_Blackbird_197_3.jpeg", "user_decision": "YES", "user_id": "Mehrshad-aoe84awl", "is_user_correct": false}, {"top1-label": "Common Raven", "top1-score": 0.9540435671806335, "question": "Sam guessed the Input image is 95% Common Raven. Is it Common Raven?", "Accept/Reject": false, "type": "top1", "image-path": "./data/top1-exp-materials/108.White_necked_Raven_148_4.jpeg", "user_decision": "YES", "user_id": "Mehrshad-aoe84awl", "is_user_correct": false}, {"top1-label": "Carolina Wren", "top1-score": 0.9075914621353149, "question": "Sam guessed the Input image is 90% Carolina Wren. Is it Carolina Wren?", "Accept/Reject": false, "type": "top1", "image-path": "./data/top1-exp-materials/197.Marsh_Wren_13_6.jpeg", "user_decision": "YES", "user_id": "Mehrshad-aoe84awl", "is_user_correct": false}, {"top1-label": "Laysan Albatross", "top1-score": 0.9983939528465271, "question": "Sam guessed the Input image is 99% Laysan Albatross. Is it Laysan Albatross?", "Accept/Reject": true, "type": "top1", "image-path": "./data/top1-exp-materials/002.Laysan_Albatross_36_1.jpeg", "user_decision": "YES", "user_id": "Mehrshad-aoe84awl", "is_user_correct": true}, {"top1-label": "Black capped Vireo", "top1-score": 0.9957613945007324, "question": "Sam guessed the Input image is 99% Black capped Vireo. Is it Black capped Vireo?", "Accept/Reject": true, "type": "top1", "image-path": "./data/top1-exp-materials/151.Black_capped_Vireo_33_4.jpeg", "user_decision": "YES", "user_id": "Mehrshad-aoe84awl", "is_user_correct": true}, {"top1-label": "Barn Swallow", "top1-score": 0.4826267659664154, "question": "Sam guessed the Input image is 48% Barn Swallow. Is it Barn Swallow?", "Accept/Reject": true, "type": "top1", "image-path": "./data/top1-exp-materials/136.Barn_Swallow_18_0.jpeg", "user_decision": "YES", "user_id": "Mehrshad-aoe84awl", "is_user_correct": true}, {"top1-label": "Red cockaded Woodpecker", "top1-score": 0.6111500263214111, "question": "Sam guessed the Input image is 61% Red cockaded Woodpecker. Is it Red cockaded Woodpecker?", "Accept/Reject": true, "type": "top1", "image-path": "./data/top1-exp-materials/190.Red_cockaded_Woodpecker_4_4.jpeg", "user_decision": "YES", "user_id": "Mehrshad-aoe84awl", "is_user_correct": true}, {"top1-label": "Pine Warbler", "top1-score": 0.489633172750473, "question": "Sam guessed the Input image is 48% Pine Warbler. Is it Pine Warbler?", "Accept/Reject": true, "type": "top1", "image-path": "./data/top1-exp-materials/175.Pine_Warbler_5_4.jpeg", "user_decision": "YES", "user_id": "Mehrshad-aoe84awl", "is_user_correct": true}, {"top1-label": "Elegant Tern", "top1-score": 0.8986546397209167, "question": "Sam guessed the Input image is 89% Elegant Tern. Is it Elegant Tern?", "Accept/Reject": false, "type": "top1", "image-path": "./data/top1-exp-materials/143.Caspian_Tern_302_3.jpeg", "user_decision": "YES", "user_id": "Mehrshad-aoe84awl", "is_user_correct": false}, {"top1-label": "Yellow Warbler", "top1-score": 0.9991074204444885, "question": "Sam guessed the Input image is 99% Yellow Warbler. Is it Yellow Warbler?", "Accept/Reject": true, "type": "top1", "image-path": "./data/top1-exp-materials/182.Yellow_Warbler_42_3.jpeg", "user_decision": "YES", "user_id": "Mehrshad-aoe84awl", "is_user_correct": true}, {"top1-label": "Boat tailed Grackle", "top1-score": 0.8621324896812439, "question": "Sam guessed the Input image is 86% Boat tailed Grackle. Is it Boat tailed Grackle?", "Accept/Reject": false, "type": "top1", "image-path": "./data/top1-exp-materials/049.Boat_tailed_Grackle_288_6.jpeg", "user_decision": "YES", "user_id": "Mehrshad-aoe84awl", "is_user_correct": false}, {"top1-label": "Pomarine Jaeger", "top1-score": 0.990095853805542, "question": "Sam guessed the Input image is 99% Pomarine Jaeger. Is it Pomarine Jaeger?", "Accept/Reject": false, "type": "top1", "image-path": "./data/top1-exp-materials/071.Long_tailed_Jaeger_2_2.jpeg", "user_decision": "YES", "user_id": "Mehrshad-aoe84awl", "is_user_correct": false}, {"top1-label": "Pied Kingfisher", "top1-score": 0.999707043170929, "question": "Sam guessed the Input image is 99% Pied Kingfisher. Is it Pied Kingfisher?", "Accept/Reject": true, "type": "top1", "image-path": "./data/top1-exp-materials/081.Pied_Kingfisher_1_7.jpeg", "user_decision": "YES", "user_id": "Mehrshad-aoe84awl", "is_user_correct": true}, {"top1-label": "Worm eating Warbler", "top1-score": 0.9823012351989746, "question": "Sam guessed the Input image is 98% Worm eating Warbler. Is it Worm eating Warbler?", "Accept/Reject": true, "type": "top1", "image-path": "./data/top1-exp-materials/181.Worm_eating_Warbler_11_7.jpeg", "user_decision": "YES", "user_id": "Mehrshad-aoe84awl", "is_user_correct": true}, {"top1-label": "Pied Kingfisher", "top1-score": 0.999788224697113, "question": "Sam guessed the Input image is 99% Pied Kingfisher. Is it Pied Kingfisher?", "Accept/Reject": true, "type": "top1", "image-path": "./data/top1-exp-materials/081.Pied_Kingfisher_2_1.jpeg", "user_decision": "YES", "user_id": "Mehrshad-aoe84awl", "is_user_correct": true}, {"top1-label": "Eared Grebe", "top1-score": 0.9976015090942383, "question": "Sam guessed the Input image is 99% Eared Grebe. Is it Eared Grebe?", "Accept/Reject": false, "type": "top1", "image-path": "./data/top1-exp-materials/051.Horned_Grebe_209_6.jpeg", "user_decision": "YES", "user_id": "Mehrshad-aoe84awl", "is_user_correct": false}]}