{"user_id": "amm0257-wz53ptfb", "time": 1706126228, "history": [{"top1-label": "European Goldfinch", "top1-score": 0.9998984336853027, "question": "Sam guessed the Input image is 99% European Goldfinch. Is it European Goldfinch?", "Accept/Reject": true, "type": "topK", "image-path": "./data/topK-exp-materials/048.European_Goldfinch_10_5.jpeg", "user_decision": "YES", "user_id": "amm0257-wz53ptfb", "is_user_correct": true}, {"top1-label": "Red breasted Merganser", "top1-score": 0.0022894993890076876, "question": "Sam guessed the Input image is 0% Red breasted Merganser. Is it Red breasted Merganser?", "Accept/Reject": false, "type": "topK", "image-path": "./data/topK-exp-materials/089.Hooded_Merganser_212_2.jpeg", "user_decision": "NO", "user_id": "amm0257-wz53ptfb", "is_user_correct": true}, {"top1-label": "Hooded Warbler", "top1-score": 0.9024428129196167, "question": "Sam guessed the Input image is 90% Hooded Warbler. Is it Hooded Warbler?", "Accept/Reject": false, "type": "topK", "image-path": "./data/topK-exp-materials/167.Hooded_Warbler_315_2.jpeg", "user_decision": "NO", "user_id": "amm0257-wz53ptfb", "is_user_correct": true}, {"top1-label": "Fish Crow", "top1-score": 0.34433528780937195, "question": "Sam guessed the Input image is 34% Fish Crow. Is it Fish Crow?", "Accept/Reject": false, "type": "topK", "image-path": "./data/topK-exp-materials/049.Boat_tailed_Grackle_77_3.jpeg", "user_decision": "YES", "user_id": "amm0257-wz53ptfb", "is_user_correct": false}, {"top1-label": "Worm eating Warbler", "top1-score": 0.9706174731254578, "question": "Sam guessed the Input image is 97% Worm eating Warbler. Is it Worm eating Warbler?", "Accept/Reject": true, "type": "topK", "image-path": "./data/topK-exp-materials/181.Worm_eating_Warbler_41_6.jpeg", "user_decision": "YES", "user_id": "amm0257-wz53ptfb", "is_user_correct": true}, {"top1-label": "Mallard", "top1-score": 0.9997172951698303, "question": "Sam guessed the Input image is 99% Mallard. Is it Mallard?", "Accept/Reject": true, "type": "topK", "image-path": "./data/topK-exp-materials/087.Mallard_4_2.jpeg", "user_decision": "YES", "user_id": "amm0257-wz53ptfb", "is_user_correct": true}, {"top1-label": "Horned Grebe", "top1-score": 0.9875584244728088, "question": "Sam guessed the Input image is 98% Horned Grebe. Is it Horned Grebe?", "Accept/Reject": true, "type": "topK", "image-path": "./data/topK-exp-materials/051.Horned_Grebe_33_2.jpeg", "user_decision": "YES", "user_id": "amm0257-wz53ptfb", "is_user_correct": true}, {"top1-label": "Florida Jay", "top1-score": 0.998314380645752, "question": "Sam guessed the Input image is 99% Florida Jay. Is it Florida Jay?", "Accept/Reject": true, "type": "topK", "image-path": "./data/topK-exp-materials/074.Florida_Jay_10_6.jpeg", "user_decision": "YES", "user_id": "amm0257-wz53ptfb", "is_user_correct": true}, {"top1-label": "Florida Jay", "top1-score": 0.00474634300917387, "question": "Sam guessed the Input image is 0% Florida Jay. Is it Florida Jay?", "Accept/Reject": false, "type": "topK", "image-path": "./data/topK-exp-materials/074.Florida_Jay_64_4.jpeg", "user_decision": "YES", "user_id": "amm0257-wz53ptfb", "is_user_correct": false}, {"top1-label": "Brewer Blackbird", "top1-score": 0.09078827500343323, "question": "Sam guessed the Input image is 9% Brewer Blackbird. Is it Brewer Blackbird?", "Accept/Reject": false, "type": "topK", "image-path": "./data/topK-exp-materials/011.Rusty_Blackbird_272_6.jpeg", "user_decision": "YES", "user_id": "amm0257-wz53ptfb", "is_user_correct": false}, {"top1-label": "Painted Bunting", "top1-score": 0.06904079765081406, "question": "Sam guessed the Input image is 6% Painted Bunting. Is it Painted Bunting?", "Accept/Reject": false, "type": "topK", "image-path": "./data/topK-exp-materials/016.Painted_Bunting_115_4.jpeg", "user_decision": "YES", "user_id": "amm0257-wz53ptfb", "is_user_correct": false}, {"top1-label": "Bank Swallow", "top1-score": 0.8895757794380188, "question": "Sam guessed the Input image is 88% Bank Swallow. Is it Bank Swallow?", "Accept/Reject": true, "type": "topK", "image-path": "./data/topK-exp-materials/135.Bank_Swallow_36_5.jpeg", "user_decision": "NO", "user_id": "amm0257-wz53ptfb", "is_user_correct": false}, {"top1-label": "Le Conte Sparrow", "top1-score": 0.13458998501300812, "question": "Sam guessed the Input image is 13% Le Conte Sparrow. Is it Le Conte Sparrow?", "Accept/Reject": false, "type": "topK", "image-path": "./data/topK-exp-materials/123.Henslow_Sparrow_260_0.jpeg", "user_decision": "NO", "user_id": "amm0257-wz53ptfb", "is_user_correct": true}, {"top1-label": "Caspian Tern", "top1-score": 0.9796410799026489, "question": "Sam guessed the Input image is 97% Caspian Tern. Is it Caspian Tern?", "Accept/Reject": false, "type": "topK", "image-path": "./data/topK-exp-materials/146.Forsters_Tern_22_2.jpeg", "user_decision": "YES", "user_id": "amm0257-wz53ptfb", "is_user_correct": false}, {"top1-label": "Pigeon Guillemot", "top1-score": 0.8747756481170654, "question": "Sam guessed the Input image is 87% Pigeon Guillemot. Is it Pigeon Guillemot?", "Accept/Reject": false, "type": "topK", "image-path": "./data/topK-exp-materials/006.Least_Auklet_51_1.jpeg", "user_decision": "YES", "user_id": "amm0257-wz53ptfb", "is_user_correct": false}, {"top1-label": "Red breasted Merganser", "top1-score": 0.9973047971725464, "question": "Sam guessed the Input image is 99% Red breasted Merganser. Is it Red breasted Merganser?", "Accept/Reject": true, "type": "topK", "image-path": "./data/topK-exp-materials/090.Red_breasted_Merganser_14_3.jpeg", "user_decision": "YES", "user_id": "amm0257-wz53ptfb", "is_user_correct": true}, {"top1-label": "Vermilion Flycatcher", "top1-score": 0.9983131885528564, "question": "Sam guessed the Input image is 99% Vermilion Flycatcher. Is it Vermilion Flycatcher?", "Accept/Reject": true, "type": "topK", "image-path": "./data/topK-exp-materials/042.Vermilion_Flycatcher_0_2.jpeg", "user_decision": "YES", "user_id": "amm0257-wz53ptfb", "is_user_correct": true}, {"top1-label": "White eyed Vireo", "top1-score": 0.9231590032577515, "question": "Sam guessed the Input image is 92% White eyed Vireo. Is it White eyed Vireo?", "Accept/Reject": false, "type": "topK", "image-path": "./data/topK-exp-materials/161.Blue_winged_Warbler_40_5.jpeg", "user_decision": "NO", "user_id": "amm0257-wz53ptfb", "is_user_correct": true}, {"top1-label": "Chuck will Widow", "top1-score": 0.9993151426315308, "question": "Sam guessed the Input image is 99% Chuck will Widow. Is it Chuck will Widow?", "Accept/Reject": true, "type": "topK", "image-path": "./data/topK-exp-materials/022.Chuck_will_Widow_23_2.jpeg", "user_decision": "YES", "user_id": "amm0257-wz53ptfb", "is_user_correct": true}, {"top1-label": "Sayornis", "top1-score": 0.9290561676025391, "question": "Sam guessed the Input image is 92% Sayornis. Is it Sayornis?", "Accept/Reject": true, "type": "topK", "image-path": "./data/topK-exp-materials/103.Sayornis_40_0.jpeg", "user_decision": "NO", "user_id": "amm0257-wz53ptfb", "is_user_correct": false}, {"top1-label": "Yellow billed Cuckoo", "top1-score": 0.9873858690261841, "question": "Sam guessed the Input image is 98% Yellow billed Cuckoo. Is it Yellow billed Cuckoo?", "Accept/Reject": false, "type": "topK", "image-path": "./data/topK-exp-materials/031.Black_billed_Cuckoo_88_5.jpeg", "user_decision": "YES", "user_id": "amm0257-wz53ptfb", "is_user_correct": false}, {"top1-label": "House Sparrow", "top1-score": 0.2231561541557312, "question": "Sam guessed the Input image is 22% House Sparrow. Is it House Sparrow?", "Accept/Reject": false, "type": "topK", "image-path": "./data/topK-exp-materials/118.House_Sparrow_257_1.jpeg", "user_decision": "NO", "user_id": "amm0257-wz53ptfb", "is_user_correct": true}, {"top1-label": "Lazuli Bunting", "top1-score": 0.42040494084358215, "question": "Sam guessed the Input image is 42% Lazuli Bunting. Is it Lazuli Bunting?", "Accept/Reject": false, "type": "topK", "image-path": "./data/topK-exp-materials/198.Rock_Wren_0_1.jpeg", "user_decision": "NO", "user_id": "amm0257-wz53ptfb", "is_user_correct": true}, {"top1-label": "Pine Warbler", "top1-score": 0.9837488532066345, "question": "Sam guessed the Input image is 98% Pine Warbler. Is it Pine Warbler?", "Accept/Reject": true, "type": "topK", "image-path": "./data/topK-exp-materials/175.Pine_Warbler_15_2.jpeg", "user_decision": "YES", "user_id": "amm0257-wz53ptfb", "is_user_correct": true}, {"top1-label": "Black footed Albatross", "top1-score": 0.9874992966651917, "question": "Sam guessed the Input image is 98% Black footed Albatross. Is it Black footed Albatross?", "Accept/Reject": true, "type": "topK", "image-path": "./data/topK-exp-materials/001.Black_footed_Albatross_29_1.jpeg", "user_decision": "YES", "user_id": "amm0257-wz53ptfb", "is_user_correct": true}, {"top1-label": "Wilson Warbler", "top1-score": 0.20916905999183655, "question": "Sam guessed the Input image is 20% Wilson Warbler. Is it Wilson Warbler?", "Accept/Reject": false, "type": "topK", "image-path": "./data/topK-exp-materials/167.Hooded_Warbler_235_2.jpeg", "user_decision": "YES", "user_id": "amm0257-wz53ptfb", "is_user_correct": false}, {"top1-label": "Ovenbird", "top1-score": 0.998111367225647, "question": "Sam guessed the Input image is 99% Ovenbird. Is it Ovenbird?", "Accept/Reject": true, "type": "topK", "image-path": "./data/topK-exp-materials/099.Ovenbird_16_6.jpeg", "user_decision": "YES", "user_id": "amm0257-wz53ptfb", "is_user_correct": true}, {"top1-label": "Boat tailed Grackle", "top1-score": 0.9524627327919006, "question": "Sam guessed the Input image is 95% Boat tailed Grackle. Is it Boat tailed Grackle?", "Accept/Reject": false, "type": "topK", "image-path": "./data/topK-exp-materials/030.Fish_Crow_16_2.jpeg", "user_decision": "YES", "user_id": "amm0257-wz53ptfb", "is_user_correct": false}, {"top1-label": "Gray Catbird", "top1-score": 0.523360013961792, "question": "Sam guessed the Input image is 52% Gray Catbird. Is it Gray Catbird?", "Accept/Reject": true, "type": "topK", "image-path": "./data/topK-exp-materials/019.Gray_Catbird_5_7.jpeg", "user_decision": "YES", "user_id": "amm0257-wz53ptfb", "is_user_correct": true}, {"top1-label": "Philadelphia Vireo", "top1-score": 0.0621122345328331, "question": "Sam guessed the Input image is 6% Philadelphia Vireo. Is it Philadelphia Vireo?", "Accept/Reject": false, "type": "topK", "image-path": "./data/topK-exp-materials/157.Yellow_throated_Vireo_226_4.jpeg", "user_decision": "YES", "user_id": "amm0257-wz53ptfb", "is_user_correct": false}]}