{"user_id": "hbh0018-5u7f2bky", "time": 1706114343, "history": [{"top1-label": "Red breasted Merganser", "top1-score": 0.9973047971725464, "question": "Sam guessed the Input image is 99% Red breasted Merganser. Is it Red breasted Merganser?", "Accept/Reject": true, "type": "top1", "image-path": "./data/top1-exp-materials/090.Red_breasted_Merganser_14_3.jpeg", "user_decision": "YES", "user_id": "hbh0018-5u7f2bky", "is_user_correct": true}, {"top1-label": "Winter Wren", "top1-score": 0.9872488379478455, "question": "Sam guessed the Input image is 98% Winter Wren. Is it Winter Wren?", "Accept/Reject": false, "type": "top1", "image-path": "./data/top1-exp-materials/196.House_Wren_288_3.jpeg", "user_decision": "YES", "user_id": "hbh0018-5u7f2bky", "is_user_correct": false}, {"top1-label": "Common Tern", "top1-score": 0.38810494542121887, "question": "Sam guessed the Input image is 38% Common Tern. Is it Common Tern?", "Accept/Reject": false, "type": "top1", "image-path": "./data/top1-exp-materials/142.Black_Tern_50_1.jpeg", "user_decision": "YES", "user_id": "hbh0018-5u7f2bky", "is_user_correct": false}, {"top1-label": "Blue headed Vireo", "top1-score": 0.23168523609638214, "question": "Sam guessed the Input image is 23% Blue headed Vireo. Is it Blue headed Vireo?", "Accept/Reject": false, "type": "top1", "image-path": "./data/top1-exp-materials/109.American_Redstart_6_0.jpeg", "user_decision": "YES", "user_id": "hbh0018-5u7f2bky", "is_user_correct": false}, {"top1-label": "Cedar Waxwing", "top1-score": 0.9981143474578857, "question": "Sam guessed the Input image is 99% Cedar Waxwing. Is it Cedar Waxwing?", "Accept/Reject": true, "type": "top1", "image-path": "./data/top1-exp-materials/186.Cedar_Waxwing_39_1.jpeg", "user_decision": "YES", "user_id": "hbh0018-5u7f2bky", "is_user_correct": true}, {"top1-label": "Red breasted Merganser", "top1-score": 0.013378582894802094, "question": "Sam guessed the Input image is 1% Red breasted Merganser. Is it Red breasted Merganser?", "Accept/Reject": false, "type": "top1", "image-path": "./data/top1-exp-materials/089.Hooded_Merganser_247_7.jpeg", "user_decision": "NO", "user_id": "hbh0018-5u7f2bky", "is_user_correct": true}, {"top1-label": "Brewer Sparrow", "top1-score": 0.6813523173332214, "question": "Sam guessed the Input image is 68% Brewer Sparrow. Is it Brewer Sparrow?", "Accept/Reject": false, "type": "top1", "image-path": "./data/top1-exp-materials/116.Chipping_Sparrow_61_2.jpeg", "user_decision": "YES", "user_id": "hbh0018-5u7f2bky", "is_user_correct": false}, {"top1-label": "Northern Fulmar", "top1-score": 0.8403502702713013, "question": "Sam guessed the Input image is 84% Northern Fulmar. Is it Northern Fulmar?", "Accept/Reject": true, "type": "top1", "image-path": "./data/top1-exp-materials/045.Northern_Fulmar_28_1.jpeg", "user_decision": "YES", "user_id": "hbh0018-5u7f2bky", "is_user_correct": true}, {"top1-label": "Cedar Waxwing", "top1-score": 0.9406032562255859, "question": "Sam guessed the Input image is 94% Cedar Waxwing. Is it Cedar Waxwing?", "Accept/Reject": true, "type": "top1", "image-path": "./data/top1-exp-materials/186.Cedar_Waxwing_2_4.jpeg", "user_decision": "YES", "user_id": "hbh0018-5u7f2bky", "is_user_correct": true}, {"top1-label": "California Gull", "top1-score": 0.3077026903629303, "question": "Sam guessed the Input image is 30% California Gull. Is it California Gull?", "Accept/Reject": false, "type": "top1", "image-path": "./data/top1-exp-materials/060.Glaucous_winged_Gull_257_0.jpeg", "user_decision": "YES", "user_id": "hbh0018-5u7f2bky", "is_user_correct": false}, {"top1-label": "Olive sided Flycatcher", "top1-score": 0.4244944751262665, "question": "Sam guessed the Input image is 42% Olive sided Flycatcher. Is it Olive sided Flycatcher?", "Accept/Reject": false, "type": "top1", "image-path": "./data/top1-exp-materials/078.Gray_Kingbird_238_7.jpeg", "user_decision": "NO", "user_id": "hbh0018-5u7f2bky", "is_user_correct": true}, {"top1-label": "American Crow", "top1-score": 0.0120464526116848, "question": "Sam guessed the Input image is 1% American Crow. Is it American Crow?", "Accept/Reject": false, "type": "top1", "image-path": "./data/top1-exp-materials/009.Brewer_Blackbird_197_3.jpeg", "user_decision": "YES", "user_id": "hbh0018-5u7f2bky", "is_user_correct": false}, {"top1-label": "Summer Tanager", "top1-score": 0.8257912397384644, "question": "Sam guessed the Input image is 82% Summer Tanager. Is it Summer Tanager?", "Accept/Reject": false, "type": "top1", "image-path": "./data/top1-exp-materials/139.Scarlet_Tanager_198_2.jpeg", "user_decision": "YES", "user_id": "hbh0018-5u7f2bky", "is_user_correct": false}, {"top1-label": "Western Gull", "top1-score": 0.901774525642395, "question": "Sam guessed the Input image is 90% Western Gull. Is it Western Gull?", "Accept/Reject": false, "type": "top1", "image-path": "./data/top1-exp-materials/059.California_Gull_291_1.jpeg", "user_decision": "YES", "user_id": "hbh0018-5u7f2bky", "is_user_correct": false}, {"top1-label": "Mockingbird", "top1-score": 0.6824818253517151, "question": "Sam guessed the Input image is 68% Mockingbird. Is it Mockingbird?", "Accept/Reject": true, "type": "top1", "image-path": "./data/top1-exp-materials/091.Mockingbird_41_5.jpeg", "user_decision": "NO", "user_id": "hbh0018-5u7f2bky", "is_user_correct": false}, {"top1-label": "Fish Crow", "top1-score": 0.2910807132720947, "question": "Sam guessed the Input image is 29% Fish Crow. Is it Fish Crow?", "Accept/Reject": false, "type": "top1", "image-path": "./data/top1-exp-materials/029.American_Crow_53_4.jpeg", "user_decision": "NO", "user_id": "hbh0018-5u7f2bky", "is_user_correct": true}, {"top1-label": "Kentucky Warbler", "top1-score": 0.9691380262374878, "question": "Sam guessed the Input image is 96% Kentucky Warbler. Is it Kentucky Warbler?", "Accept/Reject": true, "type": "top1", "image-path": "./data/top1-exp-materials/168.Kentucky_Warbler_9_7.jpeg", "user_decision": "YES", "user_id": "hbh0018-5u7f2bky", "is_user_correct": true}, {"top1-label": "Purple Finch", "top1-score": 0.696347713470459, "question": "Sam guessed the Input image is 69% Purple Finch. Is it Purple Finch?", "Accept/Reject": false, "type": "top1", "image-path": "./data/top1-exp-materials/056.Pine_Grosbeak_20_5.jpeg", "user_decision": "YES", "user_id": "hbh0018-5u7f2bky", "is_user_correct": false}, {"top1-label": "Warbling Vireo", "top1-score": 0.15838178992271423, "question": "Sam guessed the Input image is 15% Warbling Vireo. Is it Warbling Vireo?", "Accept/Reject": false, "type": "top1", "image-path": "./data/top1-exp-materials/179.Tennessee_Warbler_205_3.jpeg", "user_decision": "YES", "user_id": "hbh0018-5u7f2bky", "is_user_correct": false}, {"top1-label": "Red bellied Woodpecker", "top1-score": 0.9928495287895203, "question": "Sam guessed the Input image is 99% Red bellied Woodpecker. Is it Red bellied Woodpecker?", "Accept/Reject": true, "type": "top1", "image-path": "./data/top1-exp-materials/189.Red_bellied_Woodpecker_8_3.jpeg", "user_decision": "YES", "user_id": "hbh0018-5u7f2bky", "is_user_correct": true}, {"top1-label": "Yellow Warbler", "top1-score": 0.9994113445281982, "question": "Sam guessed the Input image is 99% Yellow Warbler. Is it Yellow Warbler?", "Accept/Reject": true, "type": "top1", "image-path": "./data/top1-exp-materials/182.Yellow_Warbler_1_4.jpeg", "user_decision": "YES", "user_id": "hbh0018-5u7f2bky", "is_user_correct": true}, {"top1-label": "Vermilion Flycatcher", "top1-score": 0.9983131885528564, "question": "Sam guessed the Input image is 99% Vermilion Flycatcher. Is it Vermilion Flycatcher?", "Accept/Reject": true, "type": "top1", "image-path": "./data/top1-exp-materials/042.Vermilion_Flycatcher_0_2.jpeg", "user_decision": "YES", "user_id": "hbh0018-5u7f2bky", "is_user_correct": true}, {"top1-label": "Worm eating Warbler", "top1-score": 0.9823012351989746, "question": "Sam guessed the Input image is 98% Worm eating Warbler. Is it Worm eating Warbler?", "Accept/Reject": true, "type": "top1", "image-path": "./data/top1-exp-materials/181.Worm_eating_Warbler_11_7.jpeg", "user_decision": "YES", "user_id": "hbh0018-5u7f2bky", "is_user_correct": true}, {"top1-label": "Belted Kingfisher", "top1-score": 0.9107561111450195, "question": "Sam guessed the Input image is 91% Belted Kingfisher. Is it Belted Kingfisher?", "Accept/Reject": false, "type": "top1", "image-path": "./data/top1-exp-materials/081.Pied_Kingfisher_304_3.jpeg", "user_decision": "YES", "user_id": "hbh0018-5u7f2bky", "is_user_correct": false}, {"top1-label": "Western Gull", "top1-score": 0.4337826073169708, "question": "Sam guessed the Input image is 43% Western Gull. Is it Western Gull?", "Accept/Reject": false, "type": "top1", "image-path": "./data/top1-exp-materials/065.Slaty_backed_Gull_100_1.jpeg", "user_decision": "YES", "user_id": "hbh0018-5u7f2bky", "is_user_correct": false}, {"top1-label": "American Crow", "top1-score": 0.07322628051042557, "question": "Sam guessed the Input image is 7% American Crow. Is it American Crow?", "Accept/Reject": false, "type": "top1", "image-path": "./data/top1-exp-materials/107.Common_Raven_204_2.jpeg", "user_decision": "YES", "user_id": "hbh0018-5u7f2bky", "is_user_correct": false}, {"top1-label": "Gray Catbird", "top1-score": 5.175268597668037e-05, "question": "Sam guessed the Input image is 0% Gray Catbird. Is it Gray Catbird?", "Accept/Reject": false, "type": "top1", "image-path": "./data/top1-exp-materials/019.Gray_Catbird_262_7.jpeg", "user_decision": "YES", "user_id": "hbh0018-5u7f2bky", "is_user_correct": false}, {"top1-label": "Florida Jay", "top1-score": 0.7980294823646545, "question": "Sam guessed the Input image is 79% Florida Jay. Is it Florida Jay?", "Accept/Reject": false, "type": "top1", "image-path": "./data/top1-exp-materials/073.Blue_Jay_127_7.jpeg", "user_decision": "YES", "user_id": "hbh0018-5u7f2bky", "is_user_correct": false}, {"top1-label": "Northern Flicker", "top1-score": 0.9933249950408936, "question": "Sam guessed the Input image is 99% Northern Flicker. Is it Northern Flicker?", "Accept/Reject": true, "type": "top1", "image-path": "./data/top1-exp-materials/036.Northern_Flicker_34_1.jpeg", "user_decision": "YES", "user_id": "hbh0018-5u7f2bky", "is_user_correct": true}, {"top1-label": "Scott Oriole", "top1-score": 0.7991881966590881, "question": "Sam guessed the Input image is 79% Scott Oriole. Is it Scott Oriole?", "Accept/Reject": false, "type": "top1", "image-path": "./data/top1-exp-materials/096.Hooded_Oriole_250_4.jpeg", "user_decision": "NO", "user_id": "hbh0018-5u7f2bky", "is_user_correct": false}]}