{"user_id": "username-4q0pdfhy", "time": 1706207413, "history": [{"top1-label": "Common Tern", "top1-score": 0.8586056232452393, "question": "Sam guessed the Input image is 85% Common Tern. Is it Common Tern?", "Accept/Reject": true, "type": "topK", "image-path": "./data/topK-exp-materials/144.Common_Tern_35_1.jpeg", "user_decision": "YES", "user_id": "username-4q0pdfhy", "is_user_correct": true}, {"top1-label": "Red breasted Merganser", "top1-score": 0.9974274039268494, "question": "Sam guessed the Input image is 99% Red breasted Merganser. Is it Red breasted Merganser?", "Accept/Reject": true, "type": "topK", "image-path": "./data/topK-exp-materials/090.Red_breasted_Merganser_34_3.jpeg", "user_decision": "YES", "user_id": "username-4q0pdfhy", "is_user_correct": true}, {"top1-label": "Scott Oriole", "top1-score": 0.7220855355262756, "question": "Sam guessed the Input image is 72% Scott Oriole. Is it Scott Oriole?", "Accept/Reject": true, "type": "topK", "image-path": "./data/topK-exp-materials/098.Scott_Oriole_3_4.jpeg", "user_decision": "NO", "user_id": "username-4q0pdfhy", "is_user_correct": false}, {"top1-label": "Ring billed Gull", "top1-score": 0.5549193024635315, "question": "Sam guessed the Input image is 55% Ring billed Gull. Is it Ring billed Gull?", "Accept/Reject": false, "type": "topK", "image-path": "./data/topK-exp-materials/064.Ring_billed_Gull_163_5.jpeg", "user_decision": "NO", "user_id": "username-4q0pdfhy", "is_user_correct": true}, {"top1-label": "Common Yellowthroat", "top1-score": 0.9981957077980042, "question": "Sam guessed the Input image is 99% Common Yellowthroat. Is it Common Yellowthroat?", "Accept/Reject": true, "type": "topK", "image-path": "./data/topK-exp-materials/200.Common_Yellowthroat_40_6.jpeg", "user_decision": "YES", "user_id": "username-4q0pdfhy", "is_user_correct": true}, {"top1-label": "Caspian Tern", "top1-score": 0.3031190037727356, "question": "Sam guessed the Input image is 30% Caspian Tern. Is it Caspian Tern?", "Accept/Reject": false, "type": "topK", "image-path": "./data/topK-exp-materials/002.Laysan_Albatross_267_4.jpeg", "user_decision": "YES", "user_id": "username-4q0pdfhy", "is_user_correct": false}, {"top1-label": "Yellow billed Cuckoo", "top1-score": 0.2170901745557785, "question": "Sam guessed the Input image is 21% Yellow billed Cuckoo. Is it Yellow billed Cuckoo?", "Accept/Reject": false, "type": "topK", "image-path": "./data/topK-exp-materials/099.Ovenbird_300_4.jpeg", "user_decision": "NO", "user_id": "username-4q0pdfhy", "is_user_correct": true}, {"top1-label": "Red legged Kittiwake", "top1-score": 0.999508261680603, "question": "Sam guessed the Input image is 99% Red legged Kittiwake. Is it Red legged Kittiwake?", "Accept/Reject": true, "type": "topK", "image-path": "./data/topK-exp-materials/084.Red_legged_Kittiwake_8_4.jpeg", "user_decision": "YES", "user_id": "username-4q0pdfhy", "is_user_correct": true}, {"top1-label": "Common Tern", "top1-score": 0.5846204161643982, "question": "Sam guessed the Input image is 58% Common Tern. Is it Common Tern?", "Accept/Reject": false, "type": "topK", "image-path": "./data/topK-exp-materials/141.Artic_Tern_109_2.jpeg", "user_decision": "YES", "user_id": "username-4q0pdfhy", "is_user_correct": false}, {"top1-label": "Great Grey Shrike", "top1-score": 0.6236667633056641, "question": "Sam guessed the Input image is 62% Great Grey Shrike. Is it Great Grey Shrike?", "Accept/Reject": true, "type": "topK", "image-path": "./data/topK-exp-materials/112.Great_Grey_Shrike_34_6.jpeg", "user_decision": "NO", "user_id": "username-4q0pdfhy", "is_user_correct": false}, {"top1-label": "American Pipit", "top1-score": 0.9990557432174683, "question": "Sam guessed the Input image is 99% American Pipit. Is it American Pipit?", "Accept/Reject": true, "type": "topK", "image-path": "./data/topK-exp-materials/104.American_Pipit_39_2.jpeg", "user_decision": "YES", "user_id": "username-4q0pdfhy", "is_user_correct": true}, {"top1-label": "Northern Fulmar", "top1-score": 0.6770517230033875, "question": "Sam guessed the Input image is 67% Northern Fulmar. Is it Northern Fulmar?", "Accept/Reject": false, "type": "topK", "image-path": "./data/topK-exp-materials/045.Northern_Fulmar_224_6.jpeg", "user_decision": "YES", "user_id": "username-4q0pdfhy", "is_user_correct": false}, {"top1-label": "Sayornis", "top1-score": 0.8903400897979736, "question": "Sam guessed the Input image is 89% Sayornis. Is it Sayornis?", "Accept/Reject": false, "type": "topK", "image-path": "./data/topK-exp-materials/102.Western_Wood_Pewee_304_7.jpeg", "user_decision": "YES", "user_id": "username-4q0pdfhy", "is_user_correct": false}, {"top1-label": "Great Crested Flycatcher", "top1-score": 0.9963192939758301, "question": "Sam guessed the Input image is 99% Great Crested Flycatcher. Is it Great Crested Flycatcher?", "Accept/Reject": true, "type": "topK", "image-path": "./data/topK-exp-materials/038.Great_Crested_Flycatcher_34_5.jpeg", "user_decision": "YES", "user_id": "username-4q0pdfhy", "is_user_correct": true}, {"top1-label": "Brown Creeper", "top1-score": 0.9969831109046936, "question": "Sam guessed the Input image is 99% Brown Creeper. Is it Brown Creeper?", "Accept/Reject": true, "type": "topK", "image-path": "./data/topK-exp-materials/028.Brown_Creeper_28_6.jpeg", "user_decision": "YES", "user_id": "username-4q0pdfhy", "is_user_correct": true}, {"top1-label": "Common Tern", "top1-score": 0.6922330856323242, "question": "Sam guessed the Input image is 69% Common Tern. Is it Common Tern?", "Accept/Reject": false, "type": "topK", "image-path": "./data/topK-exp-materials/146.Forsters_Tern_206_3.jpeg", "user_decision": "NO", "user_id": "username-4q0pdfhy", "is_user_correct": true}, {"top1-label": "Indigo Bunting", "top1-score": 0.9573527574539185, "question": "Sam guessed the Input image is 95% Indigo Bunting. Is it Indigo Bunting?", "Accept/Reject": false, "type": "topK", "image-path": "./data/topK-exp-materials/054.Blue_Grosbeak_128_4.jpeg", "user_decision": "YES", "user_id": "username-4q0pdfhy", "is_user_correct": false}, {"top1-label": "Red bellied Woodpecker", "top1-score": 0.9990795850753784, "question": "Sam guessed the Input image is 99% Red bellied Woodpecker. Is it Red bellied Woodpecker?", "Accept/Reject": true, "type": "topK", "image-path": "./data/topK-exp-materials/189.Red_bellied_Woodpecker_26_7.jpeg", "user_decision": "YES", "user_id": "username-4q0pdfhy", "is_user_correct": true}, {"top1-label": "Red cockaded Woodpecker", "top1-score": 0.8875566720962524, "question": "Sam guessed the Input image is 88% Red cockaded Woodpecker. Is it Red cockaded Woodpecker?", "Accept/Reject": true, "type": "topK", "image-path": "./data/topK-exp-materials/190.Red_cockaded_Woodpecker_19_5.jpeg", "user_decision": "YES", "user_id": "username-4q0pdfhy", "is_user_correct": true}, {"top1-label": "Blue Grosbeak", "top1-score": 0.9976829290390015, "question": "Sam guessed the Input image is 99% Blue Grosbeak. Is it Blue Grosbeak?", "Accept/Reject": true, "type": "topK", "image-path": "./data/topK-exp-materials/054.Blue_Grosbeak_7_5.jpeg", "user_decision": "YES", "user_id": "username-4q0pdfhy", "is_user_correct": true}, {"top1-label": "White eyed Vireo", "top1-score": 0.9981279373168945, "question": "Sam guessed the Input image is 99% White eyed Vireo. Is it White eyed Vireo?", "Accept/Reject": false, "type": "topK", "image-path": "./data/topK-exp-materials/157.Yellow_throated_Vireo_184_6.jpeg", "user_decision": "YES", "user_id": "username-4q0pdfhy", "is_user_correct": false}, {"top1-label": "Red bellied Woodpecker", "top1-score": 0.9928495287895203, "question": "Sam guessed the Input image is 99% Red bellied Woodpecker. Is it Red bellied Woodpecker?", "Accept/Reject": true, "type": "topK", "image-path": "./data/topK-exp-materials/189.Red_bellied_Woodpecker_8_3.jpeg", "user_decision": "YES", "user_id": "username-4q0pdfhy", "is_user_correct": true}, {"top1-label": "Mockingbird", "top1-score": 0.6824818253517151, "question": "Sam guessed the Input image is 68% Mockingbird. Is it Mockingbird?", "Accept/Reject": true, "type": "topK", "image-path": "./data/topK-exp-materials/091.Mockingbird_41_5.jpeg", "user_decision": "NO", "user_id": "username-4q0pdfhy", "is_user_correct": false}, {"top1-label": "Worm eating Warbler", "top1-score": 0.9706174731254578, "question": "Sam guessed the Input image is 97% Worm eating Warbler. Is it Worm eating Warbler?", "Accept/Reject": true, "type": "topK", "image-path": "./data/topK-exp-materials/181.Worm_eating_Warbler_41_6.jpeg", "user_decision": "YES", "user_id": "username-4q0pdfhy", "is_user_correct": true}, {"top1-label": "Bronzed Cowbird", "top1-score": 0.0002471311017870903, "question": "Sam guessed the Input image is 0% Bronzed Cowbird. Is it Bronzed Cowbird?", "Accept/Reject": false, "type": "topK", "image-path": "./data/topK-exp-materials/026.Bronzed_Cowbird_243_1.jpeg", "user_decision": "NO", "user_id": "username-4q0pdfhy", "is_user_correct": true}, {"top1-label": "Black billed Cuckoo", "top1-score": 0.45936301350593567, "question": "Sam guessed the Input image is 45% Black billed Cuckoo. Is it Black billed Cuckoo?", "Accept/Reject": false, "type": "topK", "image-path": "./data/topK-exp-materials/032.Mangrove_Cuckoo_147_0.jpeg", "user_decision": "YES", "user_id": "username-4q0pdfhy", "is_user_correct": false}, {"top1-label": "Yellow throated Vireo", "top1-score": 0.9833966493606567, "question": "Sam guessed the Input image is 98% Yellow throated Vireo. Is it Yellow throated Vireo?", "Accept/Reject": true, "type": "topK", "image-path": "./data/topK-exp-materials/157.Yellow_throated_Vireo_15_7.jpeg", "user_decision": "YES", "user_id": "username-4q0pdfhy", "is_user_correct": true}, {"top1-label": "Black Tern", "top1-score": 0.9709340929985046, "question": "Sam guessed the Input image is 97% Black Tern. Is it Black Tern?", "Accept/Reject": true, "type": "topK", "image-path": "./data/topK-exp-materials/142.Black_Tern_31_2.jpeg", "user_decision": "YES", "user_id": "username-4q0pdfhy", "is_user_correct": true}, {"top1-label": "Cape Glossy Starling", "top1-score": 0.884709358215332, "question": "Sam guessed the Input image is 88% Cape Glossy Starling. Is it Cape Glossy Starling?", "Accept/Reject": true, "type": "topK", "image-path": "./data/topK-exp-materials/134.Cape_Glossy_Starling_20_7.jpeg", "user_decision": "YES", "user_id": "username-4q0pdfhy", "is_user_correct": true}, {"top1-label": "Red bellied Woodpecker", "top1-score": 0.011527626775205135, "question": "Sam guessed the Input image is 1% Red bellied Woodpecker. Is it Red bellied Woodpecker?", "Accept/Reject": false, "type": "topK", "image-path": "./data/topK-exp-materials/191.Red_headed_Woodpecker_27_5.jpeg", "user_decision": "YES", "user_id": "username-4q0pdfhy", "is_user_correct": false}]}