{"user_id": "lnl0017-krcmz4fu", "time": 1706294248, "history": [{"top1-label": "Common Tern", "top1-score": 0.9897343516349792, "question": "Sam guessed the Input image is 98% Common Tern. Is it Common Tern?", "Accept/Reject": false, "type": "topK", "image-path": "./data/topK-exp-materials/146.Forsters_Tern_40_2.jpeg", "user_decision": "NO", "user_id": "lnl0017-krcmz4fu", "is_user_correct": true}, {"top1-label": "Red breasted Merganser", "top1-score": 0.013378582894802094, "question": "Sam guessed the Input image is 1% Red breasted Merganser. Is it Red breasted Merganser?", "Accept/Reject": false, "type": "topK", "image-path": "./data/topK-exp-materials/089.Hooded_Merganser_247_7.jpeg", "user_decision": "NO", "user_id": "lnl0017-krcmz4fu", "is_user_correct": true}, {"top1-label": "Blue Grosbeak", "top1-score": 0.9976829290390015, "question": "Sam guessed the Input image is 99% Blue Grosbeak. Is it Blue Grosbeak?", "Accept/Reject": true, "type": "topK", "image-path": "./data/topK-exp-materials/054.Blue_Grosbeak_7_5.jpeg", "user_decision": "YES", "user_id": "lnl0017-krcmz4fu", "is_user_correct": true}, {"top1-label": "White necked Raven", "top1-score": 0.036096569150686264, "question": "Sam guessed the Input image is 3% White necked Raven. Is it White necked Raven?", "Accept/Reject": false, "type": "topK", "image-path": "./data/topK-exp-materials/108.White_necked_Raven_232_2.jpeg", "user_decision": "YES", "user_id": "lnl0017-krcmz4fu", "is_user_correct": false}, {"top1-label": "Gray crowned Rosy Finch", "top1-score": 0.9907346367835999, "question": "Sam guessed the Input image is 99% Gray crowned Rosy Finch. Is it Gray crowned Rosy Finch?", "Accept/Reject": true, "type": "topK", "image-path": "./data/topK-exp-materials/034.Gray_crowned_Rosy_Finch_26_6.jpeg", "user_decision": "YES", "user_id": "lnl0017-krcmz4fu", "is_user_correct": true}, {"top1-label": "Heermann Gull", "top1-score": 0.9785957932472229, "question": "Sam guessed the Input image is 97% Heermann Gull. Is it Heermann Gull?", "Accept/Reject": true, "type": "topK", "image-path": "./data/topK-exp-materials/061.Heermann_Gull_10_7.jpeg", "user_decision": "YES", "user_id": "lnl0017-krcmz4fu", "is_user_correct": true}, {"top1-label": "Clark Nutcracker", "top1-score": 0.9964558482170105, "question": "Sam guessed the Input image is 99% Clark Nutcracker. Is it Clark Nutcracker?", "Accept/Reject": true, "type": "topK", "image-path": "./data/topK-exp-materials/093.Clark_Nutcracker_27_7.jpeg", "user_decision": "YES", "user_id": "lnl0017-krcmz4fu", "is_user_correct": true}, {"top1-label": "Boat tailed Grackle", "top1-score": 0.9524627327919006, "question": "Sam guessed the Input image is 95% Boat tailed Grackle. Is it Boat tailed Grackle?", "Accept/Reject": false, "type": "topK", "image-path": "./data/topK-exp-materials/030.Fish_Crow_16_2.jpeg", "user_decision": "NO", "user_id": "lnl0017-krcmz4fu", "is_user_correct": true}, {"top1-label": "Eared Grebe", "top1-score": 0.9976015090942383, "question": "Sam guessed the Input image is 99% Eared Grebe. Is it Eared Grebe?", "Accept/Reject": false, "type": "topK", "image-path": "./data/topK-exp-materials/051.Horned_Grebe_209_6.jpeg", "user_decision": "YES", "user_id": "lnl0017-krcmz4fu", "is_user_correct": false}, {"top1-label": "Nelson Sharp tailed Sparrow", "top1-score": 0.11916869878768921, "question": "Sam guessed the Input image is 11% Nelson Sharp tailed Sparrow. Is it Nelson Sharp tailed Sparrow?", "Accept/Reject": false, "type": "topK", "image-path": "./data/topK-exp-materials/128.Seaside_Sparrow_84_6.jpeg", "user_decision": "NO", "user_id": "lnl0017-krcmz4fu", "is_user_correct": true}, {"top1-label": "House Sparrow", "top1-score": 0.5226640105247498, "question": "Sam guessed the Input image is 52% House Sparrow. Is it House Sparrow?", "Accept/Reject": false, "type": "topK", "image-path": "./data/topK-exp-materials/130.Tree_Sparrow_304_0.jpeg", "user_decision": "NO", "user_id": "lnl0017-krcmz4fu", "is_user_correct": true}, {"top1-label": "Vesper Sparrow", "top1-score": 0.30801257491111755, "question": "Sam guessed the Input image is 30% Vesper Sparrow. Is it Vesper Sparrow?", "Accept/Reject": false, "type": "topK", "image-path": "./data/topK-exp-materials/117.Clay_colored_Sparrow_83_2.jpeg", "user_decision": "YES", "user_id": "lnl0017-krcmz4fu", "is_user_correct": false}, {"top1-label": "Spotted Catbird", "top1-score": 0.04556488245725632, "question": "Sam guessed the Input image is 4% Spotted Catbird. Is it Spotted Catbird?", "Accept/Reject": false, "type": "topK", "image-path": "./data/topK-exp-materials/130.Tree_Sparrow_25_0.jpeg", "user_decision": "NO", "user_id": "lnl0017-krcmz4fu", "is_user_correct": true}, {"top1-label": "Yellow breasted Chat", "top1-score": 0.9490922093391418, "question": "Sam guessed the Input image is 94% Yellow breasted Chat. Is it Yellow breasted Chat?", "Accept/Reject": true, "type": "topK", "image-path": "./data/topK-exp-materials/020.Yellow_breasted_Chat_41_0.jpeg", "user_decision": "YES", "user_id": "lnl0017-krcmz4fu", "is_user_correct": true}, {"top1-label": "Common Raven", "top1-score": 0.3587762713432312, "question": "Sam guessed the Input image is 35% Common Raven. Is it Common Raven?", "Accept/Reject": false, "type": "topK", "image-path": "./data/topK-exp-materials/107.Common_Raven_220_1.jpeg", "user_decision": "YES", "user_id": "lnl0017-krcmz4fu", "is_user_correct": false}, {"top1-label": "Red bellied Woodpecker", "top1-score": 0.9928495287895203, "question": "Sam guessed the Input image is 99% Red bellied Woodpecker. Is it Red bellied Woodpecker?", "Accept/Reject": true, "type": "topK", "image-path": "./data/topK-exp-materials/189.Red_bellied_Woodpecker_8_3.jpeg", "user_decision": "YES", "user_id": "lnl0017-krcmz4fu", "is_user_correct": true}, {"top1-label": "Cedar Waxwing", "top1-score": 0.9306260347366333, "question": "Sam guessed the Input image is 93% Cedar Waxwing. Is it Cedar Waxwing?", "Accept/Reject": true, "type": "topK", "image-path": "./data/topK-exp-materials/186.Cedar_Waxwing_14_2.jpeg", "user_decision": "YES", "user_id": "lnl0017-krcmz4fu", "is_user_correct": true}, {"top1-label": "Ringed Kingfisher", "top1-score": 0.9992504715919495, "question": "Sam guessed the Input image is 99% Ringed Kingfisher. Is it Ringed Kingfisher?", "Accept/Reject": true, "type": "topK", "image-path": "./data/topK-exp-materials/082.Ringed_Kingfisher_14_5.jpeg", "user_decision": "YES", "user_id": "lnl0017-krcmz4fu", "is_user_correct": true}, {"top1-label": "Wilson Warbler", "top1-score": 0.20916905999183655, "question": "Sam guessed the Input image is 20% Wilson Warbler. Is it Wilson Warbler?", "Accept/Reject": false, "type": "topK", "image-path": "./data/topK-exp-materials/167.Hooded_Warbler_235_2.jpeg", "user_decision": "NO", "user_id": "lnl0017-krcmz4fu", "is_user_correct": true}, {"top1-label": "Chuck will Widow", "top1-score": 0.14265823364257812, "question": "Sam guessed the Input image is 14% Chuck will Widow. Is it Chuck will Widow?", "Accept/Reject": false, "type": "topK", "image-path": "./data/topK-exp-materials/105.Whip_poor_Will_128_3.jpeg", "user_decision": "YES", "user_id": "lnl0017-krcmz4fu", "is_user_correct": false}, {"top1-label": "Warbling Vireo", "top1-score": 0.7354265451431274, "question": "Sam guessed the Input image is 73% Warbling Vireo. Is it Warbling Vireo?", "Accept/Reject": true, "type": "topK", "image-path": "./data/topK-exp-materials/155.Warbling_Vireo_37_0.jpeg", "user_decision": "NO", "user_id": "lnl0017-krcmz4fu", "is_user_correct": false}, {"top1-label": "Western Gull", "top1-score": 0.901774525642395, "question": "Sam guessed the Input image is 90% Western Gull. Is it Western Gull?", "Accept/Reject": false, "type": "topK", "image-path": "./data/topK-exp-materials/059.California_Gull_291_1.jpeg", "user_decision": "NO", "user_id": "lnl0017-krcmz4fu", "is_user_correct": true}, {"top1-label": "American Crow", "top1-score": 0.0120464526116848, "question": "Sam guessed the Input image is 1% American Crow. Is it American Crow?", "Accept/Reject": false, "type": "topK", "image-path": "./data/topK-exp-materials/009.Brewer_Blackbird_197_3.jpeg", "user_decision": "NO", "user_id": "lnl0017-krcmz4fu", "is_user_correct": true}, {"top1-label": "Black billed Cuckoo", "top1-score": 0.9805046319961548, "question": "Sam guessed the Input image is 98% Black billed Cuckoo. Is it Black billed Cuckoo?", "Accept/Reject": true, "type": "topK", "image-path": "./data/topK-exp-materials/031.Black_billed_Cuckoo_6_2.jpeg", "user_decision": "YES", "user_id": "lnl0017-krcmz4fu", "is_user_correct": true}, {"top1-label": "Sayornis", "top1-score": 0.06448663771152496, "question": "Sam guessed the Input image is 6% Sayornis. Is it Sayornis?", "Accept/Reject": false, "type": "topK", "image-path": "./data/topK-exp-materials/135.Bank_Swallow_49_5.jpeg", "user_decision": "NO", "user_id": "lnl0017-krcmz4fu", "is_user_correct": true}, {"top1-label": "Harris Sparrow", "top1-score": 0.7087512016296387, "question": "Sam guessed the Input image is 70% Harris Sparrow. Is it Harris Sparrow?", "Accept/Reject": true, "type": "topK", "image-path": "./data/topK-exp-materials/122.Harris_Sparrow_27_2.jpeg", "user_decision": "NO", "user_id": "lnl0017-krcmz4fu", "is_user_correct": false}, {"top1-label": "Great Grey Shrike", "top1-score": 0.9435285329818726, "question": "Sam guessed the Input image is 94% Great Grey Shrike. Is it Great Grey Shrike?", "Accept/Reject": false, "type": "topK", "image-path": "./data/topK-exp-materials/111.Loggerhead_Shrike_237_6.jpeg", "user_decision": "YES", "user_id": "lnl0017-krcmz4fu", "is_user_correct": false}, {"top1-label": "Black footed Albatross", "top1-score": 0.08744495362043381, "question": "Sam guessed the Input image is 8% Black footed Albatross. Is it Black footed Albatross?", "Accept/Reject": false, "type": "topK", "image-path": "./data/topK-exp-materials/071.Long_tailed_Jaeger_86_6.jpeg", "user_decision": "NO", "user_id": "lnl0017-krcmz4fu", "is_user_correct": true}, {"top1-label": "Florida Jay", "top1-score": 0.998314380645752, "question": "Sam guessed the Input image is 99% Florida Jay. Is it Florida Jay?", "Accept/Reject": true, "type": "topK", "image-path": "./data/topK-exp-materials/074.Florida_Jay_10_6.jpeg", "user_decision": "YES", "user_id": "lnl0017-krcmz4fu", "is_user_correct": true}, {"top1-label": "Anna Hummingbird", "top1-score": 0.3595849871635437, "question": "Sam guessed the Input image is 35% Anna Hummingbird. Is it Anna Hummingbird?", "Accept/Reject": false, "type": "topK", "image-path": "./data/topK-exp-materials/068.Ruby_throated_Hummingbird_7_4.jpeg", "user_decision": "NO", "user_id": "lnl0017-krcmz4fu", "is_user_correct": false}]}