{"user_id": "jzn0041-ismb56cf", "time": 1706299748, "history": [{"top1-label": "Sayornis", "top1-score": 0.3616830110549927, "question": "Sam guessed the Input image is 36% Sayornis. Is it Sayornis?", "Accept/Reject": true, "type": "topK", "image-path": "./data/topK-exp-materials/103.Sayornis_4_1.jpeg", "user_decision": "NO", "user_id": "jzn0041-ismb56cf", "is_user_correct": false}, {"top1-label": "Purple Finch", "top1-score": 0.9866963028907776, "question": "Sam guessed the Input image is 98% Purple Finch. Is it Purple Finch?", "Accept/Reject": true, "type": "topK", "image-path": "./data/topK-exp-materials/035.Purple_Finch_38_2.jpeg", "user_decision": "YES", "user_id": "jzn0041-ismb56cf", "is_user_correct": true}, {"top1-label": "Red bellied Woodpecker", "top1-score": 0.011527626775205135, "question": "Sam guessed the Input image is 1% Red bellied Woodpecker. Is it Red bellied Woodpecker?", "Accept/Reject": false, "type": "topK", "image-path": "./data/topK-exp-materials/191.Red_headed_Woodpecker_27_5.jpeg", "user_decision": "NO", "user_id": "jzn0041-ismb56cf", "is_user_correct": true}, {"top1-label": "Whip poor Will", "top1-score": 0.003246027510613203, "question": "Sam guessed the Input image is 0% Whip poor Will. Is it Whip poor Will?", "Accept/Reject": false, "type": "topK", "image-path": "./data/topK-exp-materials/040.Olive_sided_Flycatcher_87_7.jpeg", "user_decision": "NO", "user_id": "jzn0041-ismb56cf", "is_user_correct": true}, {"top1-label": "Fish Crow", "top1-score": 0.34801560640335083, "question": "Sam guessed the Input image is 34% Fish Crow. Is it Fish Crow?", "Accept/Reject": false, "type": "topK", "image-path": "./data/topK-exp-materials/011.Rusty_Blackbird_56_7.jpeg", "user_decision": "NO", "user_id": "jzn0041-ismb56cf", "is_user_correct": true}, {"top1-label": "Lincoln Sparrow", "top1-score": 0.9881682395935059, "question": "Sam guessed the Input image is 98% Lincoln Sparrow. Is it Lincoln Sparrow?", "Accept/Reject": true, "type": "topK", "image-path": "./data/topK-exp-materials/125.Lincoln_Sparrow_29_6.jpeg", "user_decision": "NO", "user_id": "jzn0041-ismb56cf", "is_user_correct": false}, {"top1-label": "Scissor tailed Flycatcher", "top1-score": 0.998297929763794, "question": "Sam guessed the Input image is 99% Scissor tailed Flycatcher. Is it Scissor tailed Flycatcher?", "Accept/Reject": true, "type": "topK", "image-path": "./data/topK-exp-materials/041.Scissor_tailed_Flycatcher_19_1.jpeg", "user_decision": "YES", "user_id": "jzn0041-ismb56cf", "is_user_correct": true}, {"top1-label": "Pelagic Cormorant", "top1-score": 0.012642119079828262, "question": "Sam guessed the Input image is 1% Pelagic Cormorant. Is it Pelagic Cormorant?", "Accept/Reject": false, "type": "topK", "image-path": "./data/topK-exp-materials/023.Brandt_Cormorant_110_1.jpeg", "user_decision": "YES", "user_id": "jzn0041-ismb56cf", "is_user_correct": false}, {"top1-label": "Forsters Tern", "top1-score": 0.7486879229545593, "question": "Sam guessed the Input image is 74% Forsters Tern. Is it Forsters Tern?", "Accept/Reject": true, "type": "topK", "image-path": "./data/topK-exp-materials/146.Forsters_Tern_17_5.jpeg", "user_decision": "NO", "user_id": "jzn0041-ismb56cf", "is_user_correct": false}, {"top1-label": "Henslow Sparrow", "top1-score": 0.4842006266117096, "question": "Sam guessed the Input image is 48% Henslow Sparrow. Is it Henslow Sparrow?", "Accept/Reject": true, "type": "topK", "image-path": "./data/topK-exp-materials/123.Henslow_Sparrow_25_4.jpeg", "user_decision": "NO", "user_id": "jzn0041-ismb56cf", "is_user_correct": false}, {"top1-label": "American Pipit", "top1-score": 0.9962766170501709, "question": "Sam guessed the Input image is 99% American Pipit. Is it American Pipit?", "Accept/Reject": true, "type": "topK", "image-path": "./data/topK-exp-materials/104.American_Pipit_37_5.jpeg", "user_decision": "YES", "user_id": "jzn0041-ismb56cf", "is_user_correct": true}, {"top1-label": "Loggerhead Shrike", "top1-score": 0.6312403082847595, "question": "Sam guessed the Input image is 63% Loggerhead Shrike. Is it Loggerhead Shrike?", "Accept/Reject": false, "type": "topK", "image-path": "./data/topK-exp-materials/112.Great_Grey_Shrike_62_6.jpeg", "user_decision": "NO", "user_id": "jzn0041-ismb56cf", "is_user_correct": true}, {"top1-label": "Ring billed Gull", "top1-score": 0.7910463809967041, "question": "Sam guessed the Input image is 79% Ring billed Gull. Is it Ring billed Gull?", "Accept/Reject": false, "type": "topK", "image-path": "./data/topK-exp-materials/064.Ring_billed_Gull_162_5.jpeg", "user_decision": "NO", "user_id": "jzn0041-ismb56cf", "is_user_correct": true}, {"top1-label": "Green tailed Towhee", "top1-score": 0.9980832934379578, "question": "Sam guessed the Input image is 99% Green tailed Towhee. Is it Green tailed Towhee?", "Accept/Reject": true, "type": "topK", "image-path": "./data/topK-exp-materials/148.Green_tailed_Towhee_24_2.jpeg", "user_decision": "YES", "user_id": "jzn0041-ismb56cf", "is_user_correct": true}, {"top1-label": "Brown Creeper", "top1-score": 0.9995700716972351, "question": "Sam guessed the Input image is 99% Brown Creeper. Is it Brown Creeper?", "Accept/Reject": true, "type": "topK", "image-path": "./data/topK-exp-materials/028.Brown_Creeper_29_7.jpeg", "user_decision": "NO", "user_id": "jzn0041-ismb56cf", "is_user_correct": false}, {"top1-label": "Pigeon Guillemot", "top1-score": 0.012004350312054157, "question": "Sam guessed the Input image is 1% Pigeon Guillemot. Is it Pigeon Guillemot?", "Accept/Reject": false, "type": "topK", "image-path": "./data/topK-exp-materials/071.Long_tailed_Jaeger_285_5.jpeg", "user_decision": "NO", "user_id": "jzn0041-ismb56cf", "is_user_correct": true}, {"top1-label": "Eared Grebe", "top1-score": 0.3727690577507019, "question": "Sam guessed the Input image is 37% Eared Grebe. Is it Eared Grebe?", "Accept/Reject": true, "type": "topK", "image-path": "./data/topK-exp-materials/050.Eared_Grebe_2_5.jpeg", "user_decision": "NO", "user_id": "jzn0041-ismb56cf", "is_user_correct": false}, {"top1-label": "Tropical Kingbird", "top1-score": 0.9948203563690186, "question": "Sam guessed the Input image is 99% Tropical Kingbird. Is it Tropical Kingbird?", "Accept/Reject": true, "type": "topK", "image-path": "./data/topK-exp-materials/077.Tropical_Kingbird_30_0.jpeg", "user_decision": "YES", "user_id": "jzn0041-ismb56cf", "is_user_correct": true}, {"top1-label": "House Sparrow", "top1-score": 0.2231561541557312, "question": "Sam guessed the Input image is 22% House Sparrow. Is it House Sparrow?", "Accept/Reject": false, "type": "topK", "image-path": "./data/topK-exp-materials/118.House_Sparrow_257_1.jpeg", "user_decision": "NO", "user_id": "jzn0041-ismb56cf", "is_user_correct": true}, {"top1-label": "Wilson Warbler", "top1-score": 0.9969179034233093, "question": "Sam guessed the Input image is 99% Wilson Warbler. Is it Wilson Warbler?", "Accept/Reject": true, "type": "topK", "image-path": "./data/topK-exp-materials/180.Wilson_Warbler_5_0.jpeg", "user_decision": "NO", "user_id": "jzn0041-ismb56cf", "is_user_correct": false}, {"top1-label": "Rusty Blackbird", "top1-score": 0.9958319664001465, "question": "Sam guessed the Input image is 99% Rusty Blackbird. Is it Rusty Blackbird?", "Accept/Reject": true, "type": "topK", "image-path": "./data/topK-exp-materials/011.Rusty_Blackbird_19_3.jpeg", "user_decision": "YES", "user_id": "jzn0041-ismb56cf", "is_user_correct": true}, {"top1-label": "Yellow throated Vireo", "top1-score": 0.19876627624034882, "question": "Sam guessed the Input image is 19% Yellow throated Vireo. Is it Yellow throated Vireo?", "Accept/Reject": false, "type": "topK", "image-path": "./data/topK-exp-materials/157.Yellow_throated_Vireo_57_5.jpeg", "user_decision": "YES", "user_id": "jzn0041-ismb56cf", "is_user_correct": false}, {"top1-label": "Mangrove Cuckoo", "top1-score": 0.2563791275024414, "question": "Sam guessed the Input image is 25% Mangrove Cuckoo. Is it Mangrove Cuckoo?", "Accept/Reject": false, "type": "topK", "image-path": "./data/topK-exp-materials/032.Mangrove_Cuckoo_98_5.jpeg", "user_decision": "NO", "user_id": "jzn0041-ismb56cf", "is_user_correct": true}, {"top1-label": "Elegant Tern", "top1-score": 0.5819884538650513, "question": "Sam guessed the Input image is 58% Elegant Tern. Is it Elegant Tern?", "Accept/Reject": false, "type": "topK", "image-path": "./data/topK-exp-materials/147.Least_Tern_247_1.jpeg", "user_decision": "NO", "user_id": "jzn0041-ismb56cf", "is_user_correct": true}, {"top1-label": "Red breasted Merganser", "top1-score": 0.2328711450099945, "question": "Sam guessed the Input image is 23% Red breasted Merganser. Is it Red breasted Merganser?", "Accept/Reject": false, "type": "topK", "image-path": "./data/topK-exp-materials/089.Hooded_Merganser_310_4.jpeg", "user_decision": "NO", "user_id": "jzn0041-ismb56cf", "is_user_correct": true}, {"top1-label": "Horned Puffin", "top1-score": 0.9992210865020752, "question": "Sam guessed the Input image is 99% Horned Puffin. Is it Horned Puffin?", "Accept/Reject": true, "type": "topK", "image-path": "./data/topK-exp-materials/106.Horned_Puffin_28_0.jpeg", "user_decision": "YES", "user_id": "jzn0041-ismb56cf", "is_user_correct": true}, {"top1-label": "Dark eyed Junco", "top1-score": 0.9988878965377808, "question": "Sam guessed the Input image is 99% Dark eyed Junco. Is it Dark eyed Junco?", "Accept/Reject": true, "type": "topK", "image-path": "./data/topK-exp-materials/076.Dark_eyed_Junco_8_7.jpeg", "user_decision": "YES", "user_id": "jzn0041-ismb56cf", "is_user_correct": true}, {"top1-label": "Swainson Warbler", "top1-score": 0.18717005848884583, "question": "Sam guessed the Input image is 18% Swainson Warbler. Is it Swainson Warbler?", "Accept/Reject": false, "type": "topK", "image-path": "./data/topK-exp-materials/118.House_Sparrow_142_2.jpeg", "user_decision": "NO", "user_id": "jzn0041-ismb56cf", "is_user_correct": true}, {"top1-label": "Horned Lark", "top1-score": 0.10650143772363663, "question": "Sam guessed the Input image is 10% Horned Lark. Is it Horned Lark?", "Accept/Reject": false, "type": "topK", "image-path": "./data/topK-exp-materials/085.Horned_Lark_262_6.jpeg", "user_decision": "YES", "user_id": "jzn0041-ismb56cf", "is_user_correct": false}, {"top1-label": "Pelagic Cormorant", "top1-score": 0.9758628606796265, "question": "Sam guessed the Input image is 97% Pelagic Cormorant. Is it Pelagic Cormorant?", "Accept/Reject": true, "type": "topK", "image-path": "./data/topK-exp-materials/025.Pelagic_Cormorant_21_2.jpeg", "user_decision": "NO", "user_id": "jzn0041-ismb56cf", "is_user_correct": false}]}