{"user_id": "ctd0037-zle40w6s", "time": 1706308321, "history": [{"top1-label": "White crowned Sparrow", "top1-score": 0.9832040071487427, "question": "Sam guessed the Input image is 98% White crowned Sparrow. Is it White crowned Sparrow?", "Accept/Reject": true, "type": "top1", "image-path": "./data/top1-exp-materials/132.White_crowned_Sparrow_0_4.jpeg", "user_decision": "YES", "user_id": "ctd0037-zle40w6s", "is_user_correct": true}, {"top1-label": "Shiny Cowbird", "top1-score": 0.02239486575126648, "question": "Sam guessed the Input image is 2% Shiny Cowbird. Is it Shiny Cowbird?", "Accept/Reject": false, "type": "top1", "image-path": "./data/top1-exp-materials/027.Shiny_Cowbird_18_3.jpeg", "user_decision": "YES", "user_id": "ctd0037-zle40w6s", "is_user_correct": false}, {"top1-label": "Golden winged Warbler", "top1-score": 0.9993302822113037, "question": "Sam guessed the Input image is 99% Golden winged Warbler. Is it Golden winged Warbler?", "Accept/Reject": true, "type": "top1", "image-path": "./data/top1-exp-materials/166.Golden_winged_Warbler_33_1.jpeg", "user_decision": "YES", "user_id": "ctd0037-zle40w6s", "is_user_correct": true}, {"top1-label": "Orchard Oriole", "top1-score": 0.01770409569144249, "question": "Sam guessed the Input image is 1% Orchard Oriole. Is it Orchard Oriole?", "Accept/Reject": false, "type": "top1", "image-path": "./data/top1-exp-materials/098.Scott_Oriole_111_1.jpeg", "user_decision": "YES", "user_id": "ctd0037-zle40w6s", "is_user_correct": false}, {"top1-label": "Brewer Blackbird", "top1-score": 0.1671334058046341, "question": "Sam guessed the Input image is 16% Brewer Blackbird. Is it Brewer Blackbird?", "Accept/Reject": false, "type": "top1", "image-path": "./data/top1-exp-materials/049.Boat_tailed_Grackle_41_1.jpeg", "user_decision": "YES", "user_id": "ctd0037-zle40w6s", "is_user_correct": false}, {"top1-label": "California Gull", "top1-score": 0.8870568871498108, "question": "Sam guessed the Input image is 88% California Gull. Is it California Gull?", "Accept/Reject": false, "type": "top1", "image-path": "./data/top1-exp-materials/062.Herring_Gull_306_3.jpeg", "user_decision": "YES", "user_id": "ctd0037-zle40w6s", "is_user_correct": false}, {"top1-label": "Spotted Catbird", "top1-score": 0.5402554273605347, "question": "Sam guessed the Input image is 54% Spotted Catbird. Is it Spotted Catbird?", "Accept/Reject": true, "type": "top1", "image-path": "./data/top1-exp-materials/018.Spotted_Catbird_38_7.jpeg", "user_decision": "YES", "user_id": "ctd0037-zle40w6s", "is_user_correct": true}, {"top1-label": "Sayornis", "top1-score": 0.3378506004810333, "question": "Sam guessed the Input image is 33% Sayornis. Is it Sayornis?", "Accept/Reject": false, "type": "top1", "image-path": "./data/top1-exp-materials/102.Western_Wood_Pewee_22_5.jpeg", "user_decision": "YES", "user_id": "ctd0037-zle40w6s", "is_user_correct": false}, {"top1-label": "Brewer Blackbird", "top1-score": 0.9880331754684448, "question": "Sam guessed the Input image is 98% Brewer Blackbird. Is it Brewer Blackbird?", "Accept/Reject": true, "type": "top1", "image-path": "./data/top1-exp-materials/009.Brewer_Blackbird_4_7.jpeg", "user_decision": "YES", "user_id": "ctd0037-zle40w6s", "is_user_correct": true}, {"top1-label": "Common Tern", "top1-score": 0.38810494542121887, "question": "Sam guessed the Input image is 38% Common Tern. Is it Common Tern?", "Accept/Reject": false, "type": "top1", "image-path": "./data/top1-exp-materials/142.Black_Tern_50_1.jpeg", "user_decision": "YES", "user_id": "ctd0037-zle40w6s", "is_user_correct": false}, {"top1-label": "Bank Swallow", "top1-score": 0.9643188714981079, "question": "Sam guessed the Input image is 96% Bank Swallow. Is it Bank Swallow?", "Accept/Reject": false, "type": "top1", "image-path": "./data/top1-exp-materials/138.Tree_Swallow_70_0.jpeg", "user_decision": "YES", "user_id": "ctd0037-zle40w6s", "is_user_correct": false}, {"top1-label": "Pine Warbler", "top1-score": 0.9837488532066345, "question": "Sam guessed the Input image is 98% Pine Warbler. Is it Pine Warbler?", "Accept/Reject": true, "type": "top1", "image-path": "./data/top1-exp-materials/175.Pine_Warbler_15_2.jpeg", "user_decision": "YES", "user_id": "ctd0037-zle40w6s", "is_user_correct": true}, {"top1-label": "Philadelphia Vireo", "top1-score": 0.04229721426963806, "question": "Sam guessed the Input image is 4% Philadelphia Vireo. Is it Philadelphia Vireo?", "Accept/Reject": false, "type": "top1", "image-path": "./data/top1-exp-materials/032.Mangrove_Cuckoo_115_0.jpeg", "user_decision": "NO", "user_id": "ctd0037-zle40w6s", "is_user_correct": true}, {"top1-label": "Artic Tern", "top1-score": 0.9293242692947388, "question": "Sam guessed the Input image is 92% Artic Tern. Is it Artic Tern?", "Accept/Reject": false, "type": "top1", "image-path": "./data/top1-exp-materials/144.Common_Tern_110_5.jpeg", "user_decision": "YES", "user_id": "ctd0037-zle40w6s", "is_user_correct": false}, {"top1-label": "Red bellied Woodpecker", "top1-score": 0.9928495287895203, "question": "Sam guessed the Input image is 99% Red bellied Woodpecker. Is it Red bellied Woodpecker?", "Accept/Reject": true, "type": "top1", "image-path": "./data/top1-exp-materials/189.Red_bellied_Woodpecker_8_3.jpeg", "user_decision": "YES", "user_id": "ctd0037-zle40w6s", "is_user_correct": true}, {"top1-label": "Tropical Kingbird", "top1-score": 0.4960978627204895, "question": "Sam guessed the Input image is 49% Tropical Kingbird. Is it Tropical Kingbird?", "Accept/Reject": false, "type": "top1", "image-path": "./data/top1-exp-materials/077.Tropical_Kingbird_76_0.jpeg", "user_decision": "YES", "user_id": "ctd0037-zle40w6s", "is_user_correct": false}, {"top1-label": "Hooded Warbler", "top1-score": 0.47891050577163696, "question": "Sam guessed the Input image is 47% Hooded Warbler. Is it Hooded Warbler?", "Accept/Reject": false, "type": "top1", "image-path": "./data/top1-exp-materials/166.Golden_winged_Warbler_286_5.jpeg", "user_decision": "NO", "user_id": "ctd0037-zle40w6s", "is_user_correct": true}, {"top1-label": "Philadelphia Vireo", "top1-score": 0.0621122345328331, "question": "Sam guessed the Input image is 6% Philadelphia Vireo. Is it Philadelphia Vireo?", "Accept/Reject": false, "type": "top1", "image-path": "./data/top1-exp-materials/157.Yellow_throated_Vireo_226_4.jpeg", "user_decision": "YES", "user_id": "ctd0037-zle40w6s", "is_user_correct": false}, {"top1-label": "Seaside Sparrow", "top1-score": 0.00028974362066946924, "question": "Sam guessed the Input image is 0% Seaside Sparrow. Is it Seaside Sparrow?", "Accept/Reject": false, "type": "top1", "image-path": "./data/top1-exp-materials/126.Nelson_Sharp_tailed_Sparrow_18_2.jpeg", "user_decision": "YES", "user_id": "ctd0037-zle40w6s", "is_user_correct": false}, {"top1-label": "Caspian Tern", "top1-score": 0.9223760962486267, "question": "Sam guessed the Input image is 92% Caspian Tern. Is it Caspian Tern?", "Accept/Reject": true, "type": "top1", "image-path": "./data/top1-exp-materials/143.Caspian_Tern_28_7.jpeg", "user_decision": "YES", "user_id": "ctd0037-zle40w6s", "is_user_correct": true}, {"top1-label": "Groove billed Ani", "top1-score": 0.11780327558517456, "question": "Sam guessed the Input image is 11% Groove billed Ani. Is it Groove billed Ani?", "Accept/Reject": false, "type": "top1", "image-path": "./data/top1-exp-materials/108.White_necked_Raven_193_1.jpeg", "user_decision": "NO", "user_id": "ctd0037-zle40w6s", "is_user_correct": true}, {"top1-label": "Forsters Tern", "top1-score": 0.8702758550643921, "question": "Sam guessed the Input image is 87% Forsters Tern. Is it Forsters Tern?", "Accept/Reject": true, "type": "top1", "image-path": "./data/top1-exp-materials/146.Forsters_Tern_38_0.jpeg", "user_decision": "YES", "user_id": "ctd0037-zle40w6s", "is_user_correct": true}, {"top1-label": "Carolina Wren", "top1-score": 0.9924701452255249, "question": "Sam guessed the Input image is 99% Carolina Wren. Is it Carolina Wren?", "Accept/Reject": true, "type": "top1", "image-path": "./data/top1-exp-materials/195.Carolina_Wren_11_0.jpeg", "user_decision": "YES", "user_id": "ctd0037-zle40w6s", "is_user_correct": true}, {"top1-label": "Common Tern", "top1-score": 0.5846204161643982, "question": "Sam guessed the Input image is 58% Common Tern. Is it Common Tern?", "Accept/Reject": false, "type": "top1", "image-path": "./data/top1-exp-materials/141.Artic_Tern_109_2.jpeg", "user_decision": "YES", "user_id": "ctd0037-zle40w6s", "is_user_correct": false}, {"top1-label": "Yellow throated Vireo", "top1-score": 0.19876627624034882, "question": "Sam guessed the Input image is 19% Yellow throated Vireo. Is it Yellow throated Vireo?", "Accept/Reject": false, "type": "top1", "image-path": "./data/top1-exp-materials/157.Yellow_throated_Vireo_57_5.jpeg", "user_decision": "YES", "user_id": "ctd0037-zle40w6s", "is_user_correct": false}, {"top1-label": "Gray Catbird", "top1-score": 5.175268597668037e-05, "question": "Sam guessed the Input image is 0% Gray Catbird. Is it Gray Catbird?", "Accept/Reject": false, "type": "top1", "image-path": "./data/top1-exp-materials/019.Gray_Catbird_262_7.jpeg", "user_decision": "NO", "user_id": "ctd0037-zle40w6s", "is_user_correct": true}, {"top1-label": "Yellow headed Blackbird", "top1-score": 0.9998099207878113, "question": "Sam guessed the Input image is 99% Yellow headed Blackbird. Is it Yellow headed Blackbird?", "Accept/Reject": true, "type": "top1", "image-path": "./data/top1-exp-materials/012.Yellow_headed_Blackbird_7_0.jpeg", "user_decision": "YES", "user_id": "ctd0037-zle40w6s", "is_user_correct": true}, {"top1-label": "Ringed Kingfisher", "top1-score": 0.8482418060302734, "question": "Sam guessed the Input image is 84% Ringed Kingfisher. Is it Ringed Kingfisher?", "Accept/Reject": false, "type": "top1", "image-path": "./data/top1-exp-materials/080.Green_Kingfisher_216_4.jpeg", "user_decision": "YES", "user_id": "ctd0037-zle40w6s", "is_user_correct": false}, {"top1-label": "Kentucky Warbler", "top1-score": 0.9691380262374878, "question": "Sam guessed the Input image is 96% Kentucky Warbler. Is it Kentucky Warbler?", "Accept/Reject": true, "type": "top1", "image-path": "./data/top1-exp-materials/168.Kentucky_Warbler_9_7.jpeg", "user_decision": "YES", "user_id": "ctd0037-zle40w6s", "is_user_correct": true}, {"top1-label": "American Crow", "top1-score": 0.10523789376020432, "question": "Sam guessed the Input image is 10% American Crow. Is it American Crow?", "Accept/Reject": false, "type": "top1", "image-path": "./data/top1-exp-materials/030.Fish_Crow_87_6.jpeg", "user_decision": "YES", "user_id": "ctd0037-zle40w6s", "is_user_correct": false}]}