{"user_id": "snh0037-d2bhq1v5", "time": 1706126029, "history": [{"top1-label": "Lazuli Bunting", "top1-score": 0.999834418296814, "question": "Sam guessed the Input image is 99% Lazuli Bunting. Is it Lazuli Bunting?", "Accept/Reject": false, "type": "topK", "image-path": "./data/topK-exp-materials/116.Chipping_Sparrow_114_1.jpeg", "user_decision": "YES", "user_id": "snh0037-d2bhq1v5", "is_user_correct": false}, {"top1-label": "Belted Kingfisher", "top1-score": 0.9831908345222473, "question": "Sam guessed the Input image is 98% Belted Kingfisher. Is it Belted Kingfisher?", "Accept/Reject": false, "type": "topK", "image-path": "./data/topK-exp-materials/080.Green_Kingfisher_61_1.jpeg", "user_decision": "YES", "user_id": "snh0037-d2bhq1v5", "is_user_correct": false}, {"top1-label": "Yellow billed Cuckoo", "top1-score": 0.9873858690261841, "question": "Sam guessed the Input image is 98% Yellow billed Cuckoo. Is it Yellow billed Cuckoo?", "Accept/Reject": false, "type": "topK", "image-path": "./data/topK-exp-materials/031.Black_billed_Cuckoo_88_5.jpeg", "user_decision": "YES", "user_id": "snh0037-d2bhq1v5", "is_user_correct": false}, {"top1-label": "Prothonotary Warbler", "top1-score": 0.9965580105781555, "question": "Sam guessed the Input image is 99% Prothonotary Warbler. Is it Prothonotary Warbler?", "Accept/Reject": true, "type": "topK", "image-path": "./data/topK-exp-materials/177.Prothonotary_Warbler_42_0.jpeg", "user_decision": "YES", "user_id": "snh0037-d2bhq1v5", "is_user_correct": true}, {"top1-label": "Loggerhead Shrike", "top1-score": 0.5844630002975464, "question": "Sam guessed the Input image is 58% Loggerhead Shrike. Is it Loggerhead Shrike?", "Accept/Reject": false, "type": "topK", "image-path": "./data/topK-exp-materials/111.Loggerhead_Shrike_233_2.jpeg", "user_decision": "YES", "user_id": "snh0037-d2bhq1v5", "is_user_correct": false}, {"top1-label": "Common Tern", "top1-score": 0.2668288052082062, "question": "Sam guessed the Input image is 26% Common Tern. Is it Common Tern?", "Accept/Reject": false, "type": "topK", "image-path": "./data/topK-exp-materials/146.Forsters_Tern_136_7.jpeg", "user_decision": "NO", "user_id": "snh0037-d2bhq1v5", "is_user_correct": true}, {"top1-label": "Brewer Blackbird", "top1-score": 0.7704969644546509, "question": "Sam guessed the Input image is 77% Brewer Blackbird. Is it Brewer Blackbird?", "Accept/Reject": false, "type": "topK", "image-path": "./data/topK-exp-materials/011.Rusty_Blackbird_272_1.jpeg", "user_decision": "NO", "user_id": "snh0037-d2bhq1v5", "is_user_correct": true}, {"top1-label": "Lincoln Sparrow", "top1-score": 0.44258302450180054, "question": "Sam guessed the Input image is 44% Lincoln Sparrow. Is it Lincoln Sparrow?", "Accept/Reject": true, "type": "topK", "image-path": "./data/topK-exp-materials/125.Lincoln_Sparrow_25_6.jpeg", "user_decision": "NO", "user_id": "snh0037-d2bhq1v5", "is_user_correct": false}, {"top1-label": "Forsters Tern", "top1-score": 0.9874193072319031, "question": "Sam guessed the Input image is 98% Forsters Tern. Is it Forsters Tern?", "Accept/Reject": true, "type": "topK", "image-path": "./data/topK-exp-materials/146.Forsters_Tern_13_3.jpeg", "user_decision": "YES", "user_id": "snh0037-d2bhq1v5", "is_user_correct": true}, {"top1-label": "Elegant Tern", "top1-score": 0.5819884538650513, "question": "Sam guessed the Input image is 58% Elegant Tern. Is it Elegant Tern?", "Accept/Reject": false, "type": "topK", "image-path": "./data/topK-exp-materials/147.Least_Tern_247_1.jpeg", "user_decision": "NO", "user_id": "snh0037-d2bhq1v5", "is_user_correct": true}, {"top1-label": "Baltimore Oriole", "top1-score": 0.9986512064933777, "question": "Sam guessed the Input image is 99% Baltimore Oriole. Is it Baltimore Oriole?", "Accept/Reject": true, "type": "topK", "image-path": "./data/topK-exp-materials/095.Baltimore_Oriole_1_1.jpeg", "user_decision": "YES", "user_id": "snh0037-d2bhq1v5", "is_user_correct": true}, {"top1-label": "Caspian Tern", "top1-score": 0.9223760962486267, "question": "Sam guessed the Input image is 92% Caspian Tern. Is it Caspian Tern?", "Accept/Reject": true, "type": "topK", "image-path": "./data/topK-exp-materials/143.Caspian_Tern_28_7.jpeg", "user_decision": "YES", "user_id": "snh0037-d2bhq1v5", "is_user_correct": true}, {"top1-label": "Purple Finch", "top1-score": 0.9939089417457581, "question": "Sam guessed the Input image is 99% Purple Finch. Is it Purple Finch?", "Accept/Reject": true, "type": "topK", "image-path": "./data/topK-exp-materials/035.Purple_Finch_35_2.jpeg", "user_decision": "NO", "user_id": "snh0037-d2bhq1v5", "is_user_correct": false}, {"top1-label": "Shiny Cowbird", "top1-score": 0.02239486575126648, "question": "Sam guessed the Input image is 2% Shiny Cowbird. Is it Shiny Cowbird?", "Accept/Reject": false, "type": "topK", "image-path": "./data/topK-exp-materials/027.Shiny_Cowbird_18_3.jpeg", "user_decision": "YES", "user_id": "snh0037-d2bhq1v5", "is_user_correct": false}, {"top1-label": "European Goldfinch", "top1-score": 0.9998155236244202, "question": "Sam guessed the Input image is 99% European Goldfinch. Is it European Goldfinch?", "Accept/Reject": true, "type": "topK", "image-path": "./data/topK-exp-materials/048.European_Goldfinch_35_3.jpeg", "user_decision": "YES", "user_id": "snh0037-d2bhq1v5", "is_user_correct": true}, {"top1-label": "Philadelphia Vireo", "top1-score": 0.04229721426963806, "question": "Sam guessed the Input image is 4% Philadelphia Vireo. Is it Philadelphia Vireo?", "Accept/Reject": false, "type": "topK", "image-path": "./data/topK-exp-materials/032.Mangrove_Cuckoo_115_0.jpeg", "user_decision": "NO", "user_id": "snh0037-d2bhq1v5", "is_user_correct": true}, {"top1-label": "Black footed Albatross", "top1-score": 0.08744495362043381, "question": "Sam guessed the Input image is 8% Black footed Albatross. Is it Black footed Albatross?", "Accept/Reject": false, "type": "topK", "image-path": "./data/topK-exp-materials/071.Long_tailed_Jaeger_86_6.jpeg", "user_decision": "NO", "user_id": "snh0037-d2bhq1v5", "is_user_correct": true}, {"top1-label": "Green tailed Towhee", "top1-score": 0.6835477948188782, "question": "Sam guessed the Input image is 68% Green tailed Towhee. Is it Green tailed Towhee?", "Accept/Reject": true, "type": "topK", "image-path": "./data/topK-exp-materials/148.Green_tailed_Towhee_40_1.jpeg", "user_decision": "YES", "user_id": "snh0037-d2bhq1v5", "is_user_correct": true}, {"top1-label": "White necked Raven", "top1-score": 0.036096569150686264, "question": "Sam guessed the Input image is 3% White necked Raven. Is it White necked Raven?", "Accept/Reject": false, "type": "topK", "image-path": "./data/topK-exp-materials/108.White_necked_Raven_232_2.jpeg", "user_decision": "YES", "user_id": "snh0037-d2bhq1v5", "is_user_correct": false}, {"top1-label": "White crowned Sparrow", "top1-score": 0.64531010389328, "question": "Sam guessed the Input image is 64% White crowned Sparrow. Is it White crowned Sparrow?", "Accept/Reject": false, "type": "topK", "image-path": "./data/topK-exp-materials/130.Tree_Sparrow_310_7.jpeg", "user_decision": "NO", "user_id": "snh0037-d2bhq1v5", "is_user_correct": true}, {"top1-label": "Mockingbird", "top1-score": 0.9984832406044006, "question": "Sam guessed the Input image is 99% Mockingbird. Is it Mockingbird?", "Accept/Reject": false, "type": "topK", "image-path": "./data/topK-exp-materials/039.Least_Flycatcher_255_0.jpeg", "user_decision": "NO", "user_id": "snh0037-d2bhq1v5", "is_user_correct": true}, {"top1-label": "Black footed Albatross", "top1-score": 0.9874992966651917, "question": "Sam guessed the Input image is 98% Black footed Albatross. Is it Black footed Albatross?", "Accept/Reject": true, "type": "topK", "image-path": "./data/topK-exp-materials/001.Black_footed_Albatross_29_1.jpeg", "user_decision": "YES", "user_id": "snh0037-d2bhq1v5", "is_user_correct": true}, {"top1-label": "White necked Raven", "top1-score": 0.042974699288606644, "question": "Sam guessed the Input image is 4% White necked Raven. Is it White necked Raven?", "Accept/Reject": false, "type": "topK", "image-path": "./data/topK-exp-materials/071.Long_tailed_Jaeger_80_1.jpeg", "user_decision": "NO", "user_id": "snh0037-d2bhq1v5", "is_user_correct": true}, {"top1-label": "Blue headed Vireo", "top1-score": 0.23168523609638214, "question": "Sam guessed the Input image is 23% Blue headed Vireo. Is it Blue headed Vireo?", "Accept/Reject": false, "type": "topK", "image-path": "./data/topK-exp-materials/109.American_Redstart_6_0.jpeg", "user_decision": "YES", "user_id": "snh0037-d2bhq1v5", "is_user_correct": false}, {"top1-label": "Dark eyed Junco", "top1-score": 0.9841501116752625, "question": "Sam guessed the Input image is 98% Dark eyed Junco. Is it Dark eyed Junco?", "Accept/Reject": true, "type": "topK", "image-path": "./data/topK-exp-materials/076.Dark_eyed_Junco_17_4.jpeg", "user_decision": "YES", "user_id": "snh0037-d2bhq1v5", "is_user_correct": true}, {"top1-label": "Common Raven", "top1-score": 0.19218948483467102, "question": "Sam guessed the Input image is 19% Common Raven. Is it Common Raven?", "Accept/Reject": false, "type": "topK", "image-path": "./data/topK-exp-materials/107.Common_Raven_125_7.jpeg", "user_decision": "YES", "user_id": "snh0037-d2bhq1v5", "is_user_correct": false}, {"top1-label": "Hooded Warbler", "top1-score": 0.47891050577163696, "question": "Sam guessed the Input image is 47% Hooded Warbler. Is it Hooded Warbler?", "Accept/Reject": false, "type": "topK", "image-path": "./data/topK-exp-materials/166.Golden_winged_Warbler_286_5.jpeg", "user_decision": "NO", "user_id": "snh0037-d2bhq1v5", "is_user_correct": true}, {"top1-label": "Pacific Loon", "top1-score": 0.9999160766601562, "question": "Sam guessed the Input image is 99% Pacific Loon. Is it Pacific Loon?", "Accept/Reject": true, "type": "topK", "image-path": "./data/topK-exp-materials/086.Pacific_Loon_14_0.jpeg", "user_decision": "YES", "user_id": "snh0037-d2bhq1v5", "is_user_correct": true}, {"top1-label": "Gray Catbird", "top1-score": 0.9967394471168518, "question": "Sam guessed the Input image is 99% Gray Catbird. Is it Gray Catbird?", "Accept/Reject": true, "type": "topK", "image-path": "./data/topK-exp-materials/019.Gray_Catbird_28_3.jpeg", "user_decision": "YES", "user_id": "snh0037-d2bhq1v5", "is_user_correct": true}, {"top1-label": "American Crow", "top1-score": 0.10523789376020432, "question": "Sam guessed the Input image is 10% American Crow. Is it American Crow?", "Accept/Reject": false, "type": "topK", "image-path": "./data/topK-exp-materials/030.Fish_Crow_87_6.jpeg", "user_decision": "NO", "user_id": "snh0037-d2bhq1v5", "is_user_correct": false}]}