{"user_id": "pricekg-jenajiv8", "time": 1706213242, "history": [{"top1-label": "Glaucous winged Gull", "top1-score": 0.684463620185852, "question": "Sam guessed the Input image is 68% Glaucous winged Gull. Is it Glaucous winged Gull?", "Accept/Reject": false, "type": "top1", "image-path": "./data/top1-exp-materials/065.Slaty_backed_Gull_180_1.jpeg", "user_decision": "YES", "user_id": "pricekg-jenajiv8", "is_user_correct": false}, {"top1-label": "Le Conte Sparrow", "top1-score": 0.13458998501300812, "question": "Sam guessed the Input image is 13% Le Conte Sparrow. Is it Le Conte Sparrow?", "Accept/Reject": false, "type": "top1", "image-path": "./data/top1-exp-materials/123.Henslow_Sparrow_260_0.jpeg", "user_decision": "YES", "user_id": "pricekg-jenajiv8", "is_user_correct": false}, {"top1-label": "Common Tern", "top1-score": 0.10829661041498184, "question": "Sam guessed the Input image is 10% Common Tern. Is it Common Tern?", "Accept/Reject": false, "type": "top1", "image-path": "./data/top1-exp-materials/141.Artic_Tern_67_0.jpeg", "user_decision": "YES", "user_id": "pricekg-jenajiv8", "is_user_correct": false}, {"top1-label": "Tennessee Warbler", "top1-score": 0.008046912960708141, "question": "Sam guessed the Input image is 0% Tennessee Warbler. Is it Tennessee Warbler?", "Accept/Reject": false, "type": "top1", "image-path": "./data/top1-exp-materials/178.Swainson_Warbler_36_0.jpeg", "user_decision": "YES", "user_id": "pricekg-jenajiv8", "is_user_correct": false}, {"top1-label": "Elegant Tern", "top1-score": 0.5195083618164062, "question": "Sam guessed the Input image is 51% Elegant Tern. Is it Elegant Tern?", "Accept/Reject": false, "type": "top1", "image-path": "./data/top1-exp-materials/143.Caspian_Tern_110_2.jpeg", "user_decision": "YES", "user_id": "pricekg-jenajiv8", "is_user_correct": false}, {"top1-label": "Laysan Albatross", "top1-score": 0.9122689962387085, "question": "Sam guessed the Input image is 91% Laysan Albatross. Is it Laysan Albatross?", "Accept/Reject": true, "type": "top1", "image-path": "./data/top1-exp-materials/002.Laysan_Albatross_18_7.jpeg", "user_decision": "YES", "user_id": "pricekg-jenajiv8", "is_user_correct": true}, {"top1-label": "American Crow", "top1-score": 0.5761914849281311, "question": "Sam guessed the Input image is 57% American Crow. Is it American Crow?", "Accept/Reject": false, "type": "top1", "image-path": "./data/top1-exp-materials/030.Fish_Crow_228_2.jpeg", "user_decision": "YES", "user_id": "pricekg-jenajiv8", "is_user_correct": false}, {"top1-label": "Forsters Tern", "top1-score": 0.9874193072319031, "question": "Sam guessed the Input image is 98% Forsters Tern. Is it Forsters Tern?", "Accept/Reject": true, "type": "top1", "image-path": "./data/top1-exp-materials/146.Forsters_Tern_13_3.jpeg", "user_decision": "YES", "user_id": "pricekg-jenajiv8", "is_user_correct": true}, {"top1-label": "Olive sided Flycatcher", "top1-score": 0.8569202423095703, "question": "Sam guessed the Input image is 85% Olive sided Flycatcher. Is it Olive sided Flycatcher?", "Accept/Reject": false, "type": "top1", "image-path": "./data/top1-exp-materials/102.Western_Wood_Pewee_22_3.jpeg", "user_decision": "YES", "user_id": "pricekg-jenajiv8", "is_user_correct": false}, {"top1-label": "House Sparrow", "top1-score": 0.20183907449245453, "question": "Sam guessed the Input image is 20% House Sparrow. Is it House Sparrow?", "Accept/Reject": false, "type": "top1", "image-path": "./data/top1-exp-materials/119.Field_Sparrow_125_0.jpeg", "user_decision": "YES", "user_id": "pricekg-jenajiv8", "is_user_correct": false}, {"top1-label": "Barn Swallow", "top1-score": 0.6707904934883118, "question": "Sam guessed the Input image is 67% Barn Swallow. Is it Barn Swallow?", "Accept/Reject": false, "type": "top1", "image-path": "./data/top1-exp-materials/137.Cliff_Swallow_0_7.jpeg", "user_decision": "YES", "user_id": "pricekg-jenajiv8", "is_user_correct": false}, {"top1-label": "Black and white Warbler", "top1-score": 0.00031578788184560835, "question": "Sam guessed the Input image is 0% Black and white Warbler. Is it Black and white Warbler?", "Accept/Reject": false, "type": "top1", "image-path": "./data/top1-exp-materials/081.Pied_Kingfisher_152_6.jpeg", "user_decision": "YES", "user_id": "pricekg-jenajiv8", "is_user_correct": false}, {"top1-label": "Blue headed Vireo", "top1-score": 0.9502841830253601, "question": "Sam guessed the Input image is 95% Blue headed Vireo. Is it Blue headed Vireo?", "Accept/Reject": true, "type": "top1", "image-path": "./data/top1-exp-materials/152.Blue_headed_Vireo_16_5.jpeg", "user_decision": "YES", "user_id": "pricekg-jenajiv8", "is_user_correct": true}, {"top1-label": "Herring Gull", "top1-score": 0.11463460326194763, "question": "Sam guessed the Input image is 11% Herring Gull. Is it Herring Gull?", "Accept/Reject": false, "type": "top1", "image-path": "./data/top1-exp-materials/060.Glaucous_winged_Gull_313_1.jpeg", "user_decision": "YES", "user_id": "pricekg-jenajiv8", "is_user_correct": false}, {"top1-label": "Cape Glossy Starling", "top1-score": 0.884709358215332, "question": "Sam guessed the Input image is 88% Cape Glossy Starling. Is it Cape Glossy Starling?", "Accept/Reject": true, "type": "top1", "image-path": "./data/top1-exp-materials/134.Cape_Glossy_Starling_20_7.jpeg", "user_decision": "YES", "user_id": "pricekg-jenajiv8", "is_user_correct": true}, {"top1-label": "Sayornis", "top1-score": 0.15670624375343323, "question": "Sam guessed the Input image is 15% Sayornis. Is it Sayornis?", "Accept/Reject": false, "type": "top1", "image-path": "./data/top1-exp-materials/102.Western_Wood_Pewee_148_2.jpeg", "user_decision": "NO", "user_id": "pricekg-jenajiv8", "is_user_correct": true}, {"top1-label": "Red headed Woodpecker", "top1-score": 0.9891303777694702, "question": "Sam guessed the Input image is 98% Red headed Woodpecker. Is it Red headed Woodpecker?", "Accept/Reject": true, "type": "top1", "image-path": "./data/top1-exp-materials/191.Red_headed_Woodpecker_20_6.jpeg", "user_decision": "YES", "user_id": "pricekg-jenajiv8", "is_user_correct": true}, {"top1-label": "Gadwall", "top1-score": 0.9994192123413086, "question": "Sam guessed the Input image is 99% Gadwall. Is it Gadwall?", "Accept/Reject": true, "type": "top1", "image-path": "./data/top1-exp-materials/046.Gadwall_31_6.jpeg", "user_decision": "YES", "user_id": "pricekg-jenajiv8", "is_user_correct": true}, {"top1-label": "Elegant Tern", "top1-score": 0.5819884538650513, "question": "Sam guessed the Input image is 58% Elegant Tern. Is it Elegant Tern?", "Accept/Reject": false, "type": "top1", "image-path": "./data/top1-exp-materials/147.Least_Tern_247_1.jpeg", "user_decision": "YES", "user_id": "pricekg-jenajiv8", "is_user_correct": false}, {"top1-label": "Artic Tern", "top1-score": 0.6649104356765747, "question": "Sam guessed the Input image is 66% Artic Tern. Is it Artic Tern?", "Accept/Reject": false, "type": "top1", "image-path": "./data/top1-exp-materials/144.Common_Tern_1_0.jpeg", "user_decision": "YES", "user_id": "pricekg-jenajiv8", "is_user_correct": false}, {"top1-label": "Henslow Sparrow", "top1-score": 0.040887415409088135, "question": "Sam guessed the Input image is 4% Henslow Sparrow. Is it Henslow Sparrow?", "Accept/Reject": false, "type": "top1", "image-path": "./data/top1-exp-materials/123.Henslow_Sparrow_133_4.jpeg", "user_decision": "YES", "user_id": "pricekg-jenajiv8", "is_user_correct": false}, {"top1-label": "Pine Warbler", "top1-score": 0.489633172750473, "question": "Sam guessed the Input image is 48% Pine Warbler. Is it Pine Warbler?", "Accept/Reject": true, "type": "top1", "image-path": "./data/top1-exp-materials/175.Pine_Warbler_5_4.jpeg", "user_decision": "YES", "user_id": "pricekg-jenajiv8", "is_user_correct": true}, {"top1-label": "Herring Gull", "top1-score": 0.9046941995620728, "question": "Sam guessed the Input image is 90% Herring Gull. Is it Herring Gull?", "Accept/Reject": false, "type": "top1", "image-path": "./data/top1-exp-materials/065.Slaty_backed_Gull_220_3.jpeg", "user_decision": "YES", "user_id": "pricekg-jenajiv8", "is_user_correct": false}, {"top1-label": "Scissor tailed Flycatcher", "top1-score": 0.998297929763794, "question": "Sam guessed the Input image is 99% Scissor tailed Flycatcher. Is it Scissor tailed Flycatcher?", "Accept/Reject": true, "type": "top1", "image-path": "./data/top1-exp-materials/041.Scissor_tailed_Flycatcher_19_1.jpeg", "user_decision": "YES", "user_id": "pricekg-jenajiv8", "is_user_correct": true}, {"top1-label": "Black Tern", "top1-score": 0.9709340929985046, "question": "Sam guessed the Input image is 97% Black Tern. Is it Black Tern?", "Accept/Reject": true, "type": "top1", "image-path": "./data/top1-exp-materials/142.Black_Tern_31_2.jpeg", "user_decision": "YES", "user_id": "pricekg-jenajiv8", "is_user_correct": true}, {"top1-label": "Artic Tern", "top1-score": 0.172047421336174, "question": "Sam guessed the Input image is 17% Artic Tern. Is it Artic Tern?", "Accept/Reject": false, "type": "top1", "image-path": "./data/top1-exp-materials/141.Artic_Tern_208_0.jpeg", "user_decision": "YES", "user_id": "pricekg-jenajiv8", "is_user_correct": false}, {"top1-label": "Seaside Sparrow", "top1-score": 0.00028974362066946924, "question": "Sam guessed the Input image is 0% Seaside Sparrow. Is it Seaside Sparrow?", "Accept/Reject": false, "type": "top1", "image-path": "./data/top1-exp-materials/126.Nelson_Sharp_tailed_Sparrow_18_2.jpeg", "user_decision": "YES", "user_id": "pricekg-jenajiv8", "is_user_correct": false}, {"top1-label": "Prothonotary Warbler", "top1-score": 0.9965580105781555, "question": "Sam guessed the Input image is 99% Prothonotary Warbler. Is it Prothonotary Warbler?", "Accept/Reject": true, "type": "top1", "image-path": "./data/top1-exp-materials/177.Prothonotary_Warbler_42_0.jpeg", "user_decision": "YES", "user_id": "pricekg-jenajiv8", "is_user_correct": true}, {"top1-label": "Pelagic Cormorant", "top1-score": 0.11567337065935135, "question": "Sam guessed the Input image is 11% Pelagic Cormorant. Is it Pelagic Cormorant?", "Accept/Reject": false, "type": "top1", "image-path": "./data/top1-exp-materials/025.Pelagic_Cormorant_299_4.jpeg", "user_decision": "YES", "user_id": "pricekg-jenajiv8", "is_user_correct": false}, {"top1-label": "Eared Grebe", "top1-score": 0.9976015090942383, "question": "Sam guessed the Input image is 99% Eared Grebe. Is it Eared Grebe?", "Accept/Reject": false, "type": "top1", "image-path": "./data/top1-exp-materials/051.Horned_Grebe_209_6.jpeg", "user_decision": "YES", "user_id": "pricekg-jenajiv8", "is_user_correct": false}]}