{"user_id": "username-3yr0yjgy", "time": 1706112218, "history": [{"top1-label": "Shiny Cowbird", "top1-score": 0.004145612940192223, "question": "Sam guessed the Input image is 0% Shiny Cowbird. Is it Shiny Cowbird?", "Accept/Reject": false, "type": "top1", "image-path": "./data/top1-exp-materials/049.Boat_tailed_Grackle_242_7.jpeg", "user_decision": "YES", "user_id": "username-3yr0yjgy", "is_user_correct": false}, {"top1-label": "Northern Fulmar", "top1-score": 0.02073480933904648, "question": "Sam guessed the Input image is 2% Northern Fulmar. Is it Northern Fulmar?", "Accept/Reject": false, "type": "top1", "image-path": "./data/top1-exp-materials/072.Pomarine_Jaeger_311_0.jpeg", "user_decision": "NO", "user_id": "username-3yr0yjgy", "is_user_correct": true}, {"top1-label": "Painted Bunting", "top1-score": 0.09614142775535583, "question": "Sam guessed the Input image is 9% Painted Bunting. Is it Painted Bunting?", "Accept/Reject": false, "type": "top1", "image-path": "./data/top1-exp-materials/134.Cape_Glossy_Starling_181_5.jpeg", "user_decision": "NO", "user_id": "username-3yr0yjgy", "is_user_correct": true}, {"top1-label": "California Gull", "top1-score": 0.8870568871498108, "question": "Sam guessed the Input image is 88% California Gull. Is it California Gull?", "Accept/Reject": false, "type": "top1", "image-path": "./data/top1-exp-materials/062.Herring_Gull_306_3.jpeg", "user_decision": "YES", "user_id": "username-3yr0yjgy", "is_user_correct": false}, {"top1-label": "Ruby throated Hummingbird", "top1-score": 0.5668950080871582, "question": "Sam guessed the Input image is 56% Ruby throated Hummingbird. Is it Ruby throated Hummingbird?", "Accept/Reject": true, "type": "top1", "image-path": "./data/top1-exp-materials/068.Ruby_throated_Hummingbird_21_4.jpeg", "user_decision": "YES", "user_id": "username-3yr0yjgy", "is_user_correct": true}, {"top1-label": "Nighthawk", "top1-score": 0.9906159043312073, "question": "Sam guessed the Input image is 99% Nighthawk. Is it Nighthawk?", "Accept/Reject": true, "type": "top1", "image-path": "./data/top1-exp-materials/092.Nighthawk_12_3.jpeg", "user_decision": "YES", "user_id": "username-3yr0yjgy", "is_user_correct": true}, {"top1-label": "Tennessee Warbler", "top1-score": 0.05590955168008804, "question": "Sam guessed the Input image is 5% Tennessee Warbler. Is it Tennessee Warbler?", "Accept/Reject": false, "type": "top1", "image-path": "./data/top1-exp-materials/173.Orange_crowned_Warbler_137_2.jpeg", "user_decision": "YES", "user_id": "username-3yr0yjgy", "is_user_correct": false}, {"top1-label": "Fox Sparrow", "top1-score": 0.9919499158859253, "question": "Sam guessed the Input image is 99% Fox Sparrow. Is it Fox Sparrow?", "Accept/Reject": true, "type": "top1", "image-path": "./data/top1-exp-materials/120.Fox_Sparrow_3_6.jpeg", "user_decision": "YES", "user_id": "username-3yr0yjgy", "is_user_correct": true}, {"top1-label": "Artic Tern", "top1-score": 0.24874870479106903, "question": "Sam guessed the Input image is 24% Artic Tern. Is it Artic Tern?", "Accept/Reject": true, "type": "top1", "image-path": "./data/top1-exp-materials/141.Artic_Tern_18_4.jpeg", "user_decision": "YES", "user_id": "username-3yr0yjgy", "is_user_correct": true}, {"top1-label": "Henslow Sparrow", "top1-score": 0.6396999359130859, "question": "Sam guessed the Input image is 63% Henslow Sparrow. Is it Henslow Sparrow?", "Accept/Reject": false, "type": "top1", "image-path": "./data/top1-exp-materials/123.Henslow_Sparrow_236_7.jpeg", "user_decision": "YES", "user_id": "username-3yr0yjgy", "is_user_correct": false}, {"top1-label": "Purple Finch", "top1-score": 0.9939089417457581, "question": "Sam guessed the Input image is 99% Purple Finch. Is it Purple Finch?", "Accept/Reject": true, "type": "top1", "image-path": "./data/top1-exp-materials/035.Purple_Finch_35_2.jpeg", "user_decision": "YES", "user_id": "username-3yr0yjgy", "is_user_correct": true}, {"top1-label": "Herring Gull", "top1-score": 0.6038476824760437, "question": "Sam guessed the Input image is 60% Herring Gull. Is it Herring Gull?", "Accept/Reject": true, "type": "top1", "image-path": "./data/top1-exp-materials/062.Herring_Gull_31_0.jpeg", "user_decision": "YES", "user_id": "username-3yr0yjgy", "is_user_correct": true}, {"top1-label": "Hooded Oriole", "top1-score": 0.9885130524635315, "question": "Sam guessed the Input image is 98% Hooded Oriole. Is it Hooded Oriole?", "Accept/Reject": true, "type": "top1", "image-path": "./data/top1-exp-materials/096.Hooded_Oriole_24_6.jpeg", "user_decision": "YES", "user_id": "username-3yr0yjgy", "is_user_correct": true}, {"top1-label": "Rufous Hummingbird", "top1-score": 0.01391096506267786, "question": "Sam guessed the Input image is 1% Rufous Hummingbird. Is it Rufous Hummingbird?", "Accept/Reject": false, "type": "top1", "image-path": "./data/top1-exp-materials/067.Anna_Hummingbird_255_6.jpeg", "user_decision": "YES", "user_id": "username-3yr0yjgy", "is_user_correct": false}, {"top1-label": "Yellow billed Cuckoo", "top1-score": 0.07804844528436661, "question": "Sam guessed the Input image is 7% Yellow billed Cuckoo. Is it Yellow billed Cuckoo?", "Accept/Reject": false, "type": "top1", "image-path": "./data/top1-exp-materials/083.White_breasted_Kingfisher_52_1.jpeg", "user_decision": "NO", "user_id": "username-3yr0yjgy", "is_user_correct": true}, {"top1-label": "Philadelphia Vireo", "top1-score": 0.08951704204082489, "question": "Sam guessed the Input image is 8% Philadelphia Vireo. Is it Philadelphia Vireo?", "Accept/Reject": false, "type": "top1", "image-path": "./data/top1-exp-materials/033.Yellow_billed_Cuckoo_49_7.jpeg", "user_decision": "NO", "user_id": "username-3yr0yjgy", "is_user_correct": true}, {"top1-label": "Blue headed Vireo", "top1-score": 0.9958983063697815, "question": "Sam guessed the Input image is 99% Blue headed Vireo. Is it Blue headed Vireo?", "Accept/Reject": true, "type": "top1", "image-path": "./data/top1-exp-materials/152.Blue_headed_Vireo_16_3.jpeg", "user_decision": "YES", "user_id": "username-3yr0yjgy", "is_user_correct": true}, {"top1-label": "Black billed Cuckoo", "top1-score": 0.9805046319961548, "question": "Sam guessed the Input image is 98% Black billed Cuckoo. Is it Black billed Cuckoo?", "Accept/Reject": true, "type": "top1", "image-path": "./data/top1-exp-materials/031.Black_billed_Cuckoo_6_2.jpeg", "user_decision": "YES", "user_id": "username-3yr0yjgy", "is_user_correct": true}, {"top1-label": "Baird Sparrow", "top1-score": 0.6744885444641113, "question": "Sam guessed the Input image is 67% Baird Sparrow. Is it Baird Sparrow?", "Accept/Reject": false, "type": "top1", "image-path": "./data/top1-exp-materials/117.Clay_colored_Sparrow_287_7.jpeg", "user_decision": "YES", "user_id": "username-3yr0yjgy", "is_user_correct": false}, {"top1-label": "Red bellied Woodpecker", "top1-score": 0.9989678859710693, "question": "Sam guessed the Input image is 99% Red bellied Woodpecker. Is it Red bellied Woodpecker?", "Accept/Reject": true, "type": "top1", "image-path": "./data/top1-exp-materials/189.Red_bellied_Woodpecker_2_7.jpeg", "user_decision": "YES", "user_id": "username-3yr0yjgy", "is_user_correct": true}, {"top1-label": "Gray Catbird", "top1-score": 0.5570996999740601, "question": "Sam guessed the Input image is 55% Gray Catbird. Is it Gray Catbird?", "Accept/Reject": false, "type": "top1", "image-path": "./data/top1-exp-materials/019.Gray_Catbird_148_6.jpeg", "user_decision": "YES", "user_id": "username-3yr0yjgy", "is_user_correct": false}, {"top1-label": "American Crow", "top1-score": 0.07322628051042557, "question": "Sam guessed the Input image is 7% American Crow. Is it American Crow?", "Accept/Reject": false, "type": "top1", "image-path": "./data/top1-exp-materials/107.Common_Raven_204_2.jpeg", "user_decision": "YES", "user_id": "username-3yr0yjgy", "is_user_correct": false}, {"top1-label": "House Wren", "top1-score": 0.8417070508003235, "question": "Sam guessed the Input image is 84% House Wren. Is it House Wren?", "Accept/Reject": false, "type": "top1", "image-path": "./data/top1-exp-materials/196.House_Wren_138_5.jpeg", "user_decision": "YES", "user_id": "username-3yr0yjgy", "is_user_correct": false}, {"top1-label": "Carolina Wren", "top1-score": 0.948188304901123, "question": "Sam guessed the Input image is 94% Carolina Wren. Is it Carolina Wren?", "Accept/Reject": false, "type": "top1", "image-path": "./data/top1-exp-materials/197.Marsh_Wren_141_4.jpeg", "user_decision": "YES", "user_id": "username-3yr0yjgy", "is_user_correct": false}, {"top1-label": "Pied Kingfisher", "top1-score": 0.999788224697113, "question": "Sam guessed the Input image is 99% Pied Kingfisher. Is it Pied Kingfisher?", "Accept/Reject": true, "type": "top1", "image-path": "./data/top1-exp-materials/081.Pied_Kingfisher_2_1.jpeg", "user_decision": "YES", "user_id": "username-3yr0yjgy", "is_user_correct": true}, {"top1-label": "Pied Kingfisher", "top1-score": 0.9993456602096558, "question": "Sam guessed the Input image is 99% Pied Kingfisher. Is it Pied Kingfisher?", "Accept/Reject": true, "type": "top1", "image-path": "./data/top1-exp-materials/081.Pied_Kingfisher_14_6.jpeg", "user_decision": "YES", "user_id": "username-3yr0yjgy", "is_user_correct": true}, {"top1-label": "Barn Swallow", "top1-score": 0.7715885043144226, "question": "Sam guessed the Input image is 77% Barn Swallow. Is it Barn Swallow?", "Accept/Reject": true, "type": "top1", "image-path": "./data/top1-exp-materials/136.Barn_Swallow_23_1.jpeg", "user_decision": "NO", "user_id": "username-3yr0yjgy", "is_user_correct": false}, {"top1-label": "Winter Wren", "top1-score": 0.9999821186065674, "question": "Sam guessed the Input image is 99% Winter Wren. Is it Winter Wren?", "Accept/Reject": true, "type": "top1", "image-path": "./data/top1-exp-materials/199.Winter_Wren_33_0.jpeg", "user_decision": "YES", "user_id": "username-3yr0yjgy", "is_user_correct": true}, {"top1-label": "Ovenbird", "top1-score": 0.9924656748771667, "question": "Sam guessed the Input image is 99% Ovenbird. Is it Ovenbird?", "Accept/Reject": true, "type": "top1", "image-path": "./data/top1-exp-materials/099.Ovenbird_29_2.jpeg", "user_decision": "YES", "user_id": "username-3yr0yjgy", "is_user_correct": true}, {"top1-label": "Western Meadowlark", "top1-score": 0.9396076202392578, "question": "Sam guessed the Input image is 93% Western Meadowlark. Is it Western Meadowlark?", "Accept/Reject": true, "type": "top1", "image-path": "./data/top1-exp-materials/088.Western_Meadowlark_38_4.jpeg", "user_decision": "YES", "user_id": "username-3yr0yjgy", "is_user_correct": false}]}