{"user_id": "jzl0277-mhfl0wpp", "time": 1706247646, "history": [{"top1-label": "Forsters Tern", "top1-score": 0.8702758550643921, "question": "Sam guessed the Input image is 87% Forsters Tern. Is it Forsters Tern?", "Accept/Reject": true, "type": "topK", "image-path": "./data/topK-exp-materials/146.Forsters_Tern_38_0.jpeg", "user_decision": "YES", "user_id": "jzl0277-mhfl0wpp", "is_user_correct": true}, {"top1-label": "Pelagic Cormorant", "top1-score": 0.7484226226806641, "question": "Sam guessed the Input image is 74% Pelagic Cormorant. Is it Pelagic Cormorant?", "Accept/Reject": false, "type": "topK", "image-path": "./data/topK-exp-materials/023.Brandt_Cormorant_248_3.jpeg", "user_decision": "YES", "user_id": "jzl0277-mhfl0wpp", "is_user_correct": false}, {"top1-label": "Northern Fulmar", "top1-score": 0.02073480933904648, "question": "Sam guessed the Input image is 2% Northern Fulmar. Is it Northern Fulmar?", "Accept/Reject": false, "type": "topK", "image-path": "./data/topK-exp-materials/072.Pomarine_Jaeger_311_0.jpeg", "user_decision": "NO", "user_id": "jzl0277-mhfl0wpp", "is_user_correct": true}, {"top1-label": "Glaucous winged Gull", "top1-score": 0.684463620185852, "question": "Sam guessed the Input image is 68% Glaucous winged Gull. Is it Glaucous winged Gull?", "Accept/Reject": false, "type": "topK", "image-path": "./data/topK-exp-materials/065.Slaty_backed_Gull_180_1.jpeg", "user_decision": "YES", "user_id": "jzl0277-mhfl0wpp", "is_user_correct": false}, {"top1-label": "Fox Sparrow", "top1-score": 0.9919499158859253, "question": "Sam guessed the Input image is 99% Fox Sparrow. Is it Fox Sparrow?", "Accept/Reject": true, "type": "topK", "image-path": "./data/topK-exp-materials/120.Fox_Sparrow_3_6.jpeg", "user_decision": "YES", "user_id": "jzl0277-mhfl0wpp", "is_user_correct": true}, {"top1-label": "Red cockaded Woodpecker", "top1-score": 0.9846034646034241, "question": "Sam guessed the Input image is 98% Red cockaded Woodpecker. Is it Red cockaded Woodpecker?", "Accept/Reject": true, "type": "topK", "image-path": "./data/topK-exp-materials/190.Red_cockaded_Woodpecker_5_1.jpeg", "user_decision": "YES", "user_id": "jzl0277-mhfl0wpp", "is_user_correct": true}, {"top1-label": "Common Tern", "top1-score": 0.5846204161643982, "question": "Sam guessed the Input image is 58% Common Tern. Is it Common Tern?", "Accept/Reject": false, "type": "topK", "image-path": "./data/topK-exp-materials/141.Artic_Tern_109_2.jpeg", "user_decision": "YES", "user_id": "jzl0277-mhfl0wpp", "is_user_correct": false}, {"top1-label": "Northern Waterthrush", "top1-score": 0.963862419128418, "question": "Sam guessed the Input image is 96% Northern Waterthrush. Is it Northern Waterthrush?", "Accept/Reject": true, "type": "topK", "image-path": "./data/topK-exp-materials/183.Northern_Waterthrush_34_2.jpeg", "user_decision": "YES", "user_id": "jzl0277-mhfl0wpp", "is_user_correct": true}, {"top1-label": "Least Flycatcher", "top1-score": 0.45039498805999756, "question": "Sam guessed the Input image is 45% Least Flycatcher. Is it Least Flycatcher?", "Accept/Reject": false, "type": "topK", "image-path": "./data/topK-exp-materials/102.Western_Wood_Pewee_51_5.jpeg", "user_decision": "YES", "user_id": "jzl0277-mhfl0wpp", "is_user_correct": false}, {"top1-label": "Summer Tanager", "top1-score": 0.9993005990982056, "question": "Sam guessed the Input image is 99% Summer Tanager. Is it Summer Tanager?", "Accept/Reject": true, "type": "topK", "image-path": "./data/topK-exp-materials/140.Summer_Tanager_7_1.jpeg", "user_decision": "YES", "user_id": "jzl0277-mhfl0wpp", "is_user_correct": true}, {"top1-label": "Bronzed Cowbird", "top1-score": 0.0002471311017870903, "question": "Sam guessed the Input image is 0% Bronzed Cowbird. Is it Bronzed Cowbird?", "Accept/Reject": false, "type": "topK", "image-path": "./data/topK-exp-materials/026.Bronzed_Cowbird_243_1.jpeg", "user_decision": "NO", "user_id": "jzl0277-mhfl0wpp", "is_user_correct": true}, {"top1-label": "Carolina Wren", "top1-score": 0.9924701452255249, "question": "Sam guessed the Input image is 99% Carolina Wren. Is it Carolina Wren?", "Accept/Reject": true, "type": "topK", "image-path": "./data/topK-exp-materials/195.Carolina_Wren_11_0.jpeg", "user_decision": "YES", "user_id": "jzl0277-mhfl0wpp", "is_user_correct": true}, {"top1-label": "Black billed Cuckoo", "top1-score": 0.9805046319961548, "question": "Sam guessed the Input image is 98% Black billed Cuckoo. Is it Black billed Cuckoo?", "Accept/Reject": true, "type": "topK", "image-path": "./data/topK-exp-materials/031.Black_billed_Cuckoo_6_2.jpeg", "user_decision": "YES", "user_id": "jzl0277-mhfl0wpp", "is_user_correct": true}, {"top1-label": "Nelson Sharp tailed Sparrow", "top1-score": 0.933704137802124, "question": "Sam guessed the Input image is 93% Nelson Sharp tailed Sparrow. Is it Nelson Sharp tailed Sparrow?", "Accept/Reject": false, "type": "topK", "image-path": "./data/topK-exp-materials/127.Savannah_Sparrow_229_1.jpeg", "user_decision": "NO", "user_id": "jzl0277-mhfl0wpp", "is_user_correct": true}, {"top1-label": "Sayornis", "top1-score": 0.6871577501296997, "question": "Sam guessed the Input image is 68% Sayornis. Is it Sayornis?", "Accept/Reject": true, "type": "topK", "image-path": "./data/topK-exp-materials/103.Sayornis_26_3.jpeg", "user_decision": "NO", "user_id": "jzl0277-mhfl0wpp", "is_user_correct": false}, {"top1-label": "American Crow", "top1-score": 0.5761914849281311, "question": "Sam guessed the Input image is 57% American Crow. Is it American Crow?", "Accept/Reject": false, "type": "topK", "image-path": "./data/topK-exp-materials/030.Fish_Crow_228_2.jpeg", "user_decision": "YES", "user_id": "jzl0277-mhfl0wpp", "is_user_correct": false}, {"top1-label": "Pied billed Grebe", "top1-score": 0.9994831085205078, "question": "Sam guessed the Input image is 99% Pied billed Grebe. Is it Pied billed Grebe?", "Accept/Reject": true, "type": "topK", "image-path": "./data/topK-exp-materials/052.Pied_billed_Grebe_36_4.jpeg", "user_decision": "YES", "user_id": "jzl0277-mhfl0wpp", "is_user_correct": true}, {"top1-label": "Forsters Tern", "top1-score": 0.9874193072319031, "question": "Sam guessed the Input image is 98% Forsters Tern. Is it Forsters Tern?", "Accept/Reject": true, "type": "topK", "image-path": "./data/topK-exp-materials/146.Forsters_Tern_13_3.jpeg", "user_decision": "YES", "user_id": "jzl0277-mhfl0wpp", "is_user_correct": true}, {"top1-label": "Brewer Blackbird", "top1-score": 0.09078827500343323, "question": "Sam guessed the Input image is 9% Brewer Blackbird. Is it Brewer Blackbird?", "Accept/Reject": false, "type": "topK", "image-path": "./data/topK-exp-materials/011.Rusty_Blackbird_272_6.jpeg", "user_decision": "YES", "user_id": "jzl0277-mhfl0wpp", "is_user_correct": false}, {"top1-label": "Green Violetear", "top1-score": 0.998974084854126, "question": "Sam guessed the Input image is 99% Green Violetear. Is it Green Violetear?", "Accept/Reject": true, "type": "topK", "image-path": "./data/topK-exp-materials/070.Green_Violetear_39_7.jpeg", "user_decision": "YES", "user_id": "jzl0277-mhfl0wpp", "is_user_correct": true}, {"top1-label": "Rufous Hummingbird", "top1-score": 0.965263843536377, "question": "Sam guessed the Input image is 96% Rufous Hummingbird. Is it Rufous Hummingbird?", "Accept/Reject": true, "type": "topK", "image-path": "./data/topK-exp-materials/069.Rufous_Hummingbird_42_2.jpeg", "user_decision": "YES", "user_id": "jzl0277-mhfl0wpp", "is_user_correct": true}, {"top1-label": "Eared Grebe", "top1-score": 0.3727690577507019, "question": "Sam guessed the Input image is 37% Eared Grebe. Is it Eared Grebe?", "Accept/Reject": true, "type": "topK", "image-path": "./data/topK-exp-materials/050.Eared_Grebe_2_5.jpeg", "user_decision": "YES", "user_id": "jzl0277-mhfl0wpp", "is_user_correct": true}, {"top1-label": "Nighthawk", "top1-score": 0.9906159043312073, "question": "Sam guessed the Input image is 99% Nighthawk. Is it Nighthawk?", "Accept/Reject": true, "type": "topK", "image-path": "./data/topK-exp-materials/092.Nighthawk_12_3.jpeg", "user_decision": "YES", "user_id": "jzl0277-mhfl0wpp", "is_user_correct": true}, {"top1-label": "Vermilion Flycatcher", "top1-score": 0.9947752356529236, "question": "Sam guessed the Input image is 99% Vermilion Flycatcher. Is it Vermilion Flycatcher?", "Accept/Reject": true, "type": "topK", "image-path": "./data/topK-exp-materials/042.Vermilion_Flycatcher_42_1.jpeg", "user_decision": "YES", "user_id": "jzl0277-mhfl0wpp", "is_user_correct": true}, {"top1-label": "Gray Catbird", "top1-score": 0.9862674474716187, "question": "Sam guessed the Input image is 98% Gray Catbird. Is it Gray Catbird?", "Accept/Reject": true, "type": "topK", "image-path": "./data/topK-exp-materials/019.Gray_Catbird_28_2.jpeg", "user_decision": "YES", "user_id": "jzl0277-mhfl0wpp", "is_user_correct": true}, {"top1-label": "Bronzed Cowbird", "top1-score": 0.9996199607849121, "question": "Sam guessed the Input image is 99% Bronzed Cowbird. Is it Bronzed Cowbird?", "Accept/Reject": true, "type": "topK", "image-path": "./data/topK-exp-materials/026.Bronzed_Cowbird_16_4.jpeg", "user_decision": "YES", "user_id": "jzl0277-mhfl0wpp", "is_user_correct": true}, {"top1-label": "Pileated Woodpecker", "top1-score": 0.9673041701316833, "question": "Sam guessed the Input image is 96% Pileated Woodpecker. Is it Pileated Woodpecker?", "Accept/Reject": true, "type": "topK", "image-path": "./data/topK-exp-materials/188.Pileated_Woodpecker_18_5.jpeg", "user_decision": "YES", "user_id": "jzl0277-mhfl0wpp", "is_user_correct": true}, {"top1-label": "Parakeet Auklet", "top1-score": 0.6898606419563293, "question": "Sam guessed the Input image is 68% Parakeet Auklet. Is it Parakeet Auklet?", "Accept/Reject": false, "type": "topK", "image-path": "./data/topK-exp-materials/005.Crested_Auklet_156_1.jpeg", "user_decision": "YES", "user_id": "jzl0277-mhfl0wpp", "is_user_correct": false}, {"top1-label": "Worm eating Warbler", "top1-score": 0.9706174731254578, "question": "Sam guessed the Input image is 97% Worm eating Warbler. Is it Worm eating Warbler?", "Accept/Reject": true, "type": "topK", "image-path": "./data/topK-exp-materials/181.Worm_eating_Warbler_41_6.jpeg", "user_decision": "YES", "user_id": "jzl0277-mhfl0wpp", "is_user_correct": true}, {"top1-label": "American Redstart", "top1-score": 0.9996676445007324, "question": "Sam guessed the Input image is 99% American Redstart. Is it American Redstart?", "Accept/Reject": true, "type": "topK", "image-path": "./data/topK-exp-materials/109.American_Redstart_38_6.jpeg", "user_decision": "YES", "user_id": "jzl0277-mhfl0wpp", "is_user_correct": false}]}