{"user_id": "Joe Lin-91j5w0yl", "time": 1706246985, "history": [{"top1-label": "Common Raven", "top1-score": 0.19218948483467102, "question": "Sam guessed the Input image is 19% Common Raven. Is it Common Raven?", "Accept/Reject": false, "type": "top1", "image-path": "./data/top1-exp-materials/107.Common_Raven_125_7.jpeg", "user_decision": "YES", "user_id": "Joe Lin-91j5w0yl", "is_user_correct": false}, {"top1-label": "Least Flycatcher", "top1-score": 0.594859778881073, "question": "Sam guessed the Input image is 59% Least Flycatcher. Is it Least Flycatcher?", "Accept/Reject": true, "type": "top1", "image-path": "./data/top1-exp-materials/039.Least_Flycatcher_32_5.jpeg", "user_decision": "YES", "user_id": "Joe Lin-91j5w0yl", "is_user_correct": true}, {"top1-label": "Red eyed Vireo", "top1-score": 0.9664561748504639, "question": "Sam guessed the Input image is 96% Red eyed Vireo. Is it Red eyed Vireo?", "Accept/Reject": true, "type": "top1", "image-path": "./data/top1-exp-materials/154.Red_eyed_Vireo_6_1.jpeg", "user_decision": "YES", "user_id": "Joe Lin-91j5w0yl", "is_user_correct": true}, {"top1-label": "Pomarine Jaeger", "top1-score": 0.990095853805542, "question": "Sam guessed the Input image is 99% Pomarine Jaeger. Is it Pomarine Jaeger?", "Accept/Reject": false, "type": "top1", "image-path": "./data/top1-exp-materials/071.Long_tailed_Jaeger_2_2.jpeg", "user_decision": "YES", "user_id": "Joe Lin-91j5w0yl", "is_user_correct": false}, {"top1-label": "Indigo Bunting", "top1-score": 0.9845351576805115, "question": "Sam guessed the Input image is 98% Indigo Bunting. Is it Indigo Bunting?", "Accept/Reject": false, "type": "top1", "image-path": "./data/top1-exp-materials/054.Blue_Grosbeak_165_5.jpeg", "user_decision": "YES", "user_id": "Joe Lin-91j5w0yl", "is_user_correct": false}, {"top1-label": "Indigo Bunting", "top1-score": 0.995785653591156, "question": "Sam guessed the Input image is 99% Indigo Bunting. Is it Indigo Bunting?", "Accept/Reject": true, "type": "top1", "image-path": "./data/top1-exp-materials/014.Indigo_Bunting_32_2.jpeg", "user_decision": "YES", "user_id": "Joe Lin-91j5w0yl", "is_user_correct": true}, {"top1-label": "Brandt Cormorant", "top1-score": 0.8920263051986694, "question": "Sam guessed the Input image is 89% Brandt Cormorant. Is it Brandt Cormorant?", "Accept/Reject": true, "type": "top1", "image-path": "./data/top1-exp-materials/023.Brandt_Cormorant_7_7.jpeg", "user_decision": "YES", "user_id": "Joe Lin-91j5w0yl", "is_user_correct": true}, {"top1-label": "Black billed Cuckoo", "top1-score": 0.9914582371711731, "question": "Sam guessed the Input image is 99% Black billed Cuckoo. Is it Black billed Cuckoo?", "Accept/Reject": true, "type": "top1", "image-path": "./data/top1-exp-materials/031.Black_billed_Cuckoo_12_5.jpeg", "user_decision": "YES", "user_id": "Joe Lin-91j5w0yl", "is_user_correct": true}, {"top1-label": "White necked Raven", "top1-score": 0.036096569150686264, "question": "Sam guessed the Input image is 3% White necked Raven. Is it White necked Raven?", "Accept/Reject": false, "type": "top1", "image-path": "./data/top1-exp-materials/108.White_necked_Raven_232_2.jpeg", "user_decision": "YES", "user_id": "Joe Lin-91j5w0yl", "is_user_correct": false}, {"top1-label": "Northern Waterthrush", "top1-score": 0.9476956725120544, "question": "Sam guessed the Input image is 94% Northern Waterthrush. Is it Northern Waterthrush?", "Accept/Reject": true, "type": "top1", "image-path": "./data/top1-exp-materials/183.Northern_Waterthrush_5_5.jpeg", "user_decision": "YES", "user_id": "Joe Lin-91j5w0yl", "is_user_correct": true}, {"top1-label": "Nelson Sharp tailed Sparrow", "top1-score": 0.6647009253501892, "question": "Sam guessed the Input image is 66% Nelson Sharp tailed Sparrow. Is it Nelson Sharp tailed Sparrow?", "Accept/Reject": false, "type": "top1", "image-path": "./data/top1-exp-materials/126.Nelson_Sharp_tailed_Sparrow_238_3.jpeg", "user_decision": "YES", "user_id": "Joe Lin-91j5w0yl", "is_user_correct": false}, {"top1-label": "Herring Gull", "top1-score": 0.6845122575759888, "question": "Sam guessed the Input image is 68% Herring Gull. Is it Herring Gull?", "Accept/Reject": false, "type": "top1", "image-path": "./data/top1-exp-materials/066.Western_Gull_303_3.jpeg", "user_decision": "YES", "user_id": "Joe Lin-91j5w0yl", "is_user_correct": false}, {"top1-label": "Grasshopper Sparrow", "top1-score": 0.9970129728317261, "question": "Sam guessed the Input image is 99% Grasshopper Sparrow. Is it Grasshopper Sparrow?", "Accept/Reject": true, "type": "top1", "image-path": "./data/top1-exp-materials/121.Grasshopper_Sparrow_3_3.jpeg", "user_decision": "YES", "user_id": "Joe Lin-91j5w0yl", "is_user_correct": true}, {"top1-label": "Frigatebird", "top1-score": 0.9998724460601807, "question": "Sam guessed the Input image is 99% Frigatebird. Is it Frigatebird?", "Accept/Reject": true, "type": "top1", "image-path": "./data/top1-exp-materials/044.Frigatebird_12_4.jpeg", "user_decision": "YES", "user_id": "Joe Lin-91j5w0yl", "is_user_correct": true}, {"top1-label": "Tropical Kingbird", "top1-score": 0.8988468050956726, "question": "Sam guessed the Input image is 89% Tropical Kingbird. Is it Tropical Kingbird?", "Accept/Reject": false, "type": "top1", "image-path": "./data/top1-exp-materials/038.Great_Crested_Flycatcher_117_6.jpeg", "user_decision": "YES", "user_id": "Joe Lin-91j5w0yl", "is_user_correct": false}, {"top1-label": "Great Grey Shrike", "top1-score": 0.9435285329818726, "question": "Sam guessed the Input image is 94% Great Grey Shrike. Is it Great Grey Shrike?", "Accept/Reject": false, "type": "top1", "image-path": "./data/top1-exp-materials/111.Loggerhead_Shrike_237_6.jpeg", "user_decision": "YES", "user_id": "Joe Lin-91j5w0yl", "is_user_correct": false}, {"top1-label": "Brewer Sparrow", "top1-score": 0.03326614201068878, "question": "Sam guessed the Input image is 3% Brewer Sparrow. Is it Brewer Sparrow?", "Accept/Reject": false, "type": "top1", "image-path": "./data/top1-exp-materials/115.Brewer_Sparrow_161_1.jpeg", "user_decision": "YES", "user_id": "Joe Lin-91j5w0yl", "is_user_correct": false}, {"top1-label": "Yellow billed Cuckoo", "top1-score": 0.07804844528436661, "question": "Sam guessed the Input image is 7% Yellow billed Cuckoo. Is it Yellow billed Cuckoo?", "Accept/Reject": false, "type": "top1", "image-path": "./data/top1-exp-materials/083.White_breasted_Kingfisher_52_1.jpeg", "user_decision": "NO", "user_id": "Joe Lin-91j5w0yl", "is_user_correct": true}, {"top1-label": "Cardinal", "top1-score": 0.9993312954902649, "question": "Sam guessed the Input image is 99% Cardinal. Is it Cardinal?", "Accept/Reject": true, "type": "top1", "image-path": "./data/top1-exp-materials/017.Cardinal_38_5.jpeg", "user_decision": "YES", "user_id": "Joe Lin-91j5w0yl", "is_user_correct": true}, {"top1-label": "House Sparrow", "top1-score": 0.20183907449245453, "question": "Sam guessed the Input image is 20% House Sparrow. Is it House Sparrow?", "Accept/Reject": false, "type": "top1", "image-path": "./data/top1-exp-materials/119.Field_Sparrow_125_0.jpeg", "user_decision": "YES", "user_id": "Joe Lin-91j5w0yl", "is_user_correct": false}, {"top1-label": "Whip poor Will", "top1-score": 0.9537695646286011, "question": "Sam guessed the Input image is 95% Whip poor Will. Is it Whip poor Will?", "Accept/Reject": true, "type": "top1", "image-path": "./data/top1-exp-materials/105.Whip_poor_Will_32_6.jpeg", "user_decision": "YES", "user_id": "Joe Lin-91j5w0yl", "is_user_correct": true}, {"top1-label": "Pomarine Jaeger", "top1-score": 0.41584303975105286, "question": "Sam guessed the Input image is 41% Pomarine Jaeger. Is it Pomarine Jaeger?", "Accept/Reject": false, "type": "top1", "image-path": "./data/top1-exp-materials/071.Long_tailed_Jaeger_151_1.jpeg", "user_decision": "YES", "user_id": "Joe Lin-91j5w0yl", "is_user_correct": false}, {"top1-label": "Cliff Swallow", "top1-score": 0.009474165737628937, "question": "Sam guessed the Input image is 0% Cliff Swallow. Is it Cliff Swallow?", "Accept/Reject": false, "type": "top1", "image-path": "./data/top1-exp-materials/044.Frigatebird_62_5.jpeg", "user_decision": "NO", "user_id": "Joe Lin-91j5w0yl", "is_user_correct": true}, {"top1-label": "Marsh Wren", "top1-score": 0.9991728663444519, "question": "Sam guessed the Input image is 99% Marsh Wren. Is it Marsh Wren?", "Accept/Reject": true, "type": "top1", "image-path": "./data/top1-exp-materials/197.Marsh_Wren_28_4.jpeg", "user_decision": "YES", "user_id": "Joe Lin-91j5w0yl", "is_user_correct": true}, {"top1-label": "Pelagic Cormorant", "top1-score": 0.3155427873134613, "question": "Sam guessed the Input image is 31% Pelagic Cormorant. Is it Pelagic Cormorant?", "Accept/Reject": true, "type": "top1", "image-path": "./data/top1-exp-materials/025.Pelagic_Cormorant_22_4.jpeg", "user_decision": "YES", "user_id": "Joe Lin-91j5w0yl", "is_user_correct": true}, {"top1-label": "Eared Grebe", "top1-score": 0.998218834400177, "question": "Sam guessed the Input image is 99% Eared Grebe. Is it Eared Grebe?", "Accept/Reject": true, "type": "top1", "image-path": "./data/top1-exp-materials/050.Eared_Grebe_16_7.jpeg", "user_decision": "YES", "user_id": "Joe Lin-91j5w0yl", "is_user_correct": true}, {"top1-label": "Yellow billed Cuckoo", "top1-score": 0.11280803382396698, "question": "Sam guessed the Input image is 11% Yellow billed Cuckoo. Is it Yellow billed Cuckoo?", "Accept/Reject": false, "type": "top1", "image-path": "./data/top1-exp-materials/031.Black_billed_Cuckoo_82_5.jpeg", "user_decision": "YES", "user_id": "Joe Lin-91j5w0yl", "is_user_correct": false}, {"top1-label": "Western Meadowlark", "top1-score": 0.9992440938949585, "question": "Sam guessed the Input image is 99% Western Meadowlark. Is it Western Meadowlark?", "Accept/Reject": true, "type": "top1", "image-path": "./data/top1-exp-materials/088.Western_Meadowlark_10_4.jpeg", "user_decision": "YES", "user_id": "Joe Lin-91j5w0yl", "is_user_correct": true}, {"top1-label": "Common Tern", "top1-score": 0.2668288052082062, "question": "Sam guessed the Input image is 26% Common Tern. Is it Common Tern?", "Accept/Reject": false, "type": "top1", "image-path": "./data/top1-exp-materials/146.Forsters_Tern_136_7.jpeg", "user_decision": "YES", "user_id": "Joe Lin-91j5w0yl", "is_user_correct": false}, {"top1-label": "Forsters Tern", "top1-score": 0.8702758550643921, "question": "Sam guessed the Input image is 87% Forsters Tern. Is it Forsters Tern?", "Accept/Reject": true, "type": "top1", "image-path": "./data/top1-exp-materials/146.Forsters_Tern_38_0.jpeg", "user_decision": "YES", "user_id": "Joe Lin-91j5w0yl", "is_user_correct": false}]}