{"user_id": "jzn0041-yhyrzux2", "time": 1706298390, "history": [{"top1-label": "American Crow", "top1-score": 0.8807826042175293, "question": "Sam guessed the Input image is 88% American Crow. Is it American Crow?", "Accept/Reject": true, "type": "top1", "image-path": "./data/top1-exp-materials/029.American_Crow_31_1.jpeg", "user_decision": "YES", "user_id": "jzn0041-yhyrzux2", "is_user_correct": true}, {"top1-label": "Red bellied Woodpecker", "top1-score": 0.9962543249130249, "question": "Sam guessed the Input image is 99% Red bellied Woodpecker. Is it Red bellied Woodpecker?", "Accept/Reject": true, "type": "top1", "image-path": "./data/top1-exp-materials/189.Red_bellied_Woodpecker_32_0.jpeg", "user_decision": "YES", "user_id": "jzn0041-yhyrzux2", "is_user_correct": true}, {"top1-label": "Pelagic Cormorant", "top1-score": 0.9758628606796265, "question": "Sam guessed the Input image is 97% Pelagic Cormorant. Is it Pelagic Cormorant?", "Accept/Reject": true, "type": "top1", "image-path": "./data/top1-exp-materials/025.Pelagic_Cormorant_21_2.jpeg", "user_decision": "YES", "user_id": "jzn0041-yhyrzux2", "is_user_correct": true}, {"top1-label": "Grasshopper Sparrow", "top1-score": 0.09094677865505219, "question": "Sam guessed the Input image is 9% Grasshopper Sparrow. Is it Grasshopper Sparrow?", "Accept/Reject": false, "type": "top1", "image-path": "./data/top1-exp-materials/117.Clay_colored_Sparrow_245_3.jpeg", "user_decision": "YES", "user_id": "jzn0041-yhyrzux2", "is_user_correct": false}, {"top1-label": "Baird Sparrow", "top1-score": 0.5334389209747314, "question": "Sam guessed the Input image is 53% Baird Sparrow. Is it Baird Sparrow?", "Accept/Reject": false, "type": "top1", "image-path": "./data/top1-exp-materials/123.Henslow_Sparrow_23_0.jpeg", "user_decision": "NO", "user_id": "jzn0041-yhyrzux2", "is_user_correct": true}, {"top1-label": "Indigo Bunting", "top1-score": 0.9845351576805115, "question": "Sam guessed the Input image is 98% Indigo Bunting. Is it Indigo Bunting?", "Accept/Reject": false, "type": "top1", "image-path": "./data/top1-exp-materials/054.Blue_Grosbeak_165_5.jpeg", "user_decision": "YES", "user_id": "jzn0041-yhyrzux2", "is_user_correct": false}, {"top1-label": "Baird Sparrow", "top1-score": 0.6744885444641113, "question": "Sam guessed the Input image is 67% Baird Sparrow. Is it Baird Sparrow?", "Accept/Reject": false, "type": "top1", "image-path": "./data/top1-exp-materials/117.Clay_colored_Sparrow_287_7.jpeg", "user_decision": "YES", "user_id": "jzn0041-yhyrzux2", "is_user_correct": false}, {"top1-label": "Black capped Vireo", "top1-score": 0.9955455660820007, "question": "Sam guessed the Input image is 99% Black capped Vireo. Is it Black capped Vireo?", "Accept/Reject": true, "type": "top1", "image-path": "./data/top1-exp-materials/151.Black_capped_Vireo_32_1.jpeg", "user_decision": "YES", "user_id": "jzn0041-yhyrzux2", "is_user_correct": true}, {"top1-label": "Black capped Vireo", "top1-score": 0.0019169703591614962, "question": "Sam guessed the Input image is 0% Black capped Vireo. Is it Black capped Vireo?", "Accept/Reject": false, "type": "top1", "image-path": "./data/top1-exp-materials/022.Chuck_will_Widow_83_1.jpeg", "user_decision": "NO", "user_id": "jzn0041-yhyrzux2", "is_user_correct": true}, {"top1-label": "Ovenbird", "top1-score": 0.9932361245155334, "question": "Sam guessed the Input image is 99% Ovenbird. Is it Ovenbird?", "Accept/Reject": true, "type": "top1", "image-path": "./data/top1-exp-materials/099.Ovenbird_35_0.jpeg", "user_decision": "YES", "user_id": "jzn0041-yhyrzux2", "is_user_correct": true}, {"top1-label": "Pelagic Cormorant", "top1-score": 0.6628124713897705, "question": "Sam guessed the Input image is 66% Pelagic Cormorant. Is it Pelagic Cormorant?", "Accept/Reject": true, "type": "top1", "image-path": "./data/top1-exp-materials/025.Pelagic_Cormorant_4_5.jpeg", "user_decision": "YES", "user_id": "jzn0041-yhyrzux2", "is_user_correct": true}, {"top1-label": "Le Conte Sparrow", "top1-score": 3.0443520699918736e-06, "question": "Sam guessed the Input image is 0% Le Conte Sparrow. Is it Le Conte Sparrow?", "Accept/Reject": false, "type": "top1", "image-path": "./data/top1-exp-materials/126.Nelson_Sharp_tailed_Sparrow_192_5.jpeg", "user_decision": "YES", "user_id": "jzn0041-yhyrzux2", "is_user_correct": false}, {"top1-label": "Caspian Tern", "top1-score": 0.8053717613220215, "question": "Sam guessed the Input image is 80% Caspian Tern. Is it Caspian Tern?", "Accept/Reject": true, "type": "top1", "image-path": "./data/top1-exp-materials/143.Caspian_Tern_4_0.jpeg", "user_decision": "YES", "user_id": "jzn0041-yhyrzux2", "is_user_correct": true}, {"top1-label": "Ringed Kingfisher", "top1-score": 0.9566355347633362, "question": "Sam guessed the Input image is 95% Ringed Kingfisher. Is it Ringed Kingfisher?", "Accept/Reject": true, "type": "top1", "image-path": "./data/top1-exp-materials/082.Ringed_Kingfisher_12_2.jpeg", "user_decision": "YES", "user_id": "jzn0041-yhyrzux2", "is_user_correct": true}, {"top1-label": "Mockingbird", "top1-score": 0.9984832406044006, "question": "Sam guessed the Input image is 99% Mockingbird. Is it Mockingbird?", "Accept/Reject": false, "type": "top1", "image-path": "./data/top1-exp-materials/039.Least_Flycatcher_255_0.jpeg", "user_decision": "YES", "user_id": "jzn0041-yhyrzux2", "is_user_correct": false}, {"top1-label": "Henslow Sparrow", "top1-score": 0.6396999359130859, "question": "Sam guessed the Input image is 63% Henslow Sparrow. Is it Henslow Sparrow?", "Accept/Reject": false, "type": "top1", "image-path": "./data/top1-exp-materials/123.Henslow_Sparrow_236_7.jpeg", "user_decision": "YES", "user_id": "jzn0041-yhyrzux2", "is_user_correct": false}, {"top1-label": "Artic Tern", "top1-score": 0.9293242692947388, "question": "Sam guessed the Input image is 92% Artic Tern. Is it Artic Tern?", "Accept/Reject": false, "type": "top1", "image-path": "./data/top1-exp-materials/144.Common_Tern_110_5.jpeg", "user_decision": "YES", "user_id": "jzn0041-yhyrzux2", "is_user_correct": false}, {"top1-label": "Prothonotary Warbler", "top1-score": 0.9965580105781555, "question": "Sam guessed the Input image is 99% Prothonotary Warbler. Is it Prothonotary Warbler?", "Accept/Reject": true, "type": "top1", "image-path": "./data/top1-exp-materials/177.Prothonotary_Warbler_42_0.jpeg", "user_decision": "YES", "user_id": "jzn0041-yhyrzux2", "is_user_correct": true}, {"top1-label": "Pelagic Cormorant", "top1-score": 0.0003454512625467032, "question": "Sam guessed the Input image is 0% Pelagic Cormorant. Is it Pelagic Cormorant?", "Accept/Reject": false, "type": "top1", "image-path": "./data/top1-exp-materials/004.Groove_billed_Ani_14_4.jpeg", "user_decision": "NO", "user_id": "jzn0041-yhyrzux2", "is_user_correct": true}, {"top1-label": "Yellow throated Vireo", "top1-score": 0.2652810215950012, "question": "Sam guessed the Input image is 26% Yellow throated Vireo. Is it Yellow throated Vireo?", "Accept/Reject": true, "type": "top1", "image-path": "./data/top1-exp-materials/157.Yellow_throated_Vireo_0_6.jpeg", "user_decision": "YES", "user_id": "jzn0041-yhyrzux2", "is_user_correct": true}, {"top1-label": "Western Meadowlark", "top1-score": 0.9992440938949585, "question": "Sam guessed the Input image is 99% Western Meadowlark. Is it Western Meadowlark?", "Accept/Reject": true, "type": "top1", "image-path": "./data/top1-exp-materials/088.Western_Meadowlark_10_4.jpeg", "user_decision": "YES", "user_id": "jzn0041-yhyrzux2", "is_user_correct": true}, {"top1-label": "Song Sparrow", "top1-score": 0.354444682598114, "question": "Sam guessed the Input image is 35% Song Sparrow. Is it Song Sparrow?", "Accept/Reject": false, "type": "top1", "image-path": "./data/top1-exp-materials/129.Song_Sparrow_170_4.jpeg", "user_decision": "YES", "user_id": "jzn0041-yhyrzux2", "is_user_correct": false}, {"top1-label": "Common Yellowthroat", "top1-score": 0.9994336366653442, "question": "Sam guessed the Input image is 99% Common Yellowthroat. Is it Common Yellowthroat?", "Accept/Reject": true, "type": "top1", "image-path": "./data/top1-exp-materials/200.Common_Yellowthroat_6_4.jpeg", "user_decision": "YES", "user_id": "jzn0041-yhyrzux2", "is_user_correct": true}, {"top1-label": "Lincoln Sparrow", "top1-score": 0.9881682395935059, "question": "Sam guessed the Input image is 98% Lincoln Sparrow. Is it Lincoln Sparrow?", "Accept/Reject": true, "type": "top1", "image-path": "./data/top1-exp-materials/125.Lincoln_Sparrow_29_6.jpeg", "user_decision": "YES", "user_id": "jzn0041-yhyrzux2", "is_user_correct": true}, {"top1-label": "Rusty Blackbird", "top1-score": 0.04160042107105255, "question": "Sam guessed the Input image is 4% Rusty Blackbird. Is it Rusty Blackbird?", "Accept/Reject": false, "type": "top1", "image-path": "./data/top1-exp-materials/011.Rusty_Blackbird_30_2.jpeg", "user_decision": "YES", "user_id": "jzn0041-yhyrzux2", "is_user_correct": false}, {"top1-label": "Common Tern", "top1-score": 0.16585339605808258, "question": "Sam guessed the Input image is 16% Common Tern. Is it Common Tern?", "Accept/Reject": false, "type": "top1", "image-path": "./data/top1-exp-materials/141.Artic_Tern_29_0.jpeg", "user_decision": "YES", "user_id": "jzn0041-yhyrzux2", "is_user_correct": false}, {"top1-label": "Western Gull", "top1-score": 0.22570593655109406, "question": "Sam guessed the Input image is 22% Western Gull. Is it Western Gull?", "Accept/Reject": false, "type": "top1", "image-path": "./data/top1-exp-materials/059.California_Gull_112_1.jpeg", "user_decision": "YES", "user_id": "jzn0041-yhyrzux2", "is_user_correct": false}, {"top1-label": "Least Tern", "top1-score": 0.003990004770457745, "question": "Sam guessed the Input image is 0% Least Tern. Is it Least Tern?", "Accept/Reject": true, "type": "top1", "image-path": "./data/top1-exp-materials/144.Common_Tern_10_0.jpeg", "user_decision": "YES", "user_id": "jzn0041-yhyrzux2", "is_user_correct": true}, {"top1-label": "Pacific Loon", "top1-score": 0.9266012907028198, "question": "Sam guessed the Input image is 92% Pacific Loon. Is it Pacific Loon?", "Accept/Reject": true, "type": "top1", "image-path": "./data/top1-exp-materials/086.Pacific_Loon_4_6.jpeg", "user_decision": "YES", "user_id": "jzn0041-yhyrzux2", "is_user_correct": true}, {"top1-label": "Warbling Vireo", "top1-score": 0.7354265451431274, "question": "Sam guessed the Input image is 73% Warbling Vireo. Is it Warbling Vireo?", "Accept/Reject": true, "type": "top1", "image-path": "./data/top1-exp-materials/155.Warbling_Vireo_37_0.jpeg", "user_decision": "YES", "user_id": "jzn0041-yhyrzux2", "is_user_correct": false}]}