{"user_id": "cal0108-3umq681i", "time": 1706113601, "history": [{"top1-label": "Purple Finch", "top1-score": 0.002174902008846402, "question": "Sam guessed the Input image is 0% Purple Finch. Is it Purple Finch?", "Accept/Reject": false, "type": "topK", "image-path": "./data/topK-exp-materials/027.Shiny_Cowbird_81_2.jpeg", "user_decision": "NO", "user_id": "cal0108-3umq681i", "is_user_correct": true}, {"top1-label": "Chuck will Widow", "top1-score": 0.5202459692955017, "question": "Sam guessed the Input image is 52% Chuck will Widow. Is it Chuck will Widow?", "Accept/Reject": false, "type": "topK", "image-path": "./data/topK-exp-materials/022.Chuck_will_Widow_56_5.jpeg", "user_decision": "YES", "user_id": "cal0108-3umq681i", "is_user_correct": false}, {"top1-label": "White eyed Vireo", "top1-score": 0.9981279373168945, "question": "Sam guessed the Input image is 99% White eyed Vireo. Is it White eyed Vireo?", "Accept/Reject": false, "type": "topK", "image-path": "./data/topK-exp-materials/157.Yellow_throated_Vireo_184_6.jpeg", "user_decision": "YES", "user_id": "cal0108-3umq681i", "is_user_correct": false}, {"top1-label": "Yellow Warbler", "top1-score": 0.999646008014679, "question": "Sam guessed the Input image is 99% Yellow Warbler. Is it Yellow Warbler?", "Accept/Reject": true, "type": "topK", "image-path": "./data/topK-exp-materials/182.Yellow_Warbler_9_4.jpeg", "user_decision": "YES", "user_id": "cal0108-3umq681i", "is_user_correct": true}, {"top1-label": "Black Tern", "top1-score": 0.9987469911575317, "question": "Sam guessed the Input image is 99% Black Tern. Is it Black Tern?", "Accept/Reject": true, "type": "topK", "image-path": "./data/topK-exp-materials/142.Black_Tern_32_4.jpeg", "user_decision": "YES", "user_id": "cal0108-3umq681i", "is_user_correct": true}, {"top1-label": "Chuck will Widow", "top1-score": 0.9951090216636658, "question": "Sam guessed the Input image is 99% Chuck will Widow. Is it Chuck will Widow?", "Accept/Reject": true, "type": "topK", "image-path": "./data/topK-exp-materials/022.Chuck_will_Widow_19_6.jpeg", "user_decision": "YES", "user_id": "cal0108-3umq681i", "is_user_correct": true}, {"top1-label": "White breasted Nuthatch", "top1-score": 0.958006739616394, "question": "Sam guessed the Input image is 95% White breasted Nuthatch. Is it White breasted Nuthatch?", "Accept/Reject": true, "type": "topK", "image-path": "./data/topK-exp-materials/094.White_breasted_Nuthatch_27_1.jpeg", "user_decision": "YES", "user_id": "cal0108-3umq681i", "is_user_correct": true}, {"top1-label": "Magnolia Warbler", "top1-score": 0.6683002710342407, "question": "Sam guessed the Input image is 66% Magnolia Warbler. Is it Magnolia Warbler?", "Accept/Reject": false, "type": "topK", "image-path": "./data/topK-exp-materials/152.Blue_headed_Vireo_272_4.jpeg", "user_decision": "YES", "user_id": "cal0108-3umq681i", "is_user_correct": false}, {"top1-label": "House Sparrow", "top1-score": 0.5226640105247498, "question": "Sam guessed the Input image is 52% House Sparrow. Is it House Sparrow?", "Accept/Reject": false, "type": "topK", "image-path": "./data/topK-exp-materials/130.Tree_Sparrow_304_0.jpeg", "user_decision": "YES", "user_id": "cal0108-3umq681i", "is_user_correct": false}, {"top1-label": "Harris Sparrow", "top1-score": 0.16555559635162354, "question": "Sam guessed the Input image is 16% Harris Sparrow. Is it Harris Sparrow?", "Accept/Reject": false, "type": "topK", "image-path": "./data/topK-exp-materials/120.Fox_Sparrow_297_2.jpeg", "user_decision": "NO", "user_id": "cal0108-3umq681i", "is_user_correct": true}, {"top1-label": "Palm Warbler", "top1-score": 0.5321394801139832, "question": "Sam guessed the Input image is 53% Palm Warbler. Is it Palm Warbler?", "Accept/Reject": false, "type": "topK", "image-path": "./data/topK-exp-materials/163.Cape_May_Warbler_188_3.jpeg", "user_decision": "YES", "user_id": "cal0108-3umq681i", "is_user_correct": false}, {"top1-label": "Olive sided Flycatcher", "top1-score": 0.4651888310909271, "question": "Sam guessed the Input image is 46% Olive sided Flycatcher. Is it Olive sided Flycatcher?", "Accept/Reject": false, "type": "topK", "image-path": "./data/topK-exp-materials/102.Western_Wood_Pewee_87_1.jpeg", "user_decision": "YES", "user_id": "cal0108-3umq681i", "is_user_correct": false}, {"top1-label": "American Redstart", "top1-score": 0.023311203345656395, "question": "Sam guessed the Input image is 2% American Redstart. Is it American Redstart?", "Accept/Reject": false, "type": "topK", "image-path": "./data/topK-exp-materials/021.Eastern_Towhee_141_7.jpeg", "user_decision": "YES", "user_id": "cal0108-3umq681i", "is_user_correct": false}, {"top1-label": "Lazuli Bunting", "top1-score": 0.42040494084358215, "question": "Sam guessed the Input image is 42% Lazuli Bunting. Is it Lazuli Bunting?", "Accept/Reject": false, "type": "topK", "image-path": "./data/topK-exp-materials/198.Rock_Wren_0_1.jpeg", "user_decision": "NO", "user_id": "cal0108-3umq681i", "is_user_correct": true}, {"top1-label": "Western Meadowlark", "top1-score": 0.9992440938949585, "question": "Sam guessed the Input image is 99% Western Meadowlark. Is it Western Meadowlark?", "Accept/Reject": true, "type": "topK", "image-path": "./data/topK-exp-materials/088.Western_Meadowlark_10_4.jpeg", "user_decision": "YES", "user_id": "cal0108-3umq681i", "is_user_correct": true}, {"top1-label": "Sage Thrasher", "top1-score": 0.5481979250907898, "question": "Sam guessed the Input image is 54% Sage Thrasher. Is it Sage Thrasher?", "Accept/Reject": false, "type": "topK", "image-path": "./data/topK-exp-materials/120.Fox_Sparrow_53_2.jpeg", "user_decision": "NO", "user_id": "cal0108-3umq681i", "is_user_correct": true}, {"top1-label": "American Crow", "top1-score": 0.17481288313865662, "question": "Sam guessed the Input image is 17% American Crow. Is it American Crow?", "Accept/Reject": true, "type": "topK", "image-path": "./data/topK-exp-materials/029.American_Crow_0_3.jpeg", "user_decision": "YES", "user_id": "cal0108-3umq681i", "is_user_correct": true}, {"top1-label": "Marsh Wren", "top1-score": 0.999126136302948, "question": "Sam guessed the Input image is 99% Marsh Wren. Is it Marsh Wren?", "Accept/Reject": true, "type": "topK", "image-path": "./data/topK-exp-materials/197.Marsh_Wren_27_6.jpeg", "user_decision": "YES", "user_id": "cal0108-3umq681i", "is_user_correct": true}, {"top1-label": "Common Yellowthroat", "top1-score": 0.999617338180542, "question": "Sam guessed the Input image is 99% Common Yellowthroat. Is it Common Yellowthroat?", "Accept/Reject": true, "type": "topK", "image-path": "./data/topK-exp-materials/200.Common_Yellowthroat_7_6.jpeg", "user_decision": "YES", "user_id": "cal0108-3umq681i", "is_user_correct": true}, {"top1-label": "Gadwall", "top1-score": 0.9994192123413086, "question": "Sam guessed the Input image is 99% Gadwall. Is it Gadwall?", "Accept/Reject": true, "type": "topK", "image-path": "./data/topK-exp-materials/046.Gadwall_31_6.jpeg", "user_decision": "YES", "user_id": "cal0108-3umq681i", "is_user_correct": true}, {"top1-label": "Cardinal", "top1-score": 0.9993352293968201, "question": "Sam guessed the Input image is 99% Cardinal. Is it Cardinal?", "Accept/Reject": true, "type": "topK", "image-path": "./data/topK-exp-materials/017.Cardinal_37_7.jpeg", "user_decision": "YES", "user_id": "cal0108-3umq681i", "is_user_correct": true}, {"top1-label": "Horned Grebe", "top1-score": 0.7733575105667114, "question": "Sam guessed the Input image is 77% Horned Grebe. Is it Horned Grebe?", "Accept/Reject": false, "type": "topK", "image-path": "./data/topK-exp-materials/050.Eared_Grebe_36_6.jpeg", "user_decision": "YES", "user_id": "cal0108-3umq681i", "is_user_correct": false}, {"top1-label": "Horned Puffin", "top1-score": 0.6405686140060425, "question": "Sam guessed the Input image is 64% Horned Puffin. Is it Horned Puffin?", "Accept/Reject": true, "type": "topK", "image-path": "./data/topK-exp-materials/106.Horned_Puffin_4_3.jpeg", "user_decision": "YES", "user_id": "cal0108-3umq681i", "is_user_correct": true}, {"top1-label": "California Gull", "top1-score": 0.5344222187995911, "question": "Sam guessed the Input image is 53% California Gull. Is it California Gull?", "Accept/Reject": false, "type": "topK", "image-path": "./data/topK-exp-materials/059.California_Gull_83_3.jpeg", "user_decision": "NO", "user_id": "cal0108-3umq681i", "is_user_correct": true}, {"top1-label": "Ring billed Gull", "top1-score": 0.7002525925636292, "question": "Sam guessed the Input image is 70% Ring billed Gull. Is it Ring billed Gull?", "Accept/Reject": false, "type": "topK", "image-path": "./data/topK-exp-materials/059.California_Gull_69_2.jpeg", "user_decision": "YES", "user_id": "cal0108-3umq681i", "is_user_correct": false}, {"top1-label": "Pomarine Jaeger", "top1-score": 0.02435576356947422, "question": "Sam guessed the Input image is 2% Pomarine Jaeger. Is it Pomarine Jaeger?", "Accept/Reject": false, "type": "topK", "image-path": "./data/topK-exp-materials/005.Crested_Auklet_206_6.jpeg", "user_decision": "NO", "user_id": "cal0108-3umq681i", "is_user_correct": true}, {"top1-label": "Northern Flicker", "top1-score": 0.9976997971534729, "question": "Sam guessed the Input image is 99% Northern Flicker. Is it Northern Flicker?", "Accept/Reject": true, "type": "topK", "image-path": "./data/topK-exp-materials/036.Northern_Flicker_1_2.jpeg", "user_decision": "YES", "user_id": "cal0108-3umq681i", "is_user_correct": true}, {"top1-label": "Henslow Sparrow", "top1-score": 0.6396999359130859, "question": "Sam guessed the Input image is 63% Henslow Sparrow. Is it Henslow Sparrow?", "Accept/Reject": false, "type": "topK", "image-path": "./data/topK-exp-materials/123.Henslow_Sparrow_236_7.jpeg", "user_decision": "YES", "user_id": "cal0108-3umq681i", "is_user_correct": false}, {"top1-label": "Yellow billed Cuckoo", "top1-score": 0.2170901745557785, "question": "Sam guessed the Input image is 21% Yellow billed Cuckoo. Is it Yellow billed Cuckoo?", "Accept/Reject": false, "type": "topK", "image-path": "./data/topK-exp-materials/099.Ovenbird_300_4.jpeg", "user_decision": "NO", "user_id": "cal0108-3umq681i", "is_user_correct": true}, {"top1-label": "Sayornis", "top1-score": 0.06448663771152496, "question": "Sam guessed the Input image is 6% Sayornis. Is it Sayornis?", "Accept/Reject": false, "type": "topK", "image-path": "./data/topK-exp-materials/135.Bank_Swallow_49_5.jpeg", "user_decision": "NO", "user_id": "cal0108-3umq681i", "is_user_correct": false}]}