{"user_id": "pricekg-e62gusjy", "time": 1706214419, "history": [{"top1-label": "Lincoln Sparrow", "top1-score": 0.9881682395935059, "question": "Sam guessed the Input image is 98% Lincoln Sparrow. Is it Lincoln Sparrow?", "Accept/Reject": true, "type": "topK", "image-path": "./data/topK-exp-materials/125.Lincoln_Sparrow_29_6.jpeg", "user_decision": "YES", "user_id": "pricekg-e62gusjy", "is_user_correct": true}, {"top1-label": "Ringed Kingfisher", "top1-score": 0.9566355347633362, "question": "Sam guessed the Input image is 95% Ringed Kingfisher. Is it Ringed Kingfisher?", "Accept/Reject": true, "type": "topK", "image-path": "./data/topK-exp-materials/082.Ringed_Kingfisher_12_2.jpeg", "user_decision": "YES", "user_id": "pricekg-e62gusjy", "is_user_correct": true}, {"top1-label": "Pomarine Jaeger", "top1-score": 0.15239176154136658, "question": "Sam guessed the Input image is 15% Pomarine Jaeger. Is it Pomarine Jaeger?", "Accept/Reject": false, "type": "topK", "image-path": "./data/topK-exp-materials/086.Pacific_Loon_203_3.jpeg", "user_decision": "YES", "user_id": "pricekg-e62gusjy", "is_user_correct": false}, {"top1-label": "Lazuli Bunting", "top1-score": 0.9999699592590332, "question": "Sam guessed the Input image is 99% Lazuli Bunting. Is it Lazuli Bunting?", "Accept/Reject": true, "type": "topK", "image-path": "./data/topK-exp-materials/015.Lazuli_Bunting_17_7.jpeg", "user_decision": "YES", "user_id": "pricekg-e62gusjy", "is_user_correct": true}, {"top1-label": "Olive sided Flycatcher", "top1-score": 0.961275041103363, "question": "Sam guessed the Input image is 96% Olive sided Flycatcher. Is it Olive sided Flycatcher?", "Accept/Reject": true, "type": "topK", "image-path": "./data/topK-exp-materials/040.Olive_sided_Flycatcher_37_1.jpeg", "user_decision": "YES", "user_id": "pricekg-e62gusjy", "is_user_correct": true}, {"top1-label": "Boat tailed Grackle", "top1-score": 0.0013307561166584492, "question": "Sam guessed the Input image is 0% Boat tailed Grackle. Is it Boat tailed Grackle?", "Accept/Reject": false, "type": "topK", "image-path": "./data/topK-exp-materials/023.Brandt_Cormorant_142_4.jpeg", "user_decision": "NO", "user_id": "pricekg-e62gusjy", "is_user_correct": true}, {"top1-label": "Glaucous winged Gull", "top1-score": 0.037507299333810806, "question": "Sam guessed the Input image is 3% Glaucous winged Gull. Is it Glaucous winged Gull?", "Accept/Reject": false, "type": "topK", "image-path": "./data/topK-exp-materials/064.Ring_billed_Gull_248_0.jpeg", "user_decision": "YES", "user_id": "pricekg-e62gusjy", "is_user_correct": false}, {"top1-label": "Pileated Woodpecker", "top1-score": 0.9673041701316833, "question": "Sam guessed the Input image is 96% Pileated Woodpecker. Is it Pileated Woodpecker?", "Accept/Reject": true, "type": "topK", "image-path": "./data/topK-exp-materials/188.Pileated_Woodpecker_18_5.jpeg", "user_decision": "YES", "user_id": "pricekg-e62gusjy", "is_user_correct": true}, {"top1-label": "Gray Catbird", "top1-score": 5.175268597668037e-05, "question": "Sam guessed the Input image is 0% Gray Catbird. Is it Gray Catbird?", "Accept/Reject": false, "type": "topK", "image-path": "./data/topK-exp-materials/019.Gray_Catbird_262_7.jpeg", "user_decision": "YES", "user_id": "pricekg-e62gusjy", "is_user_correct": false}, {"top1-label": "Least Flycatcher", "top1-score": 0.594859778881073, "question": "Sam guessed the Input image is 59% Least Flycatcher. Is it Least Flycatcher?", "Accept/Reject": true, "type": "topK", "image-path": "./data/topK-exp-materials/039.Least_Flycatcher_32_5.jpeg", "user_decision": "YES", "user_id": "pricekg-e62gusjy", "is_user_correct": true}, {"top1-label": "Long tailed Jaeger", "top1-score": 0.19890715181827545, "question": "Sam guessed the Input image is 19% Long tailed Jaeger. Is it Long tailed Jaeger?", "Accept/Reject": true, "type": "topK", "image-path": "./data/topK-exp-materials/071.Long_tailed_Jaeger_26_1.jpeg", "user_decision": "YES", "user_id": "pricekg-e62gusjy", "is_user_correct": true}, {"top1-label": "Ring billed Gull", "top1-score": 0.49495792388916016, "question": "Sam guessed the Input image is 49% Ring billed Gull. Is it Ring billed Gull?", "Accept/Reject": false, "type": "topK", "image-path": "./data/topK-exp-materials/059.California_Gull_165_4.jpeg", "user_decision": "YES", "user_id": "pricekg-e62gusjy", "is_user_correct": false}, {"top1-label": "Red headed Woodpecker", "top1-score": 0.9998220801353455, "question": "Sam guessed the Input image is 99% Red headed Woodpecker. Is it Red headed Woodpecker?", "Accept/Reject": true, "type": "topK", "image-path": "./data/topK-exp-materials/191.Red_headed_Woodpecker_31_7.jpeg", "user_decision": "YES", "user_id": "pricekg-e62gusjy", "is_user_correct": true}, {"top1-label": "Winter Wren", "top1-score": 0.9999821186065674, "question": "Sam guessed the Input image is 99% Winter Wren. Is it Winter Wren?", "Accept/Reject": true, "type": "topK", "image-path": "./data/topK-exp-materials/199.Winter_Wren_33_0.jpeg", "user_decision": "YES", "user_id": "pricekg-e62gusjy", "is_user_correct": true}, {"top1-label": "Yellow billed Cuckoo", "top1-score": 0.9873858690261841, "question": "Sam guessed the Input image is 98% Yellow billed Cuckoo. Is it Yellow billed Cuckoo?", "Accept/Reject": false, "type": "topK", "image-path": "./data/topK-exp-materials/031.Black_billed_Cuckoo_88_5.jpeg", "user_decision": "YES", "user_id": "pricekg-e62gusjy", "is_user_correct": false}, {"top1-label": "Brewer Sparrow", "top1-score": 0.5473032593727112, "question": "Sam guessed the Input image is 54% Brewer Sparrow. Is it Brewer Sparrow?", "Accept/Reject": false, "type": "topK", "image-path": "./data/topK-exp-materials/116.Chipping_Sparrow_3_0.jpeg", "user_decision": "YES", "user_id": "pricekg-e62gusjy", "is_user_correct": false}, {"top1-label": "Cliff Swallow", "top1-score": 8.212699071918905e-07, "question": "Sam guessed the Input image is 0% Cliff Swallow. Is it Cliff Swallow?", "Accept/Reject": false, "type": "topK", "image-path": "./data/topK-exp-materials/114.Black_throated_Sparrow_93_6.jpeg", "user_decision": "NO", "user_id": "pricekg-e62gusjy", "is_user_correct": true}, {"top1-label": "Acadian Flycatcher", "top1-score": 0.28548839688301086, "question": "Sam guessed the Input image is 28% Acadian Flycatcher. Is it Acadian Flycatcher?", "Accept/Reject": false, "type": "topK", "image-path": "./data/topK-exp-materials/037.Acadian_Flycatcher_148_7.jpeg", "user_decision": "NO", "user_id": "pricekg-e62gusjy", "is_user_correct": true}, {"top1-label": "Louisiana Waterthrush", "top1-score": 0.542222797870636, "question": "Sam guessed the Input image is 54% Louisiana Waterthrush. Is it Louisiana Waterthrush?", "Accept/Reject": false, "type": "topK", "image-path": "./data/topK-exp-materials/183.Northern_Waterthrush_190_6.jpeg", "user_decision": "YES", "user_id": "pricekg-e62gusjy", "is_user_correct": false}, {"top1-label": "Yellow throated Vireo", "top1-score": 0.8285635113716125, "question": "Sam guessed the Input image is 82% Yellow throated Vireo. Is it Yellow throated Vireo?", "Accept/Reject": true, "type": "topK", "image-path": "./data/topK-exp-materials/157.Yellow_throated_Vireo_3_2.jpeg", "user_decision": "YES", "user_id": "pricekg-e62gusjy", "is_user_correct": true}, {"top1-label": "Horned Lark", "top1-score": 0.10650143772363663, "question": "Sam guessed the Input image is 10% Horned Lark. Is it Horned Lark?", "Accept/Reject": false, "type": "topK", "image-path": "./data/topK-exp-materials/085.Horned_Lark_262_6.jpeg", "user_decision": "YES", "user_id": "pricekg-e62gusjy", "is_user_correct": false}, {"top1-label": "Mockingbird", "top1-score": 0.9984832406044006, "question": "Sam guessed the Input image is 99% Mockingbird. Is it Mockingbird?", "Accept/Reject": false, "type": "topK", "image-path": "./data/topK-exp-materials/039.Least_Flycatcher_255_0.jpeg", "user_decision": "YES", "user_id": "pricekg-e62gusjy", "is_user_correct": false}, {"top1-label": "Pelagic Cormorant", "top1-score": 0.3155427873134613, "question": "Sam guessed the Input image is 31% Pelagic Cormorant. Is it Pelagic Cormorant?", "Accept/Reject": true, "type": "topK", "image-path": "./data/topK-exp-materials/025.Pelagic_Cormorant_22_4.jpeg", "user_decision": "YES", "user_id": "pricekg-e62gusjy", "is_user_correct": true}, {"top1-label": "Sayornis", "top1-score": 0.3378506004810333, "question": "Sam guessed the Input image is 33% Sayornis. Is it Sayornis?", "Accept/Reject": false, "type": "topK", "image-path": "./data/topK-exp-materials/102.Western_Wood_Pewee_22_5.jpeg", "user_decision": "YES", "user_id": "pricekg-e62gusjy", "is_user_correct": false}, {"top1-label": "Red faced Cormorant", "top1-score": 0.11516573280096054, "question": "Sam guessed the Input image is 11% Red faced Cormorant. Is it Red faced Cormorant?", "Accept/Reject": false, "type": "topK", "image-path": "./data/topK-exp-materials/024.Red_faced_Cormorant_296_7.jpeg", "user_decision": "YES", "user_id": "pricekg-e62gusjy", "is_user_correct": false}, {"top1-label": "Lazuli Bunting", "top1-score": 0.999834418296814, "question": "Sam guessed the Input image is 99% Lazuli Bunting. Is it Lazuli Bunting?", "Accept/Reject": false, "type": "topK", "image-path": "./data/topK-exp-materials/116.Chipping_Sparrow_114_1.jpeg", "user_decision": "YES", "user_id": "pricekg-e62gusjy", "is_user_correct": false}, {"top1-label": "Great Grey Shrike", "top1-score": 0.9435285329818726, "question": "Sam guessed the Input image is 94% Great Grey Shrike. Is it Great Grey Shrike?", "Accept/Reject": false, "type": "topK", "image-path": "./data/topK-exp-materials/111.Loggerhead_Shrike_237_6.jpeg", "user_decision": "YES", "user_id": "pricekg-e62gusjy", "is_user_correct": false}, {"top1-label": "Brewer Blackbird", "top1-score": 0.01587270386517048, "question": "Sam guessed the Input image is 1% Brewer Blackbird. Is it Brewer Blackbird?", "Accept/Reject": false, "type": "topK", "image-path": "./data/topK-exp-materials/027.Shiny_Cowbird_70_7.jpeg", "user_decision": "NO", "user_id": "pricekg-e62gusjy", "is_user_correct": true}, {"top1-label": "Northern Flicker", "top1-score": 0.9976997971534729, "question": "Sam guessed the Input image is 99% Northern Flicker. Is it Northern Flicker?", "Accept/Reject": true, "type": "topK", "image-path": "./data/topK-exp-materials/036.Northern_Flicker_1_2.jpeg", "user_decision": "YES", "user_id": "pricekg-e62gusjy", "is_user_correct": true}, {"top1-label": "Nighthawk", "top1-score": 0.9906159043312073, "question": "Sam guessed the Input image is 99% Nighthawk. Is it Nighthawk?", "Accept/Reject": true, "type": "topK", "image-path": "./data/topK-exp-materials/092.Nighthawk_12_3.jpeg", "user_decision": "YES", "user_id": "pricekg-e62gusjy", "is_user_correct": false}]}