{"user_id": "mss0033-xyza-9cwj2f31", "time": 1706145619, "history": [{"top1-label": "Glaucous winged Gull", "top1-score": 0.6884362101554871, "question": "Sam guessed the Input image is 68% Glaucous winged Gull. Is it Glaucous winged Gull?", "Accept/Reject": false, "type": "top1", "image-path": "./data/top1-exp-materials/062.Herring_Gull_58_0.jpeg", "user_decision": "YES", "user_id": "mss0033-xyza-9cwj2f31", "is_user_correct": false}, {"top1-label": "Western Gull", "top1-score": 0.04487951472401619, "question": "Sam guessed the Input image is 4% Western Gull. Is it Western Gull?", "Accept/Reject": false, "type": "top1", "image-path": "./data/top1-exp-materials/065.Slaty_backed_Gull_163_3.jpeg", "user_decision": "YES", "user_id": "mss0033-xyza-9cwj2f31", "is_user_correct": false}, {"top1-label": "American Crow", "top1-score": 0.07322628051042557, "question": "Sam guessed the Input image is 7% American Crow. Is it American Crow?", "Accept/Reject": false, "type": "top1", "image-path": "./data/top1-exp-materials/107.Common_Raven_204_2.jpeg", "user_decision": "NO", "user_id": "mss0033-xyza-9cwj2f31", "is_user_correct": true}, {"top1-label": "Chuck will Widow", "top1-score": 0.7453331351280212, "question": "Sam guessed the Input image is 74% Chuck will Widow. Is it Chuck will Widow?", "Accept/Reject": false, "type": "top1", "image-path": "./data/top1-exp-materials/022.Chuck_will_Widow_35_4.jpeg", "user_decision": "YES", "user_id": "mss0033-xyza-9cwj2f31", "is_user_correct": false}, {"top1-label": "Common Tern", "top1-score": 0.6922330856323242, "question": "Sam guessed the Input image is 69% Common Tern. Is it Common Tern?", "Accept/Reject": false, "type": "top1", "image-path": "./data/top1-exp-materials/146.Forsters_Tern_206_3.jpeg", "user_decision": "YES", "user_id": "mss0033-xyza-9cwj2f31", "is_user_correct": false}, {"top1-label": "Groove billed Ani", "top1-score": 0.9995224475860596, "question": "Sam guessed the Input image is 99% Groove billed Ani. Is it Groove billed Ani?", "Accept/Reject": true, "type": "top1", "image-path": "./data/top1-exp-materials/004.Groove_billed_Ani_30_3.jpeg", "user_decision": "YES", "user_id": "mss0033-xyza-9cwj2f31", "is_user_correct": true}, {"top1-label": "Golden winged Warbler", "top1-score": 0.9821025729179382, "question": "Sam guessed the Input image is 98% Golden winged Warbler. Is it Golden winged Warbler?", "Accept/Reject": true, "type": "top1", "image-path": "./data/top1-exp-materials/166.Golden_winged_Warbler_36_2.jpeg", "user_decision": "YES", "user_id": "mss0033-xyza-9cwj2f31", "is_user_correct": true}, {"top1-label": "Pileated Woodpecker", "top1-score": 0.9673041701316833, "question": "Sam guessed the Input image is 96% Pileated Woodpecker. Is it Pileated Woodpecker?", "Accept/Reject": true, "type": "top1", "image-path": "./data/top1-exp-materials/188.Pileated_Woodpecker_18_5.jpeg", "user_decision": "YES", "user_id": "mss0033-xyza-9cwj2f31", "is_user_correct": true}, {"top1-label": "Ring billed Gull", "top1-score": 0.49495792388916016, "question": "Sam guessed the Input image is 49% Ring billed Gull. Is it Ring billed Gull?", "Accept/Reject": false, "type": "top1", "image-path": "./data/top1-exp-materials/059.California_Gull_165_4.jpeg", "user_decision": "YES", "user_id": "mss0033-xyza-9cwj2f31", "is_user_correct": false}, {"top1-label": "Caspian Tern", "top1-score": 0.8053717613220215, "question": "Sam guessed the Input image is 80% Caspian Tern. Is it Caspian Tern?", "Accept/Reject": true, "type": "top1", "image-path": "./data/top1-exp-materials/143.Caspian_Tern_4_0.jpeg", "user_decision": "YES", "user_id": "mss0033-xyza-9cwj2f31", "is_user_correct": true}, {"top1-label": "American Redstart", "top1-score": 0.023311203345656395, "question": "Sam guessed the Input image is 2% American Redstart. Is it American Redstart?", "Accept/Reject": false, "type": "top1", "image-path": "./data/top1-exp-materials/021.Eastern_Towhee_141_7.jpeg", "user_decision": "NO", "user_id": "mss0033-xyza-9cwj2f31", "is_user_correct": true}, {"top1-label": "Tree Swallow", "top1-score": 0.4365893304347992, "question": "Sam guessed the Input image is 43% Tree Swallow. Is it Tree Swallow?", "Accept/Reject": false, "type": "top1", "image-path": "./data/top1-exp-materials/135.Bank_Swallow_188_0.jpeg", "user_decision": "NO", "user_id": "mss0033-xyza-9cwj2f31", "is_user_correct": true}, {"top1-label": "Gray crowned Rosy Finch", "top1-score": 0.9907346367835999, "question": "Sam guessed the Input image is 99% Gray crowned Rosy Finch. Is it Gray crowned Rosy Finch?", "Accept/Reject": true, "type": "top1", "image-path": "./data/top1-exp-materials/034.Gray_crowned_Rosy_Finch_26_6.jpeg", "user_decision": "YES", "user_id": "mss0033-xyza-9cwj2f31", "is_user_correct": true}, {"top1-label": "American Pipit", "top1-score": 0.9634500741958618, "question": "Sam guessed the Input image is 96% American Pipit. Is it American Pipit?", "Accept/Reject": true, "type": "top1", "image-path": "./data/top1-exp-materials/104.American_Pipit_25_7.jpeg", "user_decision": "NO", "user_id": "mss0033-xyza-9cwj2f31", "is_user_correct": false}, {"top1-label": "Yellow billed Cuckoo", "top1-score": 0.9873858690261841, "question": "Sam guessed the Input image is 98% Yellow billed Cuckoo. Is it Yellow billed Cuckoo?", "Accept/Reject": false, "type": "top1", "image-path": "./data/top1-exp-materials/031.Black_billed_Cuckoo_88_5.jpeg", "user_decision": "YES", "user_id": "mss0033-xyza-9cwj2f31", "is_user_correct": false}, {"top1-label": "Brewer Sparrow", "top1-score": 0.4106586277484894, "question": "Sam guessed the Input image is 41% Brewer Sparrow. Is it Brewer Sparrow?", "Accept/Reject": false, "type": "top1", "image-path": "./data/top1-exp-materials/121.Grasshopper_Sparrow_183_4.jpeg", "user_decision": "NO", "user_id": "mss0033-xyza-9cwj2f31", "is_user_correct": true}, {"top1-label": "Fish Crow", "top1-score": 0.48084813356399536, "question": "Sam guessed the Input image is 48% Fish Crow. Is it Fish Crow?", "Accept/Reject": false, "type": "top1", "image-path": "./data/top1-exp-materials/029.American_Crow_74_3.jpeg", "user_decision": "NO", "user_id": "mss0033-xyza-9cwj2f31", "is_user_correct": true}, {"top1-label": "Acadian Flycatcher", "top1-score": 0.28548839688301086, "question": "Sam guessed the Input image is 28% Acadian Flycatcher. Is it Acadian Flycatcher?", "Accept/Reject": false, "type": "top1", "image-path": "./data/top1-exp-materials/037.Acadian_Flycatcher_148_7.jpeg", "user_decision": "YES", "user_id": "mss0033-xyza-9cwj2f31", "is_user_correct": false}, {"top1-label": "Red breasted Merganser", "top1-score": 0.0022894993890076876, "question": "Sam guessed the Input image is 0% Red breasted Merganser. Is it Red breasted Merganser?", "Accept/Reject": false, "type": "top1", "image-path": "./data/top1-exp-materials/089.Hooded_Merganser_212_2.jpeg", "user_decision": "NO", "user_id": "mss0033-xyza-9cwj2f31", "is_user_correct": true}, {"top1-label": "Western Meadowlark", "top1-score": 0.9396076202392578, "question": "Sam guessed the Input image is 93% Western Meadowlark. Is it Western Meadowlark?", "Accept/Reject": true, "type": "top1", "image-path": "./data/top1-exp-materials/088.Western_Meadowlark_38_4.jpeg", "user_decision": "YES", "user_id": "mss0033-xyza-9cwj2f31", "is_user_correct": true}, {"top1-label": "Lazuli Bunting", "top1-score": 0.9999699592590332, "question": "Sam guessed the Input image is 99% Lazuli Bunting. Is it Lazuli Bunting?", "Accept/Reject": true, "type": "top1", "image-path": "./data/top1-exp-materials/015.Lazuli_Bunting_17_7.jpeg", "user_decision": "YES", "user_id": "mss0033-xyza-9cwj2f31", "is_user_correct": true}, {"top1-label": "Brewer Sparrow", "top1-score": 0.6813523173332214, "question": "Sam guessed the Input image is 68% Brewer Sparrow. Is it Brewer Sparrow?", "Accept/Reject": false, "type": "top1", "image-path": "./data/top1-exp-materials/116.Chipping_Sparrow_61_2.jpeg", "user_decision": "YES", "user_id": "mss0033-xyza-9cwj2f31", "is_user_correct": false}, {"top1-label": "Olive sided Flycatcher", "top1-score": 0.961275041103363, "question": "Sam guessed the Input image is 96% Olive sided Flycatcher. Is it Olive sided Flycatcher?", "Accept/Reject": true, "type": "top1", "image-path": "./data/top1-exp-materials/040.Olive_sided_Flycatcher_37_1.jpeg", "user_decision": "YES", "user_id": "mss0033-xyza-9cwj2f31", "is_user_correct": true}, {"top1-label": "Yellow headed Blackbird", "top1-score": 0.9998099207878113, "question": "Sam guessed the Input image is 99% Yellow headed Blackbird. Is it Yellow headed Blackbird?", "Accept/Reject": true, "type": "top1", "image-path": "./data/top1-exp-materials/012.Yellow_headed_Blackbird_7_0.jpeg", "user_decision": "YES", "user_id": "mss0033-xyza-9cwj2f31", "is_user_correct": true}, {"top1-label": "Herring Gull", "top1-score": 0.6038476824760437, "question": "Sam guessed the Input image is 60% Herring Gull. Is it Herring Gull?", "Accept/Reject": true, "type": "top1", "image-path": "./data/top1-exp-materials/062.Herring_Gull_31_0.jpeg", "user_decision": "YES", "user_id": "mss0033-xyza-9cwj2f31", "is_user_correct": true}, {"top1-label": "Canada Warbler", "top1-score": 0.22925086319446564, "question": "Sam guessed the Input image is 22% Canada Warbler. Is it Canada Warbler?", "Accept/Reject": false, "type": "top1", "image-path": "./data/top1-exp-materials/162.Canada_Warbler_258_5.jpeg", "user_decision": "YES", "user_id": "mss0033-xyza-9cwj2f31", "is_user_correct": false}, {"top1-label": "Ovenbird", "top1-score": 0.9990108013153076, "question": "Sam guessed the Input image is 99% Ovenbird. Is it Ovenbird?", "Accept/Reject": true, "type": "top1", "image-path": "./data/top1-exp-materials/099.Ovenbird_35_6.jpeg", "user_decision": "YES", "user_id": "mss0033-xyza-9cwj2f31", "is_user_correct": true}, {"top1-label": "Mockingbird", "top1-score": 0.996290385723114, "question": "Sam guessed the Input image is 99% Mockingbird. Is it Mockingbird?", "Accept/Reject": true, "type": "top1", "image-path": "./data/top1-exp-materials/091.Mockingbird_11_1.jpeg", "user_decision": "YES", "user_id": "mss0033-xyza-9cwj2f31", "is_user_correct": true}, {"top1-label": "California Gull", "top1-score": 0.6841210126876831, "question": "Sam guessed the Input image is 68% California Gull. Is it California Gull?", "Accept/Reject": false, "type": "top1", "image-path": "./data/top1-exp-materials/062.Herring_Gull_27_0.jpeg", "user_decision": "NO", "user_id": "mss0033-xyza-9cwj2f31", "is_user_correct": true}, {"top1-label": "Scott Oriole", "top1-score": 0.7991881966590881, "question": "Sam guessed the Input image is 79% Scott Oriole. Is it Scott Oriole?", "Accept/Reject": false, "type": "top1", "image-path": "./data/top1-exp-materials/096.Hooded_Oriole_250_4.jpeg", "user_decision": "NO", "user_id": "mss0033-xyza-9cwj2f31", "is_user_correct": false}]}