{"user_id": "username-izlj20r9", "time": 1706210013, "history": [{"top1-label": "Eared Grebe", "top1-score": 0.9976015090942383, "question": "Sam guessed the Input image is 99% Eared Grebe. Is it Eared Grebe?", "Accept/Reject": false, "type": "topK", "image-path": "./data/topK-exp-materials/051.Horned_Grebe_209_6.jpeg", "user_decision": "YES", "user_id": "username-izlj20r9", "is_user_correct": false}, {"top1-label": "Kentucky Warbler", "top1-score": 0.997864305973053, "question": "Sam guessed the Input image is 99% Kentucky Warbler. Is it Kentucky Warbler?", "Accept/Reject": true, "type": "topK", "image-path": "./data/topK-exp-materials/168.Kentucky_Warbler_21_5.jpeg", "user_decision": "YES", "user_id": "username-izlj20r9", "is_user_correct": true}, {"top1-label": "Groove billed Ani", "top1-score": 0.9995224475860596, "question": "Sam guessed the Input image is 99% Groove billed Ani. Is it Groove billed Ani?", "Accept/Reject": true, "type": "topK", "image-path": "./data/topK-exp-materials/004.Groove_billed_Ani_30_3.jpeg", "user_decision": "YES", "user_id": "username-izlj20r9", "is_user_correct": true}, {"top1-label": "Pelagic Cormorant", "top1-score": 0.6628124713897705, "question": "Sam guessed the Input image is 66% Pelagic Cormorant. Is it Pelagic Cormorant?", "Accept/Reject": true, "type": "topK", "image-path": "./data/topK-exp-materials/025.Pelagic_Cormorant_4_5.jpeg", "user_decision": "NO", "user_id": "username-izlj20r9", "is_user_correct": false}, {"top1-label": "Anna Hummingbird", "top1-score": 0.3595849871635437, "question": "Sam guessed the Input image is 35% Anna Hummingbird. Is it Anna Hummingbird?", "Accept/Reject": false, "type": "topK", "image-path": "./data/topK-exp-materials/068.Ruby_throated_Hummingbird_7_4.jpeg", "user_decision": "YES", "user_id": "username-izlj20r9", "is_user_correct": false}, {"top1-label": "California Gull", "top1-score": 0.6841210126876831, "question": "Sam guessed the Input image is 68% California Gull. Is it California Gull?", "Accept/Reject": false, "type": "topK", "image-path": "./data/topK-exp-materials/062.Herring_Gull_27_0.jpeg", "user_decision": "YES", "user_id": "username-izlj20r9", "is_user_correct": false}, {"top1-label": "Spotted Catbird", "top1-score": 0.04556488245725632, "question": "Sam guessed the Input image is 4% Spotted Catbird. Is it Spotted Catbird?", "Accept/Reject": false, "type": "topK", "image-path": "./data/topK-exp-materials/130.Tree_Sparrow_25_0.jpeg", "user_decision": "NO", "user_id": "username-izlj20r9", "is_user_correct": true}, {"top1-label": "Gray Catbird", "top1-score": 0.9967394471168518, "question": "Sam guessed the Input image is 99% Gray Catbird. Is it Gray Catbird?", "Accept/Reject": true, "type": "topK", "image-path": "./data/topK-exp-materials/019.Gray_Catbird_28_3.jpeg", "user_decision": "NO", "user_id": "username-izlj20r9", "is_user_correct": false}, {"top1-label": "Caspian Tern", "top1-score": 0.3273080289363861, "question": "Sam guessed the Input image is 32% Caspian Tern. Is it Caspian Tern?", "Accept/Reject": false, "type": "topK", "image-path": "./data/topK-exp-materials/145.Elegant_Tern_11_3.jpeg", "user_decision": "NO", "user_id": "username-izlj20r9", "is_user_correct": true}, {"top1-label": "Pine Grosbeak", "top1-score": 3.802051651291549e-07, "question": "Sam guessed the Input image is 0% Pine Grosbeak. Is it Pine Grosbeak?", "Accept/Reject": false, "type": "topK", "image-path": "./data/topK-exp-materials/118.House_Sparrow_130_1.jpeg", "user_decision": "NO", "user_id": "username-izlj20r9", "is_user_correct": true}, {"top1-label": "Boat tailed Grackle", "top1-score": 0.9524627327919006, "question": "Sam guessed the Input image is 95% Boat tailed Grackle. Is it Boat tailed Grackle?", "Accept/Reject": false, "type": "topK", "image-path": "./data/topK-exp-materials/030.Fish_Crow_16_2.jpeg", "user_decision": "YES", "user_id": "username-izlj20r9", "is_user_correct": false}, {"top1-label": "Red faced Cormorant", "top1-score": 0.9856429696083069, "question": "Sam guessed the Input image is 98% Red faced Cormorant. Is it Red faced Cormorant?", "Accept/Reject": true, "type": "topK", "image-path": "./data/topK-exp-materials/024.Red_faced_Cormorant_21_7.jpeg", "user_decision": "YES", "user_id": "username-izlj20r9", "is_user_correct": true}, {"top1-label": "Ringed Kingfisher", "top1-score": 0.9273421764373779, "question": "Sam guessed the Input image is 92% Ringed Kingfisher. Is it Ringed Kingfisher?", "Accept/Reject": true, "type": "topK", "image-path": "./data/topK-exp-materials/082.Ringed_Kingfisher_21_0.jpeg", "user_decision": "NO", "user_id": "username-izlj20r9", "is_user_correct": false}, {"top1-label": "Brown Creeper", "top1-score": 0.9995700716972351, "question": "Sam guessed the Input image is 99% Brown Creeper. Is it Brown Creeper?", "Accept/Reject": true, "type": "topK", "image-path": "./data/topK-exp-materials/028.Brown_Creeper_29_7.jpeg", "user_decision": "YES", "user_id": "username-izlj20r9", "is_user_correct": true}, {"top1-label": "Western Grebe", "top1-score": 0.9945234060287476, "question": "Sam guessed the Input image is 99% Western Grebe. Is it Western Grebe?", "Accept/Reject": true, "type": "topK", "image-path": "./data/topK-exp-materials/053.Western_Grebe_23_7.jpeg", "user_decision": "YES", "user_id": "username-izlj20r9", "is_user_correct": true}, {"top1-label": "White throated Sparrow", "top1-score": 0.9968647360801697, "question": "Sam guessed the Input image is 99% White throated Sparrow. Is it White throated Sparrow?", "Accept/Reject": true, "type": "topK", "image-path": "./data/topK-exp-materials/133.White_throated_Sparrow_6_3.jpeg", "user_decision": "YES", "user_id": "username-izlj20r9", "is_user_correct": true}, {"top1-label": "Forsters Tern", "top1-score": 0.8975353837013245, "question": "Sam guessed the Input image is 89% Forsters Tern. Is it Forsters Tern?", "Accept/Reject": false, "type": "topK", "image-path": "./data/topK-exp-materials/144.Common_Tern_266_7.jpeg", "user_decision": "NO", "user_id": "username-izlj20r9", "is_user_correct": true}, {"top1-label": "American Pipit", "top1-score": 0.9962766170501709, "question": "Sam guessed the Input image is 99% American Pipit. Is it American Pipit?", "Accept/Reject": true, "type": "topK", "image-path": "./data/topK-exp-materials/104.American_Pipit_37_5.jpeg", "user_decision": "YES", "user_id": "username-izlj20r9", "is_user_correct": true}, {"top1-label": "Northern Waterthrush", "top1-score": 0.014213882386684418, "question": "Sam guessed the Input image is 1% Northern Waterthrush. Is it Northern Waterthrush?", "Accept/Reject": true, "type": "topK", "image-path": "./data/topK-exp-materials/183.Northern_Waterthrush_15_0.jpeg", "user_decision": "YES", "user_id": "username-izlj20r9", "is_user_correct": true}, {"top1-label": "Pelagic Cormorant", "top1-score": 0.012642119079828262, "question": "Sam guessed the Input image is 1% Pelagic Cormorant. Is it Pelagic Cormorant?", "Accept/Reject": false, "type": "topK", "image-path": "./data/topK-exp-materials/023.Brandt_Cormorant_110_1.jpeg", "user_decision": "NO", "user_id": "username-izlj20r9", "is_user_correct": true}, {"top1-label": "Le Conte Sparrow", "top1-score": 0.13458998501300812, "question": "Sam guessed the Input image is 13% Le Conte Sparrow. Is it Le Conte Sparrow?", "Accept/Reject": false, "type": "topK", "image-path": "./data/topK-exp-materials/123.Henslow_Sparrow_260_0.jpeg", "user_decision": "NO", "user_id": "username-izlj20r9", "is_user_correct": true}, {"top1-label": "Chuck will Widow", "top1-score": 0.9993151426315308, "question": "Sam guessed the Input image is 99% Chuck will Widow. Is it Chuck will Widow?", "Accept/Reject": true, "type": "topK", "image-path": "./data/topK-exp-materials/022.Chuck_will_Widow_23_2.jpeg", "user_decision": "YES", "user_id": "username-izlj20r9", "is_user_correct": true}, {"top1-label": "Yellow billed Cuckoo", "top1-score": 0.8087473511695862, "question": "Sam guessed the Input image is 80% Yellow billed Cuckoo. Is it Yellow billed Cuckoo?", "Accept/Reject": false, "type": "topK", "image-path": "./data/topK-exp-materials/031.Black_billed_Cuckoo_178_3.jpeg", "user_decision": "NO", "user_id": "username-izlj20r9", "is_user_correct": true}, {"top1-label": "Red bellied Woodpecker", "top1-score": 0.9929957389831543, "question": "Sam guessed the Input image is 99% Red bellied Woodpecker. Is it Red bellied Woodpecker?", "Accept/Reject": true, "type": "topK", "image-path": "./data/topK-exp-materials/189.Red_bellied_Woodpecker_3_1.jpeg", "user_decision": "YES", "user_id": "username-izlj20r9", "is_user_correct": true}, {"top1-label": "Pomarine Jaeger", "top1-score": 0.990095853805542, "question": "Sam guessed the Input image is 99% Pomarine Jaeger. Is it Pomarine Jaeger?", "Accept/Reject": false, "type": "topK", "image-path": "./data/topK-exp-materials/071.Long_tailed_Jaeger_2_2.jpeg", "user_decision": "YES", "user_id": "username-izlj20r9", "is_user_correct": false}, {"top1-label": "Evening Grosbeak", "top1-score": 0.999889612197876, "question": "Sam guessed the Input image is 99% Evening Grosbeak. Is it Evening Grosbeak?", "Accept/Reject": true, "type": "topK", "image-path": "./data/topK-exp-materials/055.Evening_Grosbeak_25_3.jpeg", "user_decision": "YES", "user_id": "username-izlj20r9", "is_user_correct": true}, {"top1-label": "Indigo Bunting", "top1-score": 0.9573527574539185, "question": "Sam guessed the Input image is 95% Indigo Bunting. Is it Indigo Bunting?", "Accept/Reject": false, "type": "topK", "image-path": "./data/topK-exp-materials/054.Blue_Grosbeak_128_4.jpeg", "user_decision": "YES", "user_id": "username-izlj20r9", "is_user_correct": false}, {"top1-label": "Carolina Wren", "top1-score": 0.5807691216468811, "question": "Sam guessed the Input image is 58% Carolina Wren. Is it Carolina Wren?", "Accept/Reject": false, "type": "topK", "image-path": "./data/topK-exp-materials/193.Bewick_Wren_52_6.jpeg", "user_decision": "NO", "user_id": "username-izlj20r9", "is_user_correct": true}, {"top1-label": "Bronzed Cowbird", "top1-score": 0.009916502051055431, "question": "Sam guessed the Input image is 0% Bronzed Cowbird. Is it Bronzed Cowbird?", "Accept/Reject": false, "type": "topK", "image-path": "./data/topK-exp-materials/107.Common_Raven_176_7.jpeg", "user_decision": "NO", "user_id": "username-izlj20r9", "is_user_correct": true}, {"top1-label": "Gray crowned Rosy Finch", "top1-score": 0.28590622544288635, "question": "Sam guessed the Input image is 28% Gray crowned Rosy Finch. Is it Gray crowned Rosy Finch?", "Accept/Reject": false, "type": "topK", "image-path": "./data/topK-exp-materials/089.Hooded_Merganser_198_7.jpeg", "user_decision": "NO", "user_id": "username-izlj20r9", "is_user_correct": false}]}