{"user_id": "azr0187-nw8lcsmj", "time": 1706210287, "history": [{"top1-label": "Loggerhead Shrike", "top1-score": 0.2981569170951843, "question": "Sam guessed the Input image is 29% Loggerhead Shrike. Is it Loggerhead Shrike?", "Accept/Reject": false, "type": "topK", "image-path": "./data/topK-exp-materials/112.Great_Grey_Shrike_287_5.jpeg", "user_decision": "YES", "user_id": "azr0187-nw8lcsmj", "is_user_correct": false}, {"top1-label": "Hooded Warbler", "top1-score": 0.9024428129196167, "question": "Sam guessed the Input image is 90% Hooded Warbler. Is it Hooded Warbler?", "Accept/Reject": false, "type": "topK", "image-path": "./data/topK-exp-materials/167.Hooded_Warbler_315_2.jpeg", "user_decision": "YES", "user_id": "azr0187-nw8lcsmj", "is_user_correct": false}, {"top1-label": "Scarlet Tanager", "top1-score": 0.9934902191162109, "question": "Sam guessed the Input image is 99% Scarlet Tanager. Is it Scarlet Tanager?", "Accept/Reject": true, "type": "topK", "image-path": "./data/topK-exp-materials/139.Scarlet_Tanager_26_0.jpeg", "user_decision": "YES", "user_id": "azr0187-nw8lcsmj", "is_user_correct": true}, {"top1-label": "Yellow billed Cuckoo", "top1-score": 0.9961761832237244, "question": "Sam guessed the Input image is 99% Yellow billed Cuckoo. Is it Yellow billed Cuckoo?", "Accept/Reject": true, "type": "topK", "image-path": "./data/topK-exp-materials/033.Yellow_billed_Cuckoo_41_7.jpeg", "user_decision": "NO", "user_id": "azr0187-nw8lcsmj", "is_user_correct": false}, {"top1-label": "Indigo Bunting", "top1-score": 0.995785653591156, "question": "Sam guessed the Input image is 99% Indigo Bunting. Is it Indigo Bunting?", "Accept/Reject": true, "type": "topK", "image-path": "./data/topK-exp-materials/014.Indigo_Bunting_32_2.jpeg", "user_decision": "YES", "user_id": "azr0187-nw8lcsmj", "is_user_correct": true}, {"top1-label": "Pine Warbler", "top1-score": 0.489633172750473, "question": "Sam guessed the Input image is 48% Pine Warbler. Is it Pine Warbler?", "Accept/Reject": true, "type": "topK", "image-path": "./data/topK-exp-materials/175.Pine_Warbler_5_4.jpeg", "user_decision": "YES", "user_id": "azr0187-nw8lcsmj", "is_user_correct": true}, {"top1-label": "Horned Grebe", "top1-score": 0.9612672328948975, "question": "Sam guessed the Input image is 96% Horned Grebe. Is it Horned Grebe?", "Accept/Reject": false, "type": "topK", "image-path": "./data/topK-exp-materials/050.Eared_Grebe_269_0.jpeg", "user_decision": "YES", "user_id": "azr0187-nw8lcsmj", "is_user_correct": false}, {"top1-label": "Yellow headed Blackbird", "top1-score": 0.9998099207878113, "question": "Sam guessed the Input image is 99% Yellow headed Blackbird. Is it Yellow headed Blackbird?", "Accept/Reject": true, "type": "topK", "image-path": "./data/topK-exp-materials/012.Yellow_headed_Blackbird_7_0.jpeg", "user_decision": "YES", "user_id": "azr0187-nw8lcsmj", "is_user_correct": true}, {"top1-label": "Least Tern", "top1-score": 0.9810149073600769, "question": "Sam guessed the Input image is 98% Least Tern. Is it Least Tern?", "Accept/Reject": true, "type": "topK", "image-path": "./data/topK-exp-materials/147.Least_Tern_37_4.jpeg", "user_decision": "YES", "user_id": "azr0187-nw8lcsmj", "is_user_correct": true}, {"top1-label": "Kentucky Warbler", "top1-score": 0.997864305973053, "question": "Sam guessed the Input image is 99% Kentucky Warbler. Is it Kentucky Warbler?", "Accept/Reject": true, "type": "topK", "image-path": "./data/topK-exp-materials/168.Kentucky_Warbler_21_5.jpeg", "user_decision": "YES", "user_id": "azr0187-nw8lcsmj", "is_user_correct": true}, {"top1-label": "Red breasted Merganser", "top1-score": 0.013378582894802094, "question": "Sam guessed the Input image is 1% Red breasted Merganser. Is it Red breasted Merganser?", "Accept/Reject": false, "type": "topK", "image-path": "./data/topK-exp-materials/089.Hooded_Merganser_247_7.jpeg", "user_decision": "NO", "user_id": "azr0187-nw8lcsmj", "is_user_correct": true}, {"top1-label": "Nighthawk", "top1-score": 0.06719072163105011, "question": "Sam guessed the Input image is 6% Nighthawk. Is it Nighthawk?", "Accept/Reject": false, "type": "topK", "image-path": "./data/topK-exp-materials/097.Orchard_Oriole_193_3.jpeg", "user_decision": "NO", "user_id": "azr0187-nw8lcsmj", "is_user_correct": true}, {"top1-label": "Cedar Waxwing", "top1-score": 0.9306260347366333, "question": "Sam guessed the Input image is 93% Cedar Waxwing. Is it Cedar Waxwing?", "Accept/Reject": true, "type": "topK", "image-path": "./data/topK-exp-materials/186.Cedar_Waxwing_14_2.jpeg", "user_decision": "YES", "user_id": "azr0187-nw8lcsmj", "is_user_correct": true}, {"top1-label": "American Crow", "top1-score": 0.07322628051042557, "question": "Sam guessed the Input image is 7% American Crow. Is it American Crow?", "Accept/Reject": false, "type": "topK", "image-path": "./data/topK-exp-materials/107.Common_Raven_204_2.jpeg", "user_decision": "NO", "user_id": "azr0187-nw8lcsmj", "is_user_correct": true}, {"top1-label": "White breasted Nuthatch", "top1-score": 0.9977145195007324, "question": "Sam guessed the Input image is 99% White breasted Nuthatch. Is it White breasted Nuthatch?", "Accept/Reject": true, "type": "topK", "image-path": "./data/topK-exp-materials/094.White_breasted_Nuthatch_15_5.jpeg", "user_decision": "YES", "user_id": "azr0187-nw8lcsmj", "is_user_correct": true}, {"top1-label": "Evening Grosbeak", "top1-score": 0.8581215739250183, "question": "Sam guessed the Input image is 85% Evening Grosbeak. Is it Evening Grosbeak?", "Accept/Reject": true, "type": "topK", "image-path": "./data/topK-exp-materials/055.Evening_Grosbeak_40_7.jpeg", "user_decision": "YES", "user_id": "azr0187-nw8lcsmj", "is_user_correct": true}, {"top1-label": "Mourning Warbler", "top1-score": 0.992900013923645, "question": "Sam guessed the Input image is 99% Mourning Warbler. Is it Mourning Warbler?", "Accept/Reject": true, "type": "topK", "image-path": "./data/topK-exp-materials/170.Mourning_Warbler_22_0.jpeg", "user_decision": "YES", "user_id": "azr0187-nw8lcsmj", "is_user_correct": true}, {"top1-label": "Least Tern", "top1-score": 0.0247866902500391, "question": "Sam guessed the Input image is 2% Least Tern. Is it Least Tern?", "Accept/Reject": false, "type": "topK", "image-path": "./data/topK-exp-materials/147.Least_Tern_292_4.jpeg", "user_decision": "YES", "user_id": "azr0187-nw8lcsmj", "is_user_correct": false}, {"top1-label": "Shiny Cowbird", "top1-score": 0.02239486575126648, "question": "Sam guessed the Input image is 2% Shiny Cowbird. Is it Shiny Cowbird?", "Accept/Reject": false, "type": "topK", "image-path": "./data/topK-exp-materials/027.Shiny_Cowbird_18_3.jpeg", "user_decision": "YES", "user_id": "azr0187-nw8lcsmj", "is_user_correct": false}, {"top1-label": "White necked Raven", "top1-score": 0.042974699288606644, "question": "Sam guessed the Input image is 4% White necked Raven. Is it White necked Raven?", "Accept/Reject": false, "type": "topK", "image-path": "./data/topK-exp-materials/071.Long_tailed_Jaeger_80_1.jpeg", "user_decision": "NO", "user_id": "azr0187-nw8lcsmj", "is_user_correct": true}, {"top1-label": "Loggerhead Shrike", "top1-score": 0.3784658908843994, "question": "Sam guessed the Input image is 37% Loggerhead Shrike. Is it Loggerhead Shrike?", "Accept/Reject": false, "type": "topK", "image-path": "./data/topK-exp-materials/112.Great_Grey_Shrike_137_3.jpeg", "user_decision": "YES", "user_id": "azr0187-nw8lcsmj", "is_user_correct": false}, {"top1-label": "Yellow throated Vireo", "top1-score": 0.19876627624034882, "question": "Sam guessed the Input image is 19% Yellow throated Vireo. Is it Yellow throated Vireo?", "Accept/Reject": false, "type": "topK", "image-path": "./data/topK-exp-materials/157.Yellow_throated_Vireo_57_5.jpeg", "user_decision": "YES", "user_id": "azr0187-nw8lcsmj", "is_user_correct": false}, {"top1-label": "Pileated Woodpecker", "top1-score": 0.9673041701316833, "question": "Sam guessed the Input image is 96% Pileated Woodpecker. Is it Pileated Woodpecker?", "Accept/Reject": true, "type": "topK", "image-path": "./data/topK-exp-materials/188.Pileated_Woodpecker_18_5.jpeg", "user_decision": "YES", "user_id": "azr0187-nw8lcsmj", "is_user_correct": true}, {"top1-label": "Artic Tern", "top1-score": 0.24874870479106903, "question": "Sam guessed the Input image is 24% Artic Tern. Is it Artic Tern?", "Accept/Reject": true, "type": "topK", "image-path": "./data/topK-exp-materials/141.Artic_Tern_18_4.jpeg", "user_decision": "YES", "user_id": "azr0187-nw8lcsmj", "is_user_correct": true}, {"top1-label": "Scissor tailed Flycatcher", "top1-score": 0.998297929763794, "question": "Sam guessed the Input image is 99% Scissor tailed Flycatcher. Is it Scissor tailed Flycatcher?", "Accept/Reject": true, "type": "topK", "image-path": "./data/topK-exp-materials/041.Scissor_tailed_Flycatcher_19_1.jpeg", "user_decision": "YES", "user_id": "azr0187-nw8lcsmj", "is_user_correct": true}, {"top1-label": "Black footed Albatross", "top1-score": 0.9874992966651917, "question": "Sam guessed the Input image is 98% Black footed Albatross. Is it Black footed Albatross?", "Accept/Reject": true, "type": "topK", "image-path": "./data/topK-exp-materials/001.Black_footed_Albatross_29_1.jpeg", "user_decision": "YES", "user_id": "azr0187-nw8lcsmj", "is_user_correct": true}, {"top1-label": "Philadelphia Vireo", "top1-score": 0.04229721426963806, "question": "Sam guessed the Input image is 4% Philadelphia Vireo. Is it Philadelphia Vireo?", "Accept/Reject": false, "type": "topK", "image-path": "./data/topK-exp-materials/032.Mangrove_Cuckoo_115_0.jpeg", "user_decision": "NO", "user_id": "azr0187-nw8lcsmj", "is_user_correct": true}, {"top1-label": "Ovenbird", "top1-score": 0.9990108013153076, "question": "Sam guessed the Input image is 99% Ovenbird. Is it Ovenbird?", "Accept/Reject": true, "type": "topK", "image-path": "./data/topK-exp-materials/099.Ovenbird_35_6.jpeg", "user_decision": "YES", "user_id": "azr0187-nw8lcsmj", "is_user_correct": true}, {"top1-label": "Red eyed Vireo", "top1-score": 0.9664561748504639, "question": "Sam guessed the Input image is 96% Red eyed Vireo. Is it Red eyed Vireo?", "Accept/Reject": true, "type": "topK", "image-path": "./data/topK-exp-materials/154.Red_eyed_Vireo_6_1.jpeg", "user_decision": "YES", "user_id": "azr0187-nw8lcsmj", "is_user_correct": true}, {"top1-label": "Brewer Blackbird", "top1-score": 0.20101840794086456, "question": "Sam guessed the Input image is 20% Brewer Blackbird. Is it Brewer Blackbird?", "Accept/Reject": false, "type": "topK", "image-path": "./data/topK-exp-materials/011.Rusty_Blackbird_165_7.jpeg", "user_decision": "YES", "user_id": "azr0187-nw8lcsmj", "is_user_correct": false}]}