{"user_id": "rezagh-p1w2xqxh", "time": 1706051708, "history": [{"top1-label": "Ring billed Gull", "top1-score": 0.7002525925636292, "question": "Sam guessed the Input image is 70% Ring billed Gull. Is it Ring billed Gull?", "Accept/Reject": false, "type": "top1", "image-path": "./data/top1-exp-materials/059.California_Gull_69_2.jpeg", "user_decision": "YES", "user_id": "rezagh-p1w2xqxh", "is_user_correct": false}, {"top1-label": "Horned Puffin", "top1-score": 0.9992210865020752, "question": "Sam guessed the Input image is 99% Horned Puffin. Is it Horned Puffin?", "Accept/Reject": true, "type": "top1", "image-path": "./data/top1-exp-materials/106.Horned_Puffin_28_0.jpeg", "user_decision": "YES", "user_id": "rezagh-p1w2xqxh", "is_user_correct": true}, {"top1-label": "Sayornis", "top1-score": 0.04700786992907524, "question": "Sam guessed the Input image is 4% Sayornis. Is it Sayornis?", "Accept/Reject": false, "type": "top1", "image-path": "./data/top1-exp-materials/155.Warbling_Vireo_33_7.jpeg", "user_decision": "NO", "user_id": "rezagh-p1w2xqxh", "is_user_correct": true}, {"top1-label": "Le Conte Sparrow", "top1-score": 3.0443520699918736e-06, "question": "Sam guessed the Input image is 0% Le Conte Sparrow. Is it Le Conte Sparrow?", "Accept/Reject": false, "type": "top1", "image-path": "./data/top1-exp-materials/126.Nelson_Sharp_tailed_Sparrow_192_5.jpeg", "user_decision": "YES", "user_id": "rezagh-p1w2xqxh", "is_user_correct": false}, {"top1-label": "Orchard Oriole", "top1-score": 0.998836874961853, "question": "Sam guessed the Input image is 99% Orchard Oriole. Is it Orchard Oriole?", "Accept/Reject": true, "type": "top1", "image-path": "./data/top1-exp-materials/097.Orchard_Oriole_23_5.jpeg", "user_decision": "YES", "user_id": "rezagh-p1w2xqxh", "is_user_correct": true}, {"top1-label": "Artic Tern", "top1-score": 0.5875436663627625, "question": "Sam guessed the Input image is 58% Artic Tern. Is it Artic Tern?", "Accept/Reject": false, "type": "top1", "image-path": "./data/top1-exp-materials/144.Common_Tern_39_5.jpeg", "user_decision": "YES", "user_id": "rezagh-p1w2xqxh", "is_user_correct": false}, {"top1-label": "White crowned Sparrow", "top1-score": 0.4189143478870392, "question": "Sam guessed the Input image is 41% White crowned Sparrow. Is it White crowned Sparrow?", "Accept/Reject": false, "type": "top1", "image-path": "./data/top1-exp-materials/116.Chipping_Sparrow_116_1.jpeg", "user_decision": "YES", "user_id": "rezagh-p1w2xqxh", "is_user_correct": false}, {"top1-label": "Field Sparrow", "top1-score": 0.2926848828792572, "question": "Sam guessed the Input image is 29% Field Sparrow. Is it Field Sparrow?", "Accept/Reject": false, "type": "top1", "image-path": "./data/top1-exp-materials/118.House_Sparrow_239_2.jpeg", "user_decision": "NO", "user_id": "rezagh-p1w2xqxh", "is_user_correct": true}, {"top1-label": "Wilson Warbler", "top1-score": 0.5873866081237793, "question": "Sam guessed the Input image is 58% Wilson Warbler. Is it Wilson Warbler?", "Accept/Reject": false, "type": "top1", "image-path": "./data/top1-exp-materials/167.Hooded_Warbler_149_2.jpeg", "user_decision": "YES", "user_id": "rezagh-p1w2xqxh", "is_user_correct": false}, {"top1-label": "Lincoln Sparrow", "top1-score": 0.5568255186080933, "question": "Sam guessed the Input image is 55% Lincoln Sparrow. Is it Lincoln Sparrow?", "Accept/Reject": false, "type": "top1", "image-path": "./data/top1-exp-materials/104.American_Pipit_191_6.jpeg", "user_decision": "NO", "user_id": "rezagh-p1w2xqxh", "is_user_correct": true}, {"top1-label": "Nelson Sharp tailed Sparrow", "top1-score": 0.933704137802124, "question": "Sam guessed the Input image is 93% Nelson Sharp tailed Sparrow. Is it Nelson Sharp tailed Sparrow?", "Accept/Reject": false, "type": "top1", "image-path": "./data/top1-exp-materials/127.Savannah_Sparrow_229_1.jpeg", "user_decision": "NO", "user_id": "rezagh-p1w2xqxh", "is_user_correct": true}, {"top1-label": "Pied billed Grebe", "top1-score": 0.04156564921140671, "question": "Sam guessed the Input image is 4% Pied billed Grebe. Is it Pied billed Grebe?", "Accept/Reject": false, "type": "top1", "image-path": "./data/top1-exp-materials/090.Red_breasted_Merganser_224_1.jpeg", "user_decision": "NO", "user_id": "rezagh-p1w2xqxh", "is_user_correct": true}, {"top1-label": "Geococcyx", "top1-score": 0.9741169810295105, "question": "Sam guessed the Input image is 97% Geococcyx. Is it Geococcyx?", "Accept/Reject": true, "type": "top1", "image-path": "./data/top1-exp-materials/110.Geococcyx_5_2.jpeg", "user_decision": "YES", "user_id": "rezagh-p1w2xqxh", "is_user_correct": true}, {"top1-label": "Black and white Warbler", "top1-score": 0.9995808005332947, "question": "Sam guessed the Input image is 99% Black and white Warbler. Is it Black and white Warbler?", "Accept/Reject": true, "type": "top1", "image-path": "./data/top1-exp-materials/159.Black_and_white_Warbler_11_4.jpeg", "user_decision": "YES", "user_id": "rezagh-p1w2xqxh", "is_user_correct": true}, {"top1-label": "Myrtle Warbler", "top1-score": 0.8992643356323242, "question": "Sam guessed the Input image is 89% Myrtle Warbler. Is it Myrtle Warbler?", "Accept/Reject": true, "type": "top1", "image-path": "./data/top1-exp-materials/171.Myrtle_Warbler_14_7.jpeg", "user_decision": "YES", "user_id": "rezagh-p1w2xqxh", "is_user_correct": true}, {"top1-label": "Brown Creeper", "top1-score": 0.9995700716972351, "question": "Sam guessed the Input image is 99% Brown Creeper. Is it Brown Creeper?", "Accept/Reject": true, "type": "top1", "image-path": "./data/top1-exp-materials/028.Brown_Creeper_29_7.jpeg", "user_decision": "YES", "user_id": "rezagh-p1w2xqxh", "is_user_correct": true}, {"top1-label": "Bay breasted Warbler", "top1-score": 0.9996790885925293, "question": "Sam guessed the Input image is 99% Bay breasted Warbler. Is it Bay breasted Warbler?", "Accept/Reject": true, "type": "top1", "image-path": "./data/top1-exp-materials/158.Bay_breasted_Warbler_35_7.jpeg", "user_decision": "YES", "user_id": "rezagh-p1w2xqxh", "is_user_correct": true}, {"top1-label": "House Sparrow", "top1-score": 0.5226640105247498, "question": "Sam guessed the Input image is 52% House Sparrow. Is it House Sparrow?", "Accept/Reject": false, "type": "top1", "image-path": "./data/top1-exp-materials/130.Tree_Sparrow_304_0.jpeg", "user_decision": "NO", "user_id": "rezagh-p1w2xqxh", "is_user_correct": true}, {"top1-label": "American Crow", "top1-score": 0.17481288313865662, "question": "Sam guessed the Input image is 17% American Crow. Is it American Crow?", "Accept/Reject": true, "type": "top1", "image-path": "./data/top1-exp-materials/029.American_Crow_0_3.jpeg", "user_decision": "NO", "user_id": "rezagh-p1w2xqxh", "is_user_correct": false}, {"top1-label": "Artic Tern", "top1-score": 0.9293242692947388, "question": "Sam guessed the Input image is 92% Artic Tern. Is it Artic Tern?", "Accept/Reject": false, "type": "top1", "image-path": "./data/top1-exp-materials/144.Common_Tern_110_5.jpeg", "user_decision": "YES", "user_id": "rezagh-p1w2xqxh", "is_user_correct": false}, {"top1-label": "Horned Lark", "top1-score": 0.10650143772363663, "question": "Sam guessed the Input image is 10% Horned Lark. Is it Horned Lark?", "Accept/Reject": false, "type": "top1", "image-path": "./data/top1-exp-materials/085.Horned_Lark_262_6.jpeg", "user_decision": "YES", "user_id": "rezagh-p1w2xqxh", "is_user_correct": false}, {"top1-label": "Pacific Loon", "top1-score": 0.9999160766601562, "question": "Sam guessed the Input image is 99% Pacific Loon. Is it Pacific Loon?", "Accept/Reject": true, "type": "top1", "image-path": "./data/top1-exp-materials/086.Pacific_Loon_14_0.jpeg", "user_decision": "YES", "user_id": "rezagh-p1w2xqxh", "is_user_correct": true}, {"top1-label": "Black footed Albatross", "top1-score": 0.08744495362043381, "question": "Sam guessed the Input image is 8% Black footed Albatross. Is it Black footed Albatross?", "Accept/Reject": false, "type": "top1", "image-path": "./data/top1-exp-materials/071.Long_tailed_Jaeger_86_6.jpeg", "user_decision": "NO", "user_id": "rezagh-p1w2xqxh", "is_user_correct": true}, {"top1-label": "Great Grey Shrike", "top1-score": 0.5692707896232605, "question": "Sam guessed the Input image is 56% Great Grey Shrike. Is it Great Grey Shrike?", "Accept/Reject": false, "type": "top1", "image-path": "./data/top1-exp-materials/111.Loggerhead_Shrike_79_2.jpeg", "user_decision": "YES", "user_id": "rezagh-p1w2xqxh", "is_user_correct": false}, {"top1-label": "Carolina Wren", "top1-score": 0.948188304901123, "question": "Sam guessed the Input image is 94% Carolina Wren. Is it Carolina Wren?", "Accept/Reject": false, "type": "top1", "image-path": "./data/top1-exp-materials/197.Marsh_Wren_141_4.jpeg", "user_decision": "YES", "user_id": "rezagh-p1w2xqxh", "is_user_correct": false}, {"top1-label": "Worm eating Warbler", "top1-score": 0.9823012351989746, "question": "Sam guessed the Input image is 98% Worm eating Warbler. Is it Worm eating Warbler?", "Accept/Reject": true, "type": "top1", "image-path": "./data/top1-exp-materials/181.Worm_eating_Warbler_11_7.jpeg", "user_decision": "YES", "user_id": "rezagh-p1w2xqxh", "is_user_correct": true}, {"top1-label": "Carolina Wren", "top1-score": 0.9596304893493652, "question": "Sam guessed the Input image is 95% Carolina Wren. Is it Carolina Wren?", "Accept/Reject": false, "type": "top1", "image-path": "./data/top1-exp-materials/196.House_Wren_250_5.jpeg", "user_decision": "YES", "user_id": "rezagh-p1w2xqxh", "is_user_correct": false}, {"top1-label": "Western Meadowlark", "top1-score": 0.9988942742347717, "question": "Sam guessed the Input image is 99% Western Meadowlark. Is it Western Meadowlark?", "Accept/Reject": true, "type": "top1", "image-path": "./data/top1-exp-materials/088.Western_Meadowlark_15_4.jpeg", "user_decision": "YES", "user_id": "rezagh-p1w2xqxh", "is_user_correct": true}, {"top1-label": "Yellow bellied Flycatcher", "top1-score": 0.9800358414649963, "question": "Sam guessed the Input image is 98% Yellow bellied Flycatcher. Is it Yellow bellied Flycatcher?", "Accept/Reject": true, "type": "top1", "image-path": "./data/top1-exp-materials/043.Yellow_bellied_Flycatcher_35_5.jpeg", "user_decision": "YES", "user_id": "rezagh-p1w2xqxh", "is_user_correct": true}, {"top1-label": "Common Yellowthroat", "top1-score": 0.999617338180542, "question": "Sam guessed the Input image is 99% Common Yellowthroat. Is it Common Yellowthroat?", "Accept/Reject": true, "type": "top1", "image-path": "./data/top1-exp-materials/200.Common_Yellowthroat_7_6.jpeg", "user_decision": "YES", "user_id": "rezagh-p1w2xqxh", "is_user_correct": false}]}