{"user_id": "cal0108-t0qn9obo", "time": 1706113335, "history": [{"top1-label": "Pacific Loon", "top1-score": 0.9266012907028198, "question": "Sam guessed the Input image is 92% Pacific Loon. Is it Pacific Loon?", "Accept/Reject": true, "type": "top1", "image-path": "./data/top1-exp-materials/086.Pacific_Loon_4_6.jpeg", "user_decision": "YES", "user_id": "cal0108-t0qn9obo", "is_user_correct": true}, {"top1-label": "Horned Grebe", "top1-score": 0.9612672328948975, "question": "Sam guessed the Input image is 96% Horned Grebe. Is it Horned Grebe?", "Accept/Reject": false, "type": "top1", "image-path": "./data/top1-exp-materials/050.Eared_Grebe_269_0.jpeg", "user_decision": "YES", "user_id": "cal0108-t0qn9obo", "is_user_correct": false}, {"top1-label": "Marsh Wren", "top1-score": 0.9991728663444519, "question": "Sam guessed the Input image is 99% Marsh Wren. Is it Marsh Wren?", "Accept/Reject": true, "type": "top1", "image-path": "./data/top1-exp-materials/197.Marsh_Wren_28_4.jpeg", "user_decision": "YES", "user_id": "cal0108-t0qn9obo", "is_user_correct": true}, {"top1-label": "Brandt Cormorant", "top1-score": 0.7944649457931519, "question": "Sam guessed the Input image is 79% Brandt Cormorant. Is it Brandt Cormorant?", "Accept/Reject": true, "type": "top1", "image-path": "./data/top1-exp-materials/023.Brandt_Cormorant_27_4.jpeg", "user_decision": "YES", "user_id": "cal0108-t0qn9obo", "is_user_correct": true}, {"top1-label": "Common Tern", "top1-score": 0.6922330856323242, "question": "Sam guessed the Input image is 69% Common Tern. Is it Common Tern?", "Accept/Reject": false, "type": "top1", "image-path": "./data/top1-exp-materials/146.Forsters_Tern_206_3.jpeg", "user_decision": "YES", "user_id": "cal0108-t0qn9obo", "is_user_correct": false}, {"top1-label": "Forsters Tern", "top1-score": 0.9874193072319031, "question": "Sam guessed the Input image is 98% Forsters Tern. Is it Forsters Tern?", "Accept/Reject": true, "type": "top1", "image-path": "./data/top1-exp-materials/146.Forsters_Tern_13_3.jpeg", "user_decision": "YES", "user_id": "cal0108-t0qn9obo", "is_user_correct": true}, {"top1-label": "Carolina Wren", "top1-score": 0.9075914621353149, "question": "Sam guessed the Input image is 90% Carolina Wren. Is it Carolina Wren?", "Accept/Reject": false, "type": "top1", "image-path": "./data/top1-exp-materials/197.Marsh_Wren_13_6.jpeg", "user_decision": "YES", "user_id": "cal0108-t0qn9obo", "is_user_correct": false}, {"top1-label": "Winter Wren", "top1-score": 0.0830085277557373, "question": "Sam guessed the Input image is 8% Winter Wren. Is it Winter Wren?", "Accept/Reject": false, "type": "top1", "image-path": "./data/top1-exp-materials/194.Cactus_Wren_126_0.jpeg", "user_decision": "NO", "user_id": "cal0108-t0qn9obo", "is_user_correct": true}, {"top1-label": "Wilson Warbler", "top1-score": 0.9969179034233093, "question": "Sam guessed the Input image is 99% Wilson Warbler. Is it Wilson Warbler?", "Accept/Reject": true, "type": "top1", "image-path": "./data/top1-exp-materials/180.Wilson_Warbler_5_0.jpeg", "user_decision": "YES", "user_id": "cal0108-t0qn9obo", "is_user_correct": true}, {"top1-label": "Rock Wren", "top1-score": 0.9911059737205505, "question": "Sam guessed the Input image is 99% Rock Wren. Is it Rock Wren?", "Accept/Reject": true, "type": "top1", "image-path": "./data/top1-exp-materials/198.Rock_Wren_38_3.jpeg", "user_decision": "YES", "user_id": "cal0108-t0qn9obo", "is_user_correct": true}, {"top1-label": "Bobolink", "top1-score": 0.9995248317718506, "question": "Sam guessed the Input image is 99% Bobolink. Is it Bobolink?", "Accept/Reject": true, "type": "top1", "image-path": "./data/top1-exp-materials/013.Bobolink_7_2.jpeg", "user_decision": "YES", "user_id": "cal0108-t0qn9obo", "is_user_correct": true}, {"top1-label": "Gray crowned Rosy Finch", "top1-score": 0.28590622544288635, "question": "Sam guessed the Input image is 28% Gray crowned Rosy Finch. Is it Gray crowned Rosy Finch?", "Accept/Reject": false, "type": "top1", "image-path": "./data/top1-exp-materials/089.Hooded_Merganser_198_7.jpeg", "user_decision": "NO", "user_id": "cal0108-t0qn9obo", "is_user_correct": true}, {"top1-label": "Philadelphia Vireo", "top1-score": 0.04229721426963806, "question": "Sam guessed the Input image is 4% Philadelphia Vireo. Is it Philadelphia Vireo?", "Accept/Reject": false, "type": "top1", "image-path": "./data/top1-exp-materials/032.Mangrove_Cuckoo_115_0.jpeg", "user_decision": "NO", "user_id": "cal0108-t0qn9obo", "is_user_correct": true}, {"top1-label": "Nashville Warbler", "top1-score": 0.9971038103103638, "question": "Sam guessed the Input image is 99% Nashville Warbler. Is it Nashville Warbler?", "Accept/Reject": true, "type": "top1", "image-path": "./data/top1-exp-materials/172.Nashville_Warbler_30_5.jpeg", "user_decision": "YES", "user_id": "cal0108-t0qn9obo", "is_user_correct": true}, {"top1-label": "Crested Auklet", "top1-score": 0.8699074387550354, "question": "Sam guessed the Input image is 86% Crested Auklet. Is it Crested Auklet?", "Accept/Reject": true, "type": "top1", "image-path": "./data/top1-exp-materials/005.Crested_Auklet_6_7.jpeg", "user_decision": "YES", "user_id": "cal0108-t0qn9obo", "is_user_correct": true}, {"top1-label": "Red breasted Merganser", "top1-score": 0.9974274039268494, "question": "Sam guessed the Input image is 99% Red breasted Merganser. Is it Red breasted Merganser?", "Accept/Reject": true, "type": "top1", "image-path": "./data/top1-exp-materials/090.Red_breasted_Merganser_34_3.jpeg", "user_decision": "YES", "user_id": "cal0108-t0qn9obo", "is_user_correct": true}, {"top1-label": "Brandt Cormorant", "top1-score": 0.8920263051986694, "question": "Sam guessed the Input image is 89% Brandt Cormorant. Is it Brandt Cormorant?", "Accept/Reject": true, "type": "top1", "image-path": "./data/top1-exp-materials/023.Brandt_Cormorant_7_7.jpeg", "user_decision": "YES", "user_id": "cal0108-t0qn9obo", "is_user_correct": true}, {"top1-label": "American Crow", "top1-score": 0.2753704786300659, "question": "Sam guessed the Input image is 27% American Crow. Is it American Crow?", "Accept/Reject": false, "type": "top1", "image-path": "./data/top1-exp-materials/107.Common_Raven_234_4.jpeg", "user_decision": "YES", "user_id": "cal0108-t0qn9obo", "is_user_correct": false}, {"top1-label": "Vesper Sparrow", "top1-score": 0.9683300852775574, "question": "Sam guessed the Input image is 96% Vesper Sparrow. Is it Vesper Sparrow?", "Accept/Reject": false, "type": "top1", "image-path": "./data/top1-exp-materials/113.Baird_Sparrow_192_3.jpeg", "user_decision": "YES", "user_id": "cal0108-t0qn9obo", "is_user_correct": false}, {"top1-label": "Hooded Warbler", "top1-score": 0.9024428129196167, "question": "Sam guessed the Input image is 90% Hooded Warbler. Is it Hooded Warbler?", "Accept/Reject": false, "type": "top1", "image-path": "./data/top1-exp-materials/167.Hooded_Warbler_315_2.jpeg", "user_decision": "YES", "user_id": "cal0108-t0qn9obo", "is_user_correct": false}, {"top1-label": "House Sparrow", "top1-score": 0.2231561541557312, "question": "Sam guessed the Input image is 22% House Sparrow. Is it House Sparrow?", "Accept/Reject": false, "type": "top1", "image-path": "./data/top1-exp-materials/118.House_Sparrow_257_1.jpeg", "user_decision": "YES", "user_id": "cal0108-t0qn9obo", "is_user_correct": false}, {"top1-label": "Least Flycatcher", "top1-score": 0.9431430697441101, "question": "Sam guessed the Input image is 94% Least Flycatcher. Is it Least Flycatcher?", "Accept/Reject": true, "type": "top1", "image-path": "./data/top1-exp-materials/039.Least_Flycatcher_2_6.jpeg", "user_decision": "YES", "user_id": "cal0108-t0qn9obo", "is_user_correct": true}, {"top1-label": "Bank Swallow", "top1-score": 0.01730606146156788, "question": "Sam guessed the Input image is 1% Bank Swallow. Is it Bank Swallow?", "Accept/Reject": false, "type": "top1", "image-path": "./data/top1-exp-materials/040.Olive_sided_Flycatcher_219_6.jpeg", "user_decision": "YES", "user_id": "cal0108-t0qn9obo", "is_user_correct": false}, {"top1-label": "Brewer Blackbird", "top1-score": 0.01587270386517048, "question": "Sam guessed the Input image is 1% Brewer Blackbird. Is it Brewer Blackbird?", "Accept/Reject": false, "type": "top1", "image-path": "./data/top1-exp-materials/027.Shiny_Cowbird_70_7.jpeg", "user_decision": "YES", "user_id": "cal0108-t0qn9obo", "is_user_correct": false}, {"top1-label": "Olive sided Flycatcher", "top1-score": 0.9082614183425903, "question": "Sam guessed the Input image is 90% Olive sided Flycatcher. Is it Olive sided Flycatcher?", "Accept/Reject": true, "type": "top1", "image-path": "./data/top1-exp-materials/040.Olive_sided_Flycatcher_2_0.jpeg", "user_decision": "YES", "user_id": "cal0108-t0qn9obo", "is_user_correct": true}, {"top1-label": "Tropical Kingbird", "top1-score": 0.9948203563690186, "question": "Sam guessed the Input image is 99% Tropical Kingbird. Is it Tropical Kingbird?", "Accept/Reject": true, "type": "top1", "image-path": "./data/top1-exp-materials/077.Tropical_Kingbird_30_0.jpeg", "user_decision": "YES", "user_id": "cal0108-t0qn9obo", "is_user_correct": true}, {"top1-label": "Brewer Sparrow", "top1-score": 0.6813523173332214, "question": "Sam guessed the Input image is 68% Brewer Sparrow. Is it Brewer Sparrow?", "Accept/Reject": false, "type": "top1", "image-path": "./data/top1-exp-materials/116.Chipping_Sparrow_61_2.jpeg", "user_decision": "YES", "user_id": "cal0108-t0qn9obo", "is_user_correct": false}, {"top1-label": "Brewer Blackbird", "top1-score": 0.1671334058046341, "question": "Sam guessed the Input image is 16% Brewer Blackbird. Is it Brewer Blackbird?", "Accept/Reject": false, "type": "top1", "image-path": "./data/top1-exp-materials/049.Boat_tailed_Grackle_41_1.jpeg", "user_decision": "YES", "user_id": "cal0108-t0qn9obo", "is_user_correct": false}, {"top1-label": "Caspian Tern", "top1-score": 0.9471862316131592, "question": "Sam guessed the Input image is 94% Caspian Tern. Is it Caspian Tern?", "Accept/Reject": false, "type": "top1", "image-path": "./data/top1-exp-materials/145.Elegant_Tern_216_1.jpeg", "user_decision": "YES", "user_id": "cal0108-t0qn9obo", "is_user_correct": false}, {"top1-label": "White crowned Sparrow", "top1-score": 0.64531010389328, "question": "Sam guessed the Input image is 64% White crowned Sparrow. Is it White crowned Sparrow?", "Accept/Reject": false, "type": "top1", "image-path": "./data/top1-exp-materials/130.Tree_Sparrow_310_7.jpeg", "user_decision": "YES", "user_id": "cal0108-t0qn9obo", "is_user_correct": false}]}