{"user_id": "jcl0076-o9t7oyr4", "time": 1706291351, "history": [{"top1-label": "Mockingbird", "top1-score": 0.9933949112892151, "question": "Sam guessed the Input image is 99% Mockingbird. Is it Mockingbird?", "Accept/Reject": false, "type": "top1", "image-path": "./data/top1-exp-materials/150.Sage_Thrasher_71_6.jpeg", "user_decision": "YES", "user_id": "jcl0076-o9t7oyr4", "is_user_correct": false}, {"top1-label": "Red bellied Woodpecker", "top1-score": 0.9978450536727905, "question": "Sam guessed the Input image is 99% Red bellied Woodpecker. Is it Red bellied Woodpecker?", "Accept/Reject": true, "type": "top1", "image-path": "./data/top1-exp-materials/189.Red_bellied_Woodpecker_11_5.jpeg", "user_decision": "YES", "user_id": "jcl0076-o9t7oyr4", "is_user_correct": true}, {"top1-label": "Gray Catbird", "top1-score": 0.523360013961792, "question": "Sam guessed the Input image is 52% Gray Catbird. Is it Gray Catbird?", "Accept/Reject": true, "type": "top1", "image-path": "./data/top1-exp-materials/019.Gray_Catbird_5_7.jpeg", "user_decision": "YES", "user_id": "jcl0076-o9t7oyr4", "is_user_correct": true}, {"top1-label": "Cliff Swallow", "top1-score": 0.21470105648040771, "question": "Sam guessed the Input image is 21% Cliff Swallow. Is it Cliff Swallow?", "Accept/Reject": false, "type": "top1", "image-path": "./data/top1-exp-materials/135.Bank_Swallow_224_5.jpeg", "user_decision": "YES", "user_id": "jcl0076-o9t7oyr4", "is_user_correct": false}, {"top1-label": "Loggerhead Shrike", "top1-score": 0.2981569170951843, "question": "Sam guessed the Input image is 29% Loggerhead Shrike. Is it Loggerhead Shrike?", "Accept/Reject": false, "type": "top1", "image-path": "./data/top1-exp-materials/112.Great_Grey_Shrike_287_5.jpeg", "user_decision": "YES", "user_id": "jcl0076-o9t7oyr4", "is_user_correct": false}, {"top1-label": "Boat tailed Grackle", "top1-score": 0.8621324896812439, "question": "Sam guessed the Input image is 86% Boat tailed Grackle. Is it Boat tailed Grackle?", "Accept/Reject": false, "type": "top1", "image-path": "./data/top1-exp-materials/049.Boat_tailed_Grackle_288_6.jpeg", "user_decision": "YES", "user_id": "jcl0076-o9t7oyr4", "is_user_correct": false}, {"top1-label": "Red headed Woodpecker", "top1-score": 0.9998220801353455, "question": "Sam guessed the Input image is 99% Red headed Woodpecker. Is it Red headed Woodpecker?", "Accept/Reject": true, "type": "top1", "image-path": "./data/top1-exp-materials/191.Red_headed_Woodpecker_31_7.jpeg", "user_decision": "YES", "user_id": "jcl0076-o9t7oyr4", "is_user_correct": true}, {"top1-label": "Artic Tern", "top1-score": 0.6649104356765747, "question": "Sam guessed the Input image is 66% Artic Tern. Is it Artic Tern?", "Accept/Reject": false, "type": "top1", "image-path": "./data/top1-exp-materials/144.Common_Tern_1_0.jpeg", "user_decision": "YES", "user_id": "jcl0076-o9t7oyr4", "is_user_correct": false}, {"top1-label": "Philadelphia Vireo", "top1-score": 0.076029933989048, "question": "Sam guessed the Input image is 7% Philadelphia Vireo. Is it Philadelphia Vireo?", "Accept/Reject": false, "type": "top1", "image-path": "./data/top1-exp-materials/179.Tennessee_Warbler_271_2.jpeg", "user_decision": "YES", "user_id": "jcl0076-o9t7oyr4", "is_user_correct": false}, {"top1-label": "Green tailed Towhee", "top1-score": 0.9980832934379578, "question": "Sam guessed the Input image is 99% Green tailed Towhee. Is it Green tailed Towhee?", "Accept/Reject": true, "type": "top1", "image-path": "./data/top1-exp-materials/148.Green_tailed_Towhee_24_2.jpeg", "user_decision": "YES", "user_id": "jcl0076-o9t7oyr4", "is_user_correct": true}, {"top1-label": "Western Gull", "top1-score": 0.04487951472401619, "question": "Sam guessed the Input image is 4% Western Gull. Is it Western Gull?", "Accept/Reject": false, "type": "top1", "image-path": "./data/top1-exp-materials/065.Slaty_backed_Gull_163_3.jpeg", "user_decision": "YES", "user_id": "jcl0076-o9t7oyr4", "is_user_correct": false}, {"top1-label": "Horned Puffin", "top1-score": 0.9998202323913574, "question": "Sam guessed the Input image is 99% Horned Puffin. Is it Horned Puffin?", "Accept/Reject": true, "type": "top1", "image-path": "./data/top1-exp-materials/106.Horned_Puffin_15_6.jpeg", "user_decision": "YES", "user_id": "jcl0076-o9t7oyr4", "is_user_correct": true}, {"top1-label": "Black throated Blue Warbler", "top1-score": 0.13491947948932648, "question": "Sam guessed the Input image is 13% Black throated Blue Warbler. Is it Black throated Blue Warbler?", "Accept/Reject": false, "type": "top1", "image-path": "./data/top1-exp-materials/138.Tree_Swallow_21_1.jpeg", "user_decision": "YES", "user_id": "jcl0076-o9t7oyr4", "is_user_correct": false}, {"top1-label": "Bank Swallow", "top1-score": 0.01730606146156788, "question": "Sam guessed the Input image is 1% Bank Swallow. Is it Bank Swallow?", "Accept/Reject": false, "type": "top1", "image-path": "./data/top1-exp-materials/040.Olive_sided_Flycatcher_219_6.jpeg", "user_decision": "NO", "user_id": "jcl0076-o9t7oyr4", "is_user_correct": true}, {"top1-label": "Common Tern", "top1-score": 0.2668288052082062, "question": "Sam guessed the Input image is 26% Common Tern. Is it Common Tern?", "Accept/Reject": false, "type": "top1", "image-path": "./data/top1-exp-materials/146.Forsters_Tern_136_7.jpeg", "user_decision": "YES", "user_id": "jcl0076-o9t7oyr4", "is_user_correct": false}, {"top1-label": "Black capped Vireo", "top1-score": 0.9957613945007324, "question": "Sam guessed the Input image is 99% Black capped Vireo. Is it Black capped Vireo?", "Accept/Reject": true, "type": "top1", "image-path": "./data/top1-exp-materials/151.Black_capped_Vireo_33_4.jpeg", "user_decision": "YES", "user_id": "jcl0076-o9t7oyr4", "is_user_correct": true}, {"top1-label": "Sayornis", "top1-score": 0.3378506004810333, "question": "Sam guessed the Input image is 33% Sayornis. Is it Sayornis?", "Accept/Reject": false, "type": "top1", "image-path": "./data/top1-exp-materials/102.Western_Wood_Pewee_22_5.jpeg", "user_decision": "YES", "user_id": "jcl0076-o9t7oyr4", "is_user_correct": false}, {"top1-label": "Black capped Vireo", "top1-score": 0.9955455660820007, "question": "Sam guessed the Input image is 99% Black capped Vireo. Is it Black capped Vireo?", "Accept/Reject": true, "type": "top1", "image-path": "./data/top1-exp-materials/151.Black_capped_Vireo_32_1.jpeg", "user_decision": "YES", "user_id": "jcl0076-o9t7oyr4", "is_user_correct": true}, {"top1-label": "Prothonotary Warbler", "top1-score": 0.7448427677154541, "question": "Sam guessed the Input image is 74% Prothonotary Warbler. Is it Prothonotary Warbler?", "Accept/Reject": true, "type": "top1", "image-path": "./data/top1-exp-materials/161.Blue_winged_Warbler_5_3.jpeg", "user_decision": "NO", "user_id": "jcl0076-o9t7oyr4", "is_user_correct": false}, {"top1-label": "Geococcyx", "top1-score": 0.9812029004096985, "question": "Sam guessed the Input image is 98% Geococcyx. Is it Geococcyx?", "Accept/Reject": true, "type": "top1", "image-path": "./data/top1-exp-materials/110.Geococcyx_14_1.jpeg", "user_decision": "YES", "user_id": "jcl0076-o9t7oyr4", "is_user_correct": true}, {"top1-label": "Belted Kingfisher", "top1-score": 0.3625277578830719, "question": "Sam guessed the Input image is 36% Belted Kingfisher. Is it Belted Kingfisher?", "Accept/Reject": false, "type": "top1", "image-path": "./data/top1-exp-materials/081.Pied_Kingfisher_222_5.jpeg", "user_decision": "YES", "user_id": "jcl0076-o9t7oyr4", "is_user_correct": false}, {"top1-label": "House Sparrow", "top1-score": 0.2231561541557312, "question": "Sam guessed the Input image is 22% House Sparrow. Is it House Sparrow?", "Accept/Reject": false, "type": "top1", "image-path": "./data/top1-exp-materials/118.House_Sparrow_257_1.jpeg", "user_decision": "YES", "user_id": "jcl0076-o9t7oyr4", "is_user_correct": false}, {"top1-label": "Bronzed Cowbird", "top1-score": 0.9996199607849121, "question": "Sam guessed the Input image is 99% Bronzed Cowbird. Is it Bronzed Cowbird?", "Accept/Reject": true, "type": "top1", "image-path": "./data/top1-exp-materials/026.Bronzed_Cowbird_16_4.jpeg", "user_decision": "YES", "user_id": "jcl0076-o9t7oyr4", "is_user_correct": true}, {"top1-label": "Forsters Tern", "top1-score": 0.7486879229545593, "question": "Sam guessed the Input image is 74% Forsters Tern. Is it Forsters Tern?", "Accept/Reject": true, "type": "top1", "image-path": "./data/top1-exp-materials/146.Forsters_Tern_17_5.jpeg", "user_decision": "YES", "user_id": "jcl0076-o9t7oyr4", "is_user_correct": true}, {"top1-label": "Red faced Cormorant", "top1-score": 0.9856429696083069, "question": "Sam guessed the Input image is 98% Red faced Cormorant. Is it Red faced Cormorant?", "Accept/Reject": true, "type": "top1", "image-path": "./data/top1-exp-materials/024.Red_faced_Cormorant_21_7.jpeg", "user_decision": "YES", "user_id": "jcl0076-o9t7oyr4", "is_user_correct": true}, {"top1-label": "Common Tern", "top1-score": 0.38810494542121887, "question": "Sam guessed the Input image is 38% Common Tern. Is it Common Tern?", "Accept/Reject": false, "type": "top1", "image-path": "./data/top1-exp-materials/142.Black_Tern_50_1.jpeg", "user_decision": "YES", "user_id": "jcl0076-o9t7oyr4", "is_user_correct": false}, {"top1-label": "Geococcyx", "top1-score": 0.9996920228004456, "question": "Sam guessed the Input image is 99% Geococcyx. Is it Geococcyx?", "Accept/Reject": true, "type": "top1", "image-path": "./data/top1-exp-materials/110.Geococcyx_9_6.jpeg", "user_decision": "YES", "user_id": "jcl0076-o9t7oyr4", "is_user_correct": true}, {"top1-label": "Western Wood Pewee", "top1-score": 0.42406296730041504, "question": "Sam guessed the Input image is 42% Western Wood Pewee. Is it Western Wood Pewee?", "Accept/Reject": false, "type": "top1", "image-path": "./data/top1-exp-materials/078.Gray_Kingbird_313_3.jpeg", "user_decision": "YES", "user_id": "jcl0076-o9t7oyr4", "is_user_correct": false}, {"top1-label": "Western Meadowlark", "top1-score": 0.9988942742347717, "question": "Sam guessed the Input image is 99% Western Meadowlark. Is it Western Meadowlark?", "Accept/Reject": true, "type": "top1", "image-path": "./data/top1-exp-materials/088.Western_Meadowlark_15_4.jpeg", "user_decision": "YES", "user_id": "jcl0076-o9t7oyr4", "is_user_correct": true}, {"top1-label": "Pacific Loon", "top1-score": 0.9989774227142334, "question": "Sam guessed the Input image is 99% Pacific Loon. Is it Pacific Loon?", "Accept/Reject": true, "type": "top1", "image-path": "./data/top1-exp-materials/086.Pacific_Loon_41_3.jpeg", "user_decision": "YES", "user_id": "jcl0076-o9t7oyr4", "is_user_correct": false}]}