{"user_id": "Mehrshad-h6wlrfj1", "time": 1706144381, "history": [{"top1-label": "Yellow headed Blackbird", "top1-score": 0.9998099207878113, "question": "Sam guessed the Input image is 99% Yellow headed Blackbird. Is it Yellow headed Blackbird?", "Accept/Reject": true, "type": "topK", "image-path": "./data/topK-exp-materials/012.Yellow_headed_Blackbird_7_0.jpeg", "user_decision": "YES", "user_id": "Mehrshad-h6wlrfj1", "is_user_correct": true}, {"top1-label": "Pelagic Cormorant", "top1-score": 0.11567337065935135, "question": "Sam guessed the Input image is 11% Pelagic Cormorant. Is it Pelagic Cormorant?", "Accept/Reject": false, "type": "topK", "image-path": "./data/topK-exp-materials/025.Pelagic_Cormorant_299_4.jpeg", "user_decision": "NO", "user_id": "Mehrshad-h6wlrfj1", "is_user_correct": true}, {"top1-label": "Sooty Albatross", "top1-score": 0.9955495595932007, "question": "Sam guessed the Input image is 99% Sooty Albatross. Is it Sooty Albatross?", "Accept/Reject": true, "type": "topK", "image-path": "./data/topK-exp-materials/003.Sooty_Albatross_9_1.jpeg", "user_decision": "YES", "user_id": "Mehrshad-h6wlrfj1", "is_user_correct": true}, {"top1-label": "Northern Flicker", "top1-score": 0.9933249950408936, "question": "Sam guessed the Input image is 99% Northern Flicker. Is it Northern Flicker?", "Accept/Reject": true, "type": "topK", "image-path": "./data/topK-exp-materials/036.Northern_Flicker_34_1.jpeg", "user_decision": "NO", "user_id": "Mehrshad-h6wlrfj1", "is_user_correct": false}, {"top1-label": "Louisiana Waterthrush", "top1-score": 0.542222797870636, "question": "Sam guessed the Input image is 54% Louisiana Waterthrush. Is it Louisiana Waterthrush?", "Accept/Reject": false, "type": "topK", "image-path": "./data/topK-exp-materials/183.Northern_Waterthrush_190_6.jpeg", "user_decision": "YES", "user_id": "Mehrshad-h6wlrfj1", "is_user_correct": false}, {"top1-label": "White breasted Nuthatch", "top1-score": 0.060673486441373825, "question": "Sam guessed the Input image is 6% White breasted Nuthatch. Is it White breasted Nuthatch?", "Accept/Reject": false, "type": "topK", "image-path": "./data/topK-exp-materials/152.Blue_headed_Vireo_268_1.jpeg", "user_decision": "NO", "user_id": "Mehrshad-h6wlrfj1", "is_user_correct": true}, {"top1-label": "American Pipit", "top1-score": 0.9990557432174683, "question": "Sam guessed the Input image is 99% American Pipit. Is it American Pipit?", "Accept/Reject": true, "type": "topK", "image-path": "./data/topK-exp-materials/104.American_Pipit_39_2.jpeg", "user_decision": "NO", "user_id": "Mehrshad-h6wlrfj1", "is_user_correct": false}, {"top1-label": "Black Tern", "top1-score": 0.9987469911575317, "question": "Sam guessed the Input image is 99% Black Tern. Is it Black Tern?", "Accept/Reject": true, "type": "topK", "image-path": "./data/topK-exp-materials/142.Black_Tern_32_4.jpeg", "user_decision": "YES", "user_id": "Mehrshad-h6wlrfj1", "is_user_correct": true}, {"top1-label": "Pomarine Jaeger", "top1-score": 0.15239176154136658, "question": "Sam guessed the Input image is 15% Pomarine Jaeger. Is it Pomarine Jaeger?", "Accept/Reject": false, "type": "topK", "image-path": "./data/topK-exp-materials/086.Pacific_Loon_203_3.jpeg", "user_decision": "NO", "user_id": "Mehrshad-h6wlrfj1", "is_user_correct": true}, {"top1-label": "Common Tern", "top1-score": 0.8586056232452393, "question": "Sam guessed the Input image is 85% Common Tern. Is it Common Tern?", "Accept/Reject": true, "type": "topK", "image-path": "./data/topK-exp-materials/144.Common_Tern_35_1.jpeg", "user_decision": "YES", "user_id": "Mehrshad-h6wlrfj1", "is_user_correct": true}, {"top1-label": "Common Tern", "top1-score": 0.2668288052082062, "question": "Sam guessed the Input image is 26% Common Tern. Is it Common Tern?", "Accept/Reject": false, "type": "topK", "image-path": "./data/topK-exp-materials/146.Forsters_Tern_136_7.jpeg", "user_decision": "NO", "user_id": "Mehrshad-h6wlrfj1", "is_user_correct": true}, {"top1-label": "Ovenbird", "top1-score": 0.9932361245155334, "question": "Sam guessed the Input image is 99% Ovenbird. Is it Ovenbird?", "Accept/Reject": true, "type": "topK", "image-path": "./data/topK-exp-materials/099.Ovenbird_35_0.jpeg", "user_decision": "YES", "user_id": "Mehrshad-h6wlrfj1", "is_user_correct": true}, {"top1-label": "Nighthawk", "top1-score": 0.06719072163105011, "question": "Sam guessed the Input image is 6% Nighthawk. Is it Nighthawk?", "Accept/Reject": false, "type": "topK", "image-path": "./data/topK-exp-materials/097.Orchard_Oriole_193_3.jpeg", "user_decision": "NO", "user_id": "Mehrshad-h6wlrfj1", "is_user_correct": true}, {"top1-label": "Pelagic Cormorant", "top1-score": 0.7484226226806641, "question": "Sam guessed the Input image is 74% Pelagic Cormorant. Is it Pelagic Cormorant?", "Accept/Reject": false, "type": "topK", "image-path": "./data/topK-exp-materials/023.Brandt_Cormorant_248_3.jpeg", "user_decision": "NO", "user_id": "Mehrshad-h6wlrfj1", "is_user_correct": true}, {"top1-label": "Sayornis", "top1-score": 0.9217054843902588, "question": "Sam guessed the Input image is 92% Sayornis. Is it Sayornis?", "Accept/Reject": true, "type": "topK", "image-path": "./data/topK-exp-materials/103.Sayornis_39_0.jpeg", "user_decision": "YES", "user_id": "Mehrshad-h6wlrfj1", "is_user_correct": true}, {"top1-label": "Pied Kingfisher", "top1-score": 0.999788224697113, "question": "Sam guessed the Input image is 99% Pied Kingfisher. Is it Pied Kingfisher?", "Accept/Reject": true, "type": "topK", "image-path": "./data/topK-exp-materials/081.Pied_Kingfisher_2_1.jpeg", "user_decision": "YES", "user_id": "Mehrshad-h6wlrfj1", "is_user_correct": true}, {"top1-label": "Kentucky Warbler", "top1-score": 0.997864305973053, "question": "Sam guessed the Input image is 99% Kentucky Warbler. Is it Kentucky Warbler?", "Accept/Reject": true, "type": "topK", "image-path": "./data/topK-exp-materials/168.Kentucky_Warbler_21_5.jpeg", "user_decision": "YES", "user_id": "Mehrshad-h6wlrfj1", "is_user_correct": true}, {"top1-label": "Cliff Swallow", "top1-score": 8.212699071918905e-07, "question": "Sam guessed the Input image is 0% Cliff Swallow. Is it Cliff Swallow?", "Accept/Reject": false, "type": "topK", "image-path": "./data/topK-exp-materials/114.Black_throated_Sparrow_93_6.jpeg", "user_decision": "NO", "user_id": "Mehrshad-h6wlrfj1", "is_user_correct": true}, {"top1-label": "Cardinal", "top1-score": 0.9993352293968201, "question": "Sam guessed the Input image is 99% Cardinal. Is it Cardinal?", "Accept/Reject": true, "type": "topK", "image-path": "./data/topK-exp-materials/017.Cardinal_37_7.jpeg", "user_decision": "YES", "user_id": "Mehrshad-h6wlrfj1", "is_user_correct": true}, {"top1-label": "Brewer Blackbird", "top1-score": 0.09078827500343323, "question": "Sam guessed the Input image is 9% Brewer Blackbird. Is it Brewer Blackbird?", "Accept/Reject": false, "type": "topK", "image-path": "./data/topK-exp-materials/011.Rusty_Blackbird_272_6.jpeg", "user_decision": "NO", "user_id": "Mehrshad-h6wlrfj1", "is_user_correct": true}, {"top1-label": "Philadelphia Vireo", "top1-score": 0.0621122345328331, "question": "Sam guessed the Input image is 6% Philadelphia Vireo. Is it Philadelphia Vireo?", "Accept/Reject": false, "type": "topK", "image-path": "./data/topK-exp-materials/157.Yellow_throated_Vireo_226_4.jpeg", "user_decision": "NO", "user_id": "Mehrshad-h6wlrfj1", "is_user_correct": true}, {"top1-label": "Yellow billed Cuckoo", "top1-score": 0.8087473511695862, "question": "Sam guessed the Input image is 80% Yellow billed Cuckoo. Is it Yellow billed Cuckoo?", "Accept/Reject": false, "type": "topK", "image-path": "./data/topK-exp-materials/031.Black_billed_Cuckoo_178_3.jpeg", "user_decision": "YES", "user_id": "Mehrshad-h6wlrfj1", "is_user_correct": false}, {"top1-label": "Laysan Albatross", "top1-score": 0.9122689962387085, "question": "Sam guessed the Input image is 91% Laysan Albatross. Is it Laysan Albatross?", "Accept/Reject": true, "type": "topK", "image-path": "./data/topK-exp-materials/002.Laysan_Albatross_18_7.jpeg", "user_decision": "YES", "user_id": "Mehrshad-h6wlrfj1", "is_user_correct": true}, {"top1-label": "Barn Swallow", "top1-score": 0.4826267659664154, "question": "Sam guessed the Input image is 48% Barn Swallow. Is it Barn Swallow?", "Accept/Reject": true, "type": "topK", "image-path": "./data/topK-exp-materials/136.Barn_Swallow_18_0.jpeg", "user_decision": "YES", "user_id": "Mehrshad-h6wlrfj1", "is_user_correct": true}, {"top1-label": "Yellow bellied Flycatcher", "top1-score": 0.9800358414649963, "question": "Sam guessed the Input image is 98% Yellow bellied Flycatcher. Is it Yellow bellied Flycatcher?", "Accept/Reject": true, "type": "topK", "image-path": "./data/topK-exp-materials/043.Yellow_bellied_Flycatcher_35_5.jpeg", "user_decision": "YES", "user_id": "Mehrshad-h6wlrfj1", "is_user_correct": true}, {"top1-label": "Eared Grebe", "top1-score": 0.998218834400177, "question": "Sam guessed the Input image is 99% Eared Grebe. Is it Eared Grebe?", "Accept/Reject": true, "type": "topK", "image-path": "./data/topK-exp-materials/050.Eared_Grebe_16_7.jpeg", "user_decision": "YES", "user_id": "Mehrshad-h6wlrfj1", "is_user_correct": true}, {"top1-label": "California Gull", "top1-score": 0.8870568871498108, "question": "Sam guessed the Input image is 88% California Gull. Is it California Gull?", "Accept/Reject": false, "type": "topK", "image-path": "./data/topK-exp-materials/062.Herring_Gull_306_3.jpeg", "user_decision": "NO", "user_id": "Mehrshad-h6wlrfj1", "is_user_correct": true}, {"top1-label": "Horned Puffin", "top1-score": 0.9992210865020752, "question": "Sam guessed the Input image is 99% Horned Puffin. Is it Horned Puffin?", "Accept/Reject": true, "type": "topK", "image-path": "./data/topK-exp-materials/106.Horned_Puffin_28_0.jpeg", "user_decision": "YES", "user_id": "Mehrshad-h6wlrfj1", "is_user_correct": true}, {"top1-label": "Green tailed Towhee", "top1-score": 0.6835477948188782, "question": "Sam guessed the Input image is 68% Green tailed Towhee. Is it Green tailed Towhee?", "Accept/Reject": true, "type": "topK", "image-path": "./data/topK-exp-materials/148.Green_tailed_Towhee_40_1.jpeg", "user_decision": "YES", "user_id": "Mehrshad-h6wlrfj1", "is_user_correct": true}, {"top1-label": "Groove billed Ani", "top1-score": 0.9995224475860596, "question": "Sam guessed the Input image is 99% Groove billed Ani. Is it Groove billed Ani?", "Accept/Reject": true, "type": "topK", "image-path": "./data/topK-exp-materials/004.Groove_billed_Ani_30_3.jpeg", "user_decision": "YES", "user_id": "Mehrshad-h6wlrfj1", "is_user_correct": false}]}