{
    "user_id": "ThieuBui-fiq5x",
    "time": 1705975814,
    "history": [
        {
            "top1-label": "Red headed Woodpecker",
            "top1-score": 0.9998220801353455,
            "question": "Sam guessed the Input image is 99% Red headed Woodpecker. Is it Red headed Woodpecker?",
            "Accept/Reject": true,
            "type": "topk",
            "image-path": "./data/topK-exp-materials/191.Red_headed_Woodpecker_31_7.jpeg",
            "user_decision": "YES",
            "user_id": "ThieuBui-fiq5x",
            "is_user_correct": true
        },
        {
            "top1-label": "White breasted Nuthatch",
            "top1-score": 0.060673486441373825,
            "question": "Sam guessed the Input image is 6% White breasted Nuthatch. Is it White breasted Nuthatch?",
            "Accept/Reject": false,
            "type": "topk",
            "image-path": "./data/topK-exp-materials/152.Blue_headed_Vireo_268_1.jpeg",
            "user_decision": "NO",
            "user_id": "ThieuBui-fiq5x",
            "is_user_correct": true
        },
        {
            "top1-label": "Indigo Bunting",
            "top1-score": 0.9573527574539185,
            "question": "Sam guessed the Input image is 95% Indigo Bunting. Is it Indigo Bunting?",
            "Accept/Reject": false,
            "type": "topk",
            "image-path": "./data/topK-exp-materials/054.Blue_Grosbeak_128_4.jpeg",
            "user_decision": "NO",
            "user_id": "ThieuBui-fiq5x",
            "is_user_correct": true
        },
        {
            "top1-label": "Chestnut sided Warbler",
            "top1-score": 0.9489670991897583,
            "question": "Sam guessed the Input image is 94% Chestnut sided Warbler. Is it Chestnut sided Warbler?",
            "Accept/Reject": true,
            "type": "topk",
            "image-path": "./data/topK-exp-materials/165.Chestnut_sided_Warbler_39_3.jpeg",
            "user_decision": "YES",
            "user_id": "ThieuBui-fiq5x",
            "is_user_correct": true
        },
        {
            "top1-label": "Forsters Tern",
            "top1-score": 0.6826075315475464,
            "question": "Sam guessed the Input image is 68% Forsters Tern. Is it Forsters Tern?",
            "Accept/Reject": false,
            "type": "topk",
            "image-path": "./data/topK-exp-materials/147.Least_Tern_90_2.jpeg",
            "user_decision": "NO",
            "user_id": "ThieuBui-fiq5x",
            "is_user_correct": true
        },
        {
            "top1-label": "House Wren",
            "top1-score": 0.977676272392273,
            "question": "Sam guessed the Input image is 97% House Wren. Is it House Wren?",
            "Accept/Reject": true,
            "type": "topk",
            "image-path": "./data/topK-exp-materials/196.House_Wren_22_1.jpeg",
            "user_decision": "YES",
            "user_id": "ThieuBui-fiq5x",
            "is_user_correct": true
        },
        {
            "top1-label": "Brewer Blackbird",
            "top1-score": 0.2853306829929352,
            "question": "Sam guessed the Input image is 28% Brewer Blackbird. Is it Brewer Blackbird?",
            "Accept/Reject": false,
            "type": "topk",
            "image-path": "./data/topK-exp-materials/049.Boat_tailed_Grackle_227_5.jpeg",
            "user_decision": "NO",
            "user_id": "ThieuBui-fiq5x",
            "is_user_correct": true
        },
        {
            "top1-label": "White necked Raven",
            "top1-score": 0.036096569150686264,
            "question": "Sam guessed the Input image is 3% White necked Raven. Is it White necked Raven?",
            "Accept/Reject": false,
            "type": "topk",
            "image-path": "./data/topK-exp-materials/108.White_necked_Raven_232_2.jpeg",
            "user_decision": "YES",
            "user_id": "ThieuBui-fiq5x",
            "is_user_correct": false
        },
        {
            "top1-label": "Purple Finch",
            "top1-score": 0.9933468699455261,
            "question": "Sam guessed the Input image is 99% Purple Finch. Is it Purple Finch?",
            "Accept/Reject": true,
            "type": "topk",
            "image-path": "./data/topK-exp-materials/035.Purple_Finch_40_3.jpeg",
            "user_decision": "YES",
            "user_id": "ThieuBui-fiq5x",
            "is_user_correct": true
        },
        {
            "top1-label": "Laysan Albatross",
            "top1-score": 0.9996248483657837,
            "question": "Sam guessed the Input image is 99% Laysan Albatross. Is it Laysan Albatross?",
            "Accept/Reject": true,
            "type": "topk",
            "image-path": "./data/topK-exp-materials/002.Laysan_Albatross_13_0.jpeg",
            "user_decision": "YES",
            "user_id": "ThieuBui-fiq5x",
            "is_user_correct": true
        },
        {
            "top1-label": "American Redstart",
            "top1-score": 0.023311203345656395,
            "question": "Sam guessed the Input image is 2% American Redstart. Is it American Redstart?",
            "Accept/Reject": false,
            "type": "topk",
            "image-path": "./data/topK-exp-materials/021.Eastern_Towhee_141_7.jpeg",
            "user_decision": "YES",
            "user_id": "ThieuBui-fiq5x",
            "is_user_correct": false
        },
        {
            "top1-label": "Slaty backed Gull",
            "top1-score": 0.4413731098175049,
            "question": "Sam guessed the Input image is 44% Slaty backed Gull. Is it Slaty backed Gull?",
            "Accept/Reject": false,
            "type": "topk",
            "image-path": "./data/topK-exp-materials/062.Herring_Gull_236_4.jpeg",
            "user_decision": "NO",
            "user_id": "ThieuBui-fiq5x",
            "is_user_correct": true
        },
        {
            "top1-label": "House Wren",
            "top1-score": 0.8417070508003235,
            "question": "Sam guessed the Input image is 84% House Wren. Is it House Wren?",
            "Accept/Reject": false,
            "type": "topk",
            "image-path": "./data/topK-exp-materials/196.House_Wren_138_5.jpeg",
            "user_decision": "YES",
            "user_id": "ThieuBui-fiq5x",
            "is_user_correct": false
        },
        {
            "top1-label": "Rusty Blackbird",
            "top1-score": 0.9958319664001465,
            "question": "Sam guessed the Input image is 99% Rusty Blackbird. Is it Rusty Blackbird?",
            "Accept/Reject": true,
            "type": "topk",
            "image-path": "./data/topK-exp-materials/011.Rusty_Blackbird_19_3.jpeg",
            "user_decision": "YES",
            "user_id": "ThieuBui-fiq5x",
            "is_user_correct": true
        },
        {
            "top1-label": "Palm Warbler",
            "top1-score": 0.054306432604789734,
            "question": "Sam guessed the Input image is 5% Palm Warbler. Is it Palm Warbler?",
            "Accept/Reject": false,
            "type": "topk",
            "image-path": "./data/topK-exp-materials/178.Swainson_Warbler_110_6.jpeg",
            "user_decision": "NO",
            "user_id": "ThieuBui-fiq5x",
            "is_user_correct": true
        },
        {
            "top1-label": "Yellow bellied Flycatcher",
            "top1-score": 0.9800358414649963,
            "question": "Sam guessed the Input image is 98% Yellow bellied Flycatcher. Is it Yellow bellied Flycatcher?",
            "Accept/Reject": true,
            "type": "topk",
            "image-path": "./data/topK-exp-materials/043.Yellow_bellied_Flycatcher_35_5.jpeg",
            "user_decision": "YES",
            "user_id": "ThieuBui-fiq5x",
            "is_user_correct": true
        },
        {
            "top1-label": "Rufous Hummingbird",
            "top1-score": 0.965263843536377,
            "question": "Sam guessed the Input image is 96% Rufous Hummingbird. Is it Rufous Hummingbird?",
            "Accept/Reject": true,
            "type": "topk",
            "image-path": "./data/topK-exp-materials/069.Rufous_Hummingbird_42_2.jpeg",
            "user_decision": "NO",
            "user_id": "ThieuBui-fiq5x",
            "is_user_correct": false
        },
        {
            "top1-label": "Tree Swallow",
            "top1-score": 0.4365893304347992,
            "question": "Sam guessed the Input image is 43% Tree Swallow. Is it Tree Swallow?",
            "Accept/Reject": false,
            "type": "topk",
            "image-path": "./data/topK-exp-materials/135.Bank_Swallow_188_0.jpeg",
            "user_decision": "YES",
            "user_id": "ThieuBui-fiq5x",
            "is_user_correct": false
        },
        {
            "top1-label": "Herring Gull",
            "top1-score": 0.6038476824760437,
            "question": "Sam guessed the Input image is 60% Herring Gull. Is it Herring Gull?",
            "Accept/Reject": true,
            "type": "topk",
            "image-path": "./data/topK-exp-materials/062.Herring_Gull_31_0.jpeg",
            "user_decision": "NO",
            "user_id": "ThieuBui-fiq5x",
            "is_user_correct": false
        },
        {
            "top1-label": "Brown Creeper",
            "top1-score": 0.9998107552528381,
            "question": "Sam guessed the Input image is 99% Brown Creeper. Is it Brown Creeper?",
            "Accept/Reject": true,
            "type": "topk",
            "image-path": "./data/topK-exp-materials/028.Brown_Creeper_33_3.jpeg",
            "user_decision": "YES",
            "user_id": "ThieuBui-fiq5x",
            "is_user_correct": true
        },
        {
            "top1-label": "Gadwall",
            "top1-score": 0.9994192123413086,
            "question": "Sam guessed the Input image is 99% Gadwall. Is it Gadwall?",
            "Accept/Reject": true,
            "type": "topk",
            "image-path": "./data/topK-exp-materials/046.Gadwall_31_6.jpeg",
            "user_decision": "YES",
            "user_id": "ThieuBui-fiq5x",
            "is_user_correct": true
        },
        {
            "top1-label": "Savannah Sparrow",
            "top1-score": 0.9887744784355164,
            "question": "Sam guessed the Input image is 98% Savannah Sparrow. Is it Savannah Sparrow?",
            "Accept/Reject": true,
            "type": "topk",
            "image-path": "./data/topK-exp-materials/127.Savannah_Sparrow_32_7.jpeg",
            "user_decision": "YES",
            "user_id": "ThieuBui-fiq5x",
            "is_user_correct": true
        },
        {
            "top1-label": "Anna Hummingbird",
            "top1-score": 0.3595849871635437,
            "question": "Sam guessed the Input image is 35% Anna Hummingbird. Is it Anna Hummingbird?",
            "Accept/Reject": false,
            "type": "topk",
            "image-path": "./data/topK-exp-materials/068.Ruby_throated_Hummingbird_7_4.jpeg",
            "user_decision": "YES",
            "user_id": "ThieuBui-fiq5x",
            "is_user_correct": false
        },
        {
            "top1-label": "Brandt Cormorant",
            "top1-score": 0.7601227164268494,
            "question": "Sam guessed the Input image is 76% Brandt Cormorant. Is it Brandt Cormorant?",
            "Accept/Reject": true,
            "type": "topk",
            "image-path": "./data/topK-exp-materials/023.Brandt_Cormorant_19_7.jpeg",
            "user_decision": "YES",
            "user_id": "ThieuBui-fiq5x",
            "is_user_correct": true
        },
        {
            "top1-label": "Red cockaded Woodpecker",
            "top1-score": 0.9846034646034241,
            "question": "Sam guessed the Input image is 98% Red cockaded Woodpecker. Is it Red cockaded Woodpecker?",
            "Accept/Reject": true,
            "type": "topk",
            "image-path": "./data/topK-exp-materials/190.Red_cockaded_Woodpecker_5_1.jpeg",
            "user_decision": "YES",
            "user_id": "ThieuBui-fiq5x",
            "is_user_correct": true
        },
        {
            "top1-label": "Pine Warbler",
            "top1-score": 0.7940725088119507,
            "question": "Sam guessed the Input image is 79% Pine Warbler. Is it Pine Warbler?",
            "Accept/Reject": false,
            "type": "topk",
            "image-path": "./data/topK-exp-materials/157.Yellow_throated_Vireo_201_4.jpeg",
            "user_decision": "YES",
            "user_id": "ThieuBui-fiq5x",
            "is_user_correct": false
        },
        {
            "top1-label": "Philadelphia Vireo",
            "top1-score": 0.9693571329116821,
            "question": "Sam guessed the Input image is 96% Philadelphia Vireo. Is it Philadelphia Vireo?",
            "Accept/Reject": false,
            "type": "topk",
            "image-path": "./data/topK-exp-materials/155.Warbling_Vireo_244_0.jpeg",
            "user_decision": "YES",
            "user_id": "ThieuBui-fiq5x",
            "is_user_correct": false
        },
        {
            "top1-label": "Vesper Sparrow",
            "top1-score": 0.30801257491111755,
            "question": "Sam guessed the Input image is 30% Vesper Sparrow. Is it Vesper Sparrow?",
            "Accept/Reject": false,
            "type": "topk",
            "image-path": "./data/topK-exp-materials/117.Clay_colored_Sparrow_83_2.jpeg",
            "user_decision": "NO",
            "user_id": "ThieuBui-fiq5x",
            "is_user_correct": true
        },
        {
            "top1-label": "Lincoln Sparrow",
            "top1-score": 0.9881682395935059,
            "question": "Sam guessed the Input image is 98% Lincoln Sparrow. Is it Lincoln Sparrow?",
            "Accept/Reject": true,
            "type": "topk",
            "image-path": "./data/topK-exp-materials/125.Lincoln_Sparrow_29_6.jpeg",
            "user_decision": "YES",
            "user_id": "ThieuBui-fiq5x",
            "is_user_correct": true
        },
        {
            "top1-label": "Brewer Sparrow",
            "top1-score": 0.6813523173332214,
            "question": "Sam guessed the Input image is 68% Brewer Sparrow. Is it Brewer Sparrow?",
            "Accept/Reject": false,
            "type": "topk",
            "image-path": "./data/topK-exp-materials/116.Chipping_Sparrow_61_2.jpeg",
            "user_decision": "NO",
            "user_id": "ThieuBui-fiq5x",
            "is_user_correct": false
        }
    ]
}