{"user_id": "zzc0056-tsy9225s", "time": 1706113760, "history": [{"top1-label": "Yellow throated Vireo", "top1-score": 0.010575066320598125, "question": "Sam guessed the Input image is 1% Yellow throated Vireo. Is it Yellow throated Vireo?", "Accept/Reject": false, "type": "top1", "image-path": "./data/top1-exp-materials/175.Pine_Warbler_70_6.jpeg", "user_decision": "YES", "user_id": "zzc0056-tsy9225s", "is_user_correct": false}, {"top1-label": "Cardinal", "top1-score": 0.9993352293968201, "question": "Sam guessed the Input image is 99% Cardinal. Is it Cardinal?", "Accept/Reject": true, "type": "top1", "image-path": "./data/top1-exp-materials/017.Cardinal_37_7.jpeg", "user_decision": "YES", "user_id": "zzc0056-tsy9225s", "is_user_correct": true}, {"top1-label": "Nelson Sharp tailed Sparrow", "top1-score": 0.6647009253501892, "question": "Sam guessed the Input image is 66% Nelson Sharp tailed Sparrow. Is it Nelson Sharp tailed Sparrow?", "Accept/Reject": false, "type": "top1", "image-path": "./data/top1-exp-materials/126.Nelson_Sharp_tailed_Sparrow_238_3.jpeg", "user_decision": "YES", "user_id": "zzc0056-tsy9225s", "is_user_correct": false}, {"top1-label": "Northern Fulmar", "top1-score": 0.6770517230033875, "question": "Sam guessed the Input image is 67% Northern Fulmar. Is it Northern Fulmar?", "Accept/Reject": false, "type": "top1", "image-path": "./data/top1-exp-materials/045.Northern_Fulmar_224_6.jpeg", "user_decision": "YES", "user_id": "zzc0056-tsy9225s", "is_user_correct": false}, {"top1-label": "Elegant Tern", "top1-score": 0.5819884538650513, "question": "Sam guessed the Input image is 58% Elegant Tern. Is it Elegant Tern?", "Accept/Reject": false, "type": "top1", "image-path": "./data/top1-exp-materials/147.Least_Tern_247_1.jpeg", "user_decision": "NO", "user_id": "zzc0056-tsy9225s", "is_user_correct": true}, {"top1-label": "Brandt Cormorant", "top1-score": 0.7944649457931519, "question": "Sam guessed the Input image is 79% Brandt Cormorant. Is it Brandt Cormorant?", "Accept/Reject": true, "type": "top1", "image-path": "./data/top1-exp-materials/023.Brandt_Cormorant_27_4.jpeg", "user_decision": "YES", "user_id": "zzc0056-tsy9225s", "is_user_correct": true}, {"top1-label": "White necked Raven", "top1-score": 0.036096569150686264, "question": "Sam guessed the Input image is 3% White necked Raven. Is it White necked Raven?", "Accept/Reject": false, "type": "top1", "image-path": "./data/top1-exp-materials/108.White_necked_Raven_232_2.jpeg", "user_decision": "YES", "user_id": "zzc0056-tsy9225s", "is_user_correct": false}, {"top1-label": "Florida Jay", "top1-score": 0.7980294823646545, "question": "Sam guessed the Input image is 79% Florida Jay. Is it Florida Jay?", "Accept/Reject": false, "type": "top1", "image-path": "./data/top1-exp-materials/073.Blue_Jay_127_7.jpeg", "user_decision": "YES", "user_id": "zzc0056-tsy9225s", "is_user_correct": false}, {"top1-label": "Mockingbird", "top1-score": 0.996290385723114, "question": "Sam guessed the Input image is 99% Mockingbird. Is it Mockingbird?", "Accept/Reject": true, "type": "top1", "image-path": "./data/top1-exp-materials/091.Mockingbird_11_1.jpeg", "user_decision": "YES", "user_id": "zzc0056-tsy9225s", "is_user_correct": true}, {"top1-label": "Barn Swallow", "top1-score": 0.4826267659664154, "question": "Sam guessed the Input image is 48% Barn Swallow. Is it Barn Swallow?", "Accept/Reject": true, "type": "top1", "image-path": "./data/top1-exp-materials/136.Barn_Swallow_18_0.jpeg", "user_decision": "NO", "user_id": "zzc0056-tsy9225s", "is_user_correct": false}, {"top1-label": "Scott Oriole", "top1-score": 0.7991881966590881, "question": "Sam guessed the Input image is 79% Scott Oriole. Is it Scott Oriole?", "Accept/Reject": false, "type": "top1", "image-path": "./data/top1-exp-materials/096.Hooded_Oriole_250_4.jpeg", "user_decision": "YES", "user_id": "zzc0056-tsy9225s", "is_user_correct": false}, {"top1-label": "Spotted Catbird", "top1-score": 0.04556488245725632, "question": "Sam guessed the Input image is 4% Spotted Catbird. Is it Spotted Catbird?", "Accept/Reject": false, "type": "top1", "image-path": "./data/top1-exp-materials/130.Tree_Sparrow_25_0.jpeg", "user_decision": "YES", "user_id": "zzc0056-tsy9225s", "is_user_correct": false}, {"top1-label": "Yellow throated Vireo", "top1-score": 0.2652810215950012, "question": "Sam guessed the Input image is 26% Yellow throated Vireo. Is it Yellow throated Vireo?", "Accept/Reject": true, "type": "top1", "image-path": "./data/top1-exp-materials/157.Yellow_throated_Vireo_0_6.jpeg", "user_decision": "YES", "user_id": "zzc0056-tsy9225s", "is_user_correct": true}, {"top1-label": "Clark Nutcracker", "top1-score": 0.9964558482170105, "question": "Sam guessed the Input image is 99% Clark Nutcracker. Is it Clark Nutcracker?", "Accept/Reject": true, "type": "top1", "image-path": "./data/top1-exp-materials/093.Clark_Nutcracker_27_7.jpeg", "user_decision": "YES", "user_id": "zzc0056-tsy9225s", "is_user_correct": true}, {"top1-label": "Winter Wren", "top1-score": 0.0830085277557373, "question": "Sam guessed the Input image is 8% Winter Wren. Is it Winter Wren?", "Accept/Reject": false, "type": "top1", "image-path": "./data/top1-exp-materials/194.Cactus_Wren_126_0.jpeg", "user_decision": "YES", "user_id": "zzc0056-tsy9225s", "is_user_correct": false}, {"top1-label": "Pied Kingfisher", "top1-score": 0.999707043170929, "question": "Sam guessed the Input image is 99% Pied Kingfisher. Is it Pied Kingfisher?", "Accept/Reject": true, "type": "top1", "image-path": "./data/top1-exp-materials/081.Pied_Kingfisher_1_7.jpeg", "user_decision": "YES", "user_id": "zzc0056-tsy9225s", "is_user_correct": true}, {"top1-label": "Laysan Albatross", "top1-score": 0.9997723698616028, "question": "Sam guessed the Input image is 99% Laysan Albatross. Is it Laysan Albatross?", "Accept/Reject": true, "type": "top1", "image-path": "./data/top1-exp-materials/002.Laysan_Albatross_34_0.jpeg", "user_decision": "YES", "user_id": "zzc0056-tsy9225s", "is_user_correct": true}, {"top1-label": "Harris Sparrow", "top1-score": 0.16555559635162354, "question": "Sam guessed the Input image is 16% Harris Sparrow. Is it Harris Sparrow?", "Accept/Reject": false, "type": "top1", "image-path": "./data/top1-exp-materials/120.Fox_Sparrow_297_2.jpeg", "user_decision": "NO", "user_id": "zzc0056-tsy9225s", "is_user_correct": true}, {"top1-label": "Sooty Albatross", "top1-score": 0.9955495595932007, "question": "Sam guessed the Input image is 99% Sooty Albatross. Is it Sooty Albatross?", "Accept/Reject": true, "type": "top1", "image-path": "./data/top1-exp-materials/003.Sooty_Albatross_9_1.jpeg", "user_decision": "YES", "user_id": "zzc0056-tsy9225s", "is_user_correct": true}, {"top1-label": "Chuck will Widow", "top1-score": 0.7453331351280212, "question": "Sam guessed the Input image is 74% Chuck will Widow. Is it Chuck will Widow?", "Accept/Reject": false, "type": "top1", "image-path": "./data/top1-exp-materials/022.Chuck_will_Widow_35_4.jpeg", "user_decision": "NO", "user_id": "zzc0056-tsy9225s", "is_user_correct": true}, {"top1-label": "Western Gull", "top1-score": 0.10303646326065063, "question": "Sam guessed the Input image is 10% Western Gull. Is it Western Gull?", "Accept/Reject": false, "type": "top1", "image-path": "./data/top1-exp-materials/059.California_Gull_46_0.jpeg", "user_decision": "YES", "user_id": "zzc0056-tsy9225s", "is_user_correct": false}, {"top1-label": "Florida Jay", "top1-score": 0.00474634300917387, "question": "Sam guessed the Input image is 0% Florida Jay. Is it Florida Jay?", "Accept/Reject": false, "type": "top1", "image-path": "./data/top1-exp-materials/074.Florida_Jay_64_4.jpeg", "user_decision": "YES", "user_id": "zzc0056-tsy9225s", "is_user_correct": false}, {"top1-label": "Loggerhead Shrike", "top1-score": 0.5844630002975464, "question": "Sam guessed the Input image is 58% Loggerhead Shrike. Is it Loggerhead Shrike?", "Accept/Reject": false, "type": "top1", "image-path": "./data/top1-exp-materials/111.Loggerhead_Shrike_233_2.jpeg", "user_decision": "YES", "user_id": "zzc0056-tsy9225s", "is_user_correct": false}, {"top1-label": "Red cockaded Woodpecker", "top1-score": 0.6111500263214111, "question": "Sam guessed the Input image is 61% Red cockaded Woodpecker. Is it Red cockaded Woodpecker?", "Accept/Reject": true, "type": "top1", "image-path": "./data/top1-exp-materials/190.Red_cockaded_Woodpecker_4_4.jpeg", "user_decision": "YES", "user_id": "zzc0056-tsy9225s", "is_user_correct": true}, {"top1-label": "Kentucky Warbler", "top1-score": 0.9661660194396973, "question": "Sam guessed the Input image is 96% Kentucky Warbler. Is it Kentucky Warbler?", "Accept/Reject": true, "type": "top1", "image-path": "./data/top1-exp-materials/168.Kentucky_Warbler_20_4.jpeg", "user_decision": "YES", "user_id": "zzc0056-tsy9225s", "is_user_correct": true}, {"top1-label": "Brewer Blackbird", "top1-score": 0.2853306829929352, "question": "Sam guessed the Input image is 28% Brewer Blackbird. Is it Brewer Blackbird?", "Accept/Reject": false, "type": "top1", "image-path": "./data/top1-exp-materials/049.Boat_tailed_Grackle_227_5.jpeg", "user_decision": "YES", "user_id": "zzc0056-tsy9225s", "is_user_correct": false}, {"top1-label": "Great Grey Shrike", "top1-score": 0.07784516364336014, "question": "Sam guessed the Input image is 7% Great Grey Shrike. Is it Great Grey Shrike?", "Accept/Reject": true, "type": "top1", "image-path": "./data/top1-exp-materials/112.Great_Grey_Shrike_19_4.jpeg", "user_decision": "YES", "user_id": "zzc0056-tsy9225s", "is_user_correct": true}, {"top1-label": "Louisiana Waterthrush", "top1-score": 0.9546875953674316, "question": "Sam guessed the Input image is 95% Louisiana Waterthrush. Is it Louisiana Waterthrush?", "Accept/Reject": true, "type": "top1", "image-path": "./data/top1-exp-materials/184.Louisiana_Waterthrush_23_6.jpeg", "user_decision": "YES", "user_id": "zzc0056-tsy9225s", "is_user_correct": true}, {"top1-label": "Yellow headed Blackbird", "top1-score": 0.9998099207878113, "question": "Sam guessed the Input image is 99% Yellow headed Blackbird. Is it Yellow headed Blackbird?", "Accept/Reject": true, "type": "top1", "image-path": "./data/top1-exp-materials/012.Yellow_headed_Blackbird_7_0.jpeg", "user_decision": "YES", "user_id": "zzc0056-tsy9225s", "is_user_correct": true}, {"top1-label": "Common Yellowthroat", "top1-score": 0.9981957077980042, "question": "Sam guessed the Input image is 99% Common Yellowthroat. Is it Common Yellowthroat?", "Accept/Reject": true, "type": "top1", "image-path": "./data/top1-exp-materials/200.Common_Yellowthroat_40_6.jpeg", "user_decision": "YES", "user_id": "zzc0056-tsy9225s", "is_user_correct": false}]}