{"user_id": "Arezzo-eve0xzqk", "time": 1706061210, "history": [{"top1-label": "Red breasted Merganser", "top1-score": 0.0022894993890076876, "question": "Sam guessed the Input image is 0% Red breasted Merganser. Is it Red breasted Merganser?", "Accept/Reject": false, "type": "top1", "image-path": "./data/top1-exp-materials/089.Hooded_Merganser_212_2.jpeg", "user_decision": "YES", "user_id": "Arezzo-eve0xzqk", "is_user_correct": false}, {"top1-label": "Pied Kingfisher", "top1-score": 0.999707043170929, "question": "Sam guessed the Input image is 99% Pied Kingfisher. Is it Pied Kingfisher?", "Accept/Reject": true, "type": "top1", "image-path": "./data/top1-exp-materials/081.Pied_Kingfisher_1_7.jpeg", "user_decision": "YES", "user_id": "Arezzo-eve0xzqk", "is_user_correct": true}, {"top1-label": "Brewer Sparrow", "top1-score": 0.5473032593727112, "question": "Sam guessed the Input image is 54% Brewer Sparrow. Is it Brewer Sparrow?", "Accept/Reject": false, "type": "top1", "image-path": "./data/top1-exp-materials/116.Chipping_Sparrow_3_0.jpeg", "user_decision": "YES", "user_id": "Arezzo-eve0xzqk", "is_user_correct": false}, {"top1-label": "Pacific Loon", "top1-score": 0.9989774227142334, "question": "Sam guessed the Input image is 99% Pacific Loon. Is it Pacific Loon?", "Accept/Reject": true, "type": "top1", "image-path": "./data/top1-exp-materials/086.Pacific_Loon_41_3.jpeg", "user_decision": "YES", "user_id": "Arezzo-eve0xzqk", "is_user_correct": true}, {"top1-label": "Western Gull", "top1-score": 0.901774525642395, "question": "Sam guessed the Input image is 90% Western Gull. Is it Western Gull?", "Accept/Reject": false, "type": "top1", "image-path": "./data/top1-exp-materials/059.California_Gull_291_1.jpeg", "user_decision": "YES", "user_id": "Arezzo-eve0xzqk", "is_user_correct": false}, {"top1-label": "Summer Tanager", "top1-score": 0.9453678727149963, "question": "Sam guessed the Input image is 94% Summer Tanager. Is it Summer Tanager?", "Accept/Reject": true, "type": "top1", "image-path": "./data/top1-exp-materials/140.Summer_Tanager_8_2.jpeg", "user_decision": "YES", "user_id": "Arezzo-eve0xzqk", "is_user_correct": true}, {"top1-label": "Boat tailed Grackle", "top1-score": 0.9524627327919006, "question": "Sam guessed the Input image is 95% Boat tailed Grackle. Is it Boat tailed Grackle?", "Accept/Reject": false, "type": "top1", "image-path": "./data/top1-exp-materials/030.Fish_Crow_16_2.jpeg", "user_decision": "YES", "user_id": "Arezzo-eve0xzqk", "is_user_correct": false}, {"top1-label": "Scarlet Tanager", "top1-score": 0.9934902191162109, "question": "Sam guessed the Input image is 99% Scarlet Tanager. Is it Scarlet Tanager?", "Accept/Reject": true, "type": "top1", "image-path": "./data/top1-exp-materials/139.Scarlet_Tanager_26_0.jpeg", "user_decision": "YES", "user_id": "Arezzo-eve0xzqk", "is_user_correct": true}, {"top1-label": "Brewer Blackbird", "top1-score": 0.2853306829929352, "question": "Sam guessed the Input image is 28% Brewer Blackbird. Is it Brewer Blackbird?", "Accept/Reject": false, "type": "top1", "image-path": "./data/top1-exp-materials/049.Boat_tailed_Grackle_227_5.jpeg", "user_decision": "YES", "user_id": "Arezzo-eve0xzqk", "is_user_correct": false}, {"top1-label": "Groove billed Ani", "top1-score": 0.9800787568092346, "question": "Sam guessed the Input image is 98% Groove billed Ani. Is it Groove billed Ani?", "Accept/Reject": true, "type": "top1", "image-path": "./data/top1-exp-materials/004.Groove_billed_Ani_12_0.jpeg", "user_decision": "NO", "user_id": "Arezzo-eve0xzqk", "is_user_correct": false}, {"top1-label": "White crowned Sparrow", "top1-score": 0.4189143478870392, "question": "Sam guessed the Input image is 41% White crowned Sparrow. Is it White crowned Sparrow?", "Accept/Reject": false, "type": "top1", "image-path": "./data/top1-exp-materials/116.Chipping_Sparrow_116_1.jpeg", "user_decision": "YES", "user_id": "Arezzo-eve0xzqk", "is_user_correct": false}, {"top1-label": "Purple Finch", "top1-score": 0.9866963028907776, "question": "Sam guessed the Input image is 98% Purple Finch. Is it Purple Finch?", "Accept/Reject": true, "type": "top1", "image-path": "./data/top1-exp-materials/035.Purple_Finch_38_2.jpeg", "user_decision": "YES", "user_id": "Arezzo-eve0xzqk", "is_user_correct": true}, {"top1-label": "Northern Flicker", "top1-score": 0.9632402062416077, "question": "Sam guessed the Input image is 96% Northern Flicker. Is it Northern Flicker?", "Accept/Reject": true, "type": "top1", "image-path": "./data/top1-exp-materials/036.Northern_Flicker_41_4.jpeg", "user_decision": "YES", "user_id": "Arezzo-eve0xzqk", "is_user_correct": true}, {"top1-label": "Red legged Kittiwake", "top1-score": 0.9977236390113831, "question": "Sam guessed the Input image is 99% Red legged Kittiwake. Is it Red legged Kittiwake?", "Accept/Reject": true, "type": "top1", "image-path": "./data/top1-exp-materials/084.Red_legged_Kittiwake_0_0.jpeg", "user_decision": "YES", "user_id": "Arezzo-eve0xzqk", "is_user_correct": true}, {"top1-label": "American Crow", "top1-score": 0.0120464526116848, "question": "Sam guessed the Input image is 1% American Crow. Is it American Crow?", "Accept/Reject": false, "type": "top1", "image-path": "./data/top1-exp-materials/009.Brewer_Blackbird_197_3.jpeg", "user_decision": "YES", "user_id": "Arezzo-eve0xzqk", "is_user_correct": false}, {"top1-label": "Pied Kingfisher", "top1-score": 0.9993456602096558, "question": "Sam guessed the Input image is 99% Pied Kingfisher. Is it Pied Kingfisher?", "Accept/Reject": true, "type": "top1", "image-path": "./data/top1-exp-materials/081.Pied_Kingfisher_14_6.jpeg", "user_decision": "YES", "user_id": "Arezzo-eve0xzqk", "is_user_correct": true}, {"top1-label": "European Goldfinch", "top1-score": 0.9998155236244202, "question": "Sam guessed the Input image is 99% European Goldfinch. Is it European Goldfinch?", "Accept/Reject": true, "type": "top1", "image-path": "./data/top1-exp-materials/048.European_Goldfinch_35_3.jpeg", "user_decision": "YES", "user_id": "Arezzo-eve0xzqk", "is_user_correct": true}, {"top1-label": "Horned Lark", "top1-score": 0.10650143772363663, "question": "Sam guessed the Input image is 10% Horned Lark. Is it Horned Lark?", "Accept/Reject": false, "type": "top1", "image-path": "./data/top1-exp-materials/085.Horned_Lark_262_6.jpeg", "user_decision": "YES", "user_id": "Arezzo-eve0xzqk", "is_user_correct": false}, {"top1-label": "Grasshopper Sparrow", "top1-score": 0.9726024270057678, "question": "Sam guessed the Input image is 97% Grasshopper Sparrow. Is it Grasshopper Sparrow?", "Accept/Reject": true, "type": "top1", "image-path": "./data/top1-exp-materials/121.Grasshopper_Sparrow_1_5.jpeg", "user_decision": "NO", "user_id": "Arezzo-eve0xzqk", "is_user_correct": false}, {"top1-label": "Great Grey Shrike", "top1-score": 0.5692707896232605, "question": "Sam guessed the Input image is 56% Great Grey Shrike. Is it Great Grey Shrike?", "Accept/Reject": false, "type": "top1", "image-path": "./data/top1-exp-materials/111.Loggerhead_Shrike_79_2.jpeg", "user_decision": "YES", "user_id": "Arezzo-eve0xzqk", "is_user_correct": false}, {"top1-label": "Pelagic Cormorant", "top1-score": 0.3443271219730377, "question": "Sam guessed the Input image is 34% Pelagic Cormorant. Is it Pelagic Cormorant?", "Accept/Reject": false, "type": "top1", "image-path": "./data/top1-exp-materials/023.Brandt_Cormorant_87_4.jpeg", "user_decision": "NO", "user_id": "Arezzo-eve0xzqk", "is_user_correct": true}, {"top1-label": "Barn Swallow", "top1-score": 0.7715885043144226, "question": "Sam guessed the Input image is 77% Barn Swallow. Is it Barn Swallow?", "Accept/Reject": true, "type": "top1", "image-path": "./data/top1-exp-materials/136.Barn_Swallow_23_1.jpeg", "user_decision": "YES", "user_id": "Arezzo-eve0xzqk", "is_user_correct": true}, {"top1-label": "Sayornis", "top1-score": 0.04700786992907524, "question": "Sam guessed the Input image is 4% Sayornis. Is it Sayornis?", "Accept/Reject": false, "type": "top1", "image-path": "./data/top1-exp-materials/155.Warbling_Vireo_33_7.jpeg", "user_decision": "NO", "user_id": "Arezzo-eve0xzqk", "is_user_correct": true}, {"top1-label": "Harris Sparrow", "top1-score": 0.7087512016296387, "question": "Sam guessed the Input image is 70% Harris Sparrow. Is it Harris Sparrow?", "Accept/Reject": true, "type": "top1", "image-path": "./data/top1-exp-materials/122.Harris_Sparrow_27_2.jpeg", "user_decision": "NO", "user_id": "Arezzo-eve0xzqk", "is_user_correct": false}, {"top1-label": "Tennessee Warbler", "top1-score": 0.008046912960708141, "question": "Sam guessed the Input image is 0% Tennessee Warbler. Is it Tennessee Warbler?", "Accept/Reject": false, "type": "top1", "image-path": "./data/top1-exp-materials/178.Swainson_Warbler_36_0.jpeg", "user_decision": "NO", "user_id": "Arezzo-eve0xzqk", "is_user_correct": true}, {"top1-label": "Brewer Blackbird", "top1-score": 0.7704969644546509, "question": "Sam guessed the Input image is 77% Brewer Blackbird. Is it Brewer Blackbird?", "Accept/Reject": false, "type": "top1", "image-path": "./data/top1-exp-materials/011.Rusty_Blackbird_272_1.jpeg", "user_decision": "YES", "user_id": "Arezzo-eve0xzqk", "is_user_correct": false}, {"top1-label": "House Wren", "top1-score": 0.8763688802719116, "question": "Sam guessed the Input image is 87% House Wren. Is it House Wren?", "Accept/Reject": false, "type": "top1", "image-path": "./data/top1-exp-materials/196.House_Wren_221_4.jpeg", "user_decision": "YES", "user_id": "Arezzo-eve0xzqk", "is_user_correct": false}, {"top1-label": "Tropical Kingbird", "top1-score": 0.4960978627204895, "question": "Sam guessed the Input image is 49% Tropical Kingbird. Is it Tropical Kingbird?", "Accept/Reject": false, "type": "top1", "image-path": "./data/top1-exp-materials/077.Tropical_Kingbird_76_0.jpeg", "user_decision": "NO", "user_id": "Arezzo-eve0xzqk", "is_user_correct": true}, {"top1-label": "Sayornis", "top1-score": 0.9217054843902588, "question": "Sam guessed the Input image is 92% Sayornis. Is it Sayornis?", "Accept/Reject": true, "type": "top1", "image-path": "./data/top1-exp-materials/103.Sayornis_39_0.jpeg", "user_decision": "YES", "user_id": "Arezzo-eve0xzqk", "is_user_correct": true}, {"top1-label": "Black Tern", "top1-score": 0.7361079454421997, "question": "Sam guessed the Input image is 73% Black Tern. Is it Black Tern?", "Accept/Reject": true, "type": "top1", "image-path": "./data/top1-exp-materials/142.Black_Tern_5_6.jpeg", "user_decision": "NO", "user_id": "Arezzo-eve0xzqk", "is_user_correct": false}]}