{"user_id": "cbc0084-ajdmwu3b", "time": 1706206033, "history": [{"top1-label": "Nighthawk", "top1-score": 0.21802563965320587, "question": "Sam guessed the Input image is 21% Nighthawk. Is it Nighthawk?", "Accept/Reject": false, "type": "top1", "image-path": "./data/top1-exp-materials/194.Cactus_Wren_72_5.jpeg", "user_decision": "YES", "user_id": "cbc0084-ajdmwu3b", "is_user_correct": false}, {"top1-label": "Western Meadowlark", "top1-score": 0.9988942742347717, "question": "Sam guessed the Input image is 99% Western Meadowlark. Is it Western Meadowlark?", "Accept/Reject": true, "type": "top1", "image-path": "./data/top1-exp-materials/088.Western_Meadowlark_15_4.jpeg", "user_decision": "YES", "user_id": "cbc0084-ajdmwu3b", "is_user_correct": true}, {"top1-label": "Red bellied Woodpecker", "top1-score": 0.9990795850753784, "question": "Sam guessed the Input image is 99% Red bellied Woodpecker. Is it Red bellied Woodpecker?", "Accept/Reject": true, "type": "top1", "image-path": "./data/top1-exp-materials/189.Red_bellied_Woodpecker_26_7.jpeg", "user_decision": "YES", "user_id": "cbc0084-ajdmwu3b", "is_user_correct": true}, {"top1-label": "Black Tern", "top1-score": 0.2430703043937683, "question": "Sam guessed the Input image is 24% Black Tern. Is it Black Tern?", "Accept/Reject": false, "type": "top1", "image-path": "./data/top1-exp-materials/146.Forsters_Tern_140_6.jpeg", "user_decision": "NO", "user_id": "cbc0084-ajdmwu3b", "is_user_correct": true}, {"top1-label": "Red breasted Merganser", "top1-score": 0.2328711450099945, "question": "Sam guessed the Input image is 23% Red breasted Merganser. Is it Red breasted Merganser?", "Accept/Reject": false, "type": "top1", "image-path": "./data/top1-exp-materials/089.Hooded_Merganser_310_4.jpeg", "user_decision": "YES", "user_id": "cbc0084-ajdmwu3b", "is_user_correct": false}, {"top1-label": "Carolina Wren", "top1-score": 0.948188304901123, "question": "Sam guessed the Input image is 94% Carolina Wren. Is it Carolina Wren?", "Accept/Reject": false, "type": "top1", "image-path": "./data/top1-exp-materials/197.Marsh_Wren_141_4.jpeg", "user_decision": "YES", "user_id": "cbc0084-ajdmwu3b", "is_user_correct": false}, {"top1-label": "Sage Thrasher", "top1-score": 0.9968994855880737, "question": "Sam guessed the Input image is 99% Sage Thrasher. Is it Sage Thrasher?", "Accept/Reject": true, "type": "top1", "image-path": "./data/top1-exp-materials/150.Sage_Thrasher_9_2.jpeg", "user_decision": "YES", "user_id": "cbc0084-ajdmwu3b", "is_user_correct": true}, {"top1-label": "Philadelphia Vireo", "top1-score": 0.9919337034225464, "question": "Sam guessed the Input image is 99% Philadelphia Vireo. Is it Philadelphia Vireo?", "Accept/Reject": true, "type": "top1", "image-path": "./data/top1-exp-materials/153.Philadelphia_Vireo_20_2.jpeg", "user_decision": "YES", "user_id": "cbc0084-ajdmwu3b", "is_user_correct": true}, {"top1-label": "Philadelphia Vireo", "top1-score": 0.04229721426963806, "question": "Sam guessed the Input image is 4% Philadelphia Vireo. Is it Philadelphia Vireo?", "Accept/Reject": false, "type": "top1", "image-path": "./data/top1-exp-materials/032.Mangrove_Cuckoo_115_0.jpeg", "user_decision": "NO", "user_id": "cbc0084-ajdmwu3b", "is_user_correct": true}, {"top1-label": "Mockingbird", "top1-score": 0.9933949112892151, "question": "Sam guessed the Input image is 99% Mockingbird. Is it Mockingbird?", "Accept/Reject": false, "type": "top1", "image-path": "./data/top1-exp-materials/150.Sage_Thrasher_71_6.jpeg", "user_decision": "YES", "user_id": "cbc0084-ajdmwu3b", "is_user_correct": false}, {"top1-label": "Baird Sparrow", "top1-score": 0.03279024362564087, "question": "Sam guessed the Input image is 3% Baird Sparrow. Is it Baird Sparrow?", "Accept/Reject": false, "type": "top1", "image-path": "./data/top1-exp-materials/123.Henslow_Sparrow_252_7.jpeg", "user_decision": "YES", "user_id": "cbc0084-ajdmwu3b", "is_user_correct": false}, {"top1-label": "Pigeon Guillemot", "top1-score": 0.8747756481170654, "question": "Sam guessed the Input image is 87% Pigeon Guillemot. Is it Pigeon Guillemot?", "Accept/Reject": false, "type": "top1", "image-path": "./data/top1-exp-materials/006.Least_Auklet_51_1.jpeg", "user_decision": "YES", "user_id": "cbc0084-ajdmwu3b", "is_user_correct": false}, {"top1-label": "Hooded Warbler", "top1-score": 0.47891050577163696, "question": "Sam guessed the Input image is 47% Hooded Warbler. Is it Hooded Warbler?", "Accept/Reject": false, "type": "top1", "image-path": "./data/top1-exp-materials/166.Golden_winged_Warbler_286_5.jpeg", "user_decision": "YES", "user_id": "cbc0084-ajdmwu3b", "is_user_correct": false}, {"top1-label": "Fish Crow", "top1-score": 0.42843756079673767, "question": "Sam guessed the Input image is 42% Fish Crow. Is it Fish Crow?", "Accept/Reject": false, "type": "top1", "image-path": "./data/top1-exp-materials/029.American_Crow_39_4.jpeg", "user_decision": "YES", "user_id": "cbc0084-ajdmwu3b", "is_user_correct": false}, {"top1-label": "Black and white Warbler", "top1-score": 0.9995808005332947, "question": "Sam guessed the Input image is 99% Black and white Warbler. Is it Black and white Warbler?", "Accept/Reject": true, "type": "top1", "image-path": "./data/top1-exp-materials/159.Black_and_white_Warbler_11_4.jpeg", "user_decision": "YES", "user_id": "cbc0084-ajdmwu3b", "is_user_correct": true}, {"top1-label": "Eared Grebe", "top1-score": 0.9976015090942383, "question": "Sam guessed the Input image is 99% Eared Grebe. Is it Eared Grebe?", "Accept/Reject": false, "type": "top1", "image-path": "./data/top1-exp-materials/051.Horned_Grebe_209_6.jpeg", "user_decision": "YES", "user_id": "cbc0084-ajdmwu3b", "is_user_correct": false}, {"top1-label": "European Goldfinch", "top1-score": 0.9998984336853027, "question": "Sam guessed the Input image is 99% European Goldfinch. Is it European Goldfinch?", "Accept/Reject": true, "type": "top1", "image-path": "./data/top1-exp-materials/048.European_Goldfinch_10_5.jpeg", "user_decision": "YES", "user_id": "cbc0084-ajdmwu3b", "is_user_correct": true}, {"top1-label": "Brewer Sparrow", "top1-score": 0.03326614201068878, "question": "Sam guessed the Input image is 3% Brewer Sparrow. Is it Brewer Sparrow?", "Accept/Reject": false, "type": "top1", "image-path": "./data/top1-exp-materials/115.Brewer_Sparrow_161_1.jpeg", "user_decision": "YES", "user_id": "cbc0084-ajdmwu3b", "is_user_correct": false}, {"top1-label": "Vesper Sparrow", "top1-score": 0.2824588418006897, "question": "Sam guessed the Input image is 28% Vesper Sparrow. Is it Vesper Sparrow?", "Accept/Reject": false, "type": "top1", "image-path": "./data/top1-exp-materials/127.Savannah_Sparrow_62_7.jpeg", "user_decision": "YES", "user_id": "cbc0084-ajdmwu3b", "is_user_correct": false}, {"top1-label": "Artic Tern", "top1-score": 0.003886970691382885, "question": "Sam guessed the Input image is 0% Artic Tern. Is it Artic Tern?", "Accept/Reject": false, "type": "top1", "image-path": "./data/top1-exp-materials/144.Common_Tern_278_4.jpeg", "user_decision": "YES", "user_id": "cbc0084-ajdmwu3b", "is_user_correct": false}, {"top1-label": "Belted Kingfisher", "top1-score": 0.9831908345222473, "question": "Sam guessed the Input image is 98% Belted Kingfisher. Is it Belted Kingfisher?", "Accept/Reject": false, "type": "top1", "image-path": "./data/top1-exp-materials/080.Green_Kingfisher_61_1.jpeg", "user_decision": "YES", "user_id": "cbc0084-ajdmwu3b", "is_user_correct": false}, {"top1-label": "Slaty backed Gull", "top1-score": 0.21087761223316193, "question": "Sam guessed the Input image is 21% Slaty backed Gull. Is it Slaty backed Gull?", "Accept/Reject": false, "type": "top1", "image-path": "./data/top1-exp-materials/066.Western_Gull_97_5.jpeg", "user_decision": "YES", "user_id": "cbc0084-ajdmwu3b", "is_user_correct": false}, {"top1-label": "Great Grey Shrike", "top1-score": 0.8823515176773071, "question": "Sam guessed the Input image is 88% Great Grey Shrike. Is it Great Grey Shrike?", "Accept/Reject": false, "type": "top1", "image-path": "./data/top1-exp-materials/111.Loggerhead_Shrike_305_1.jpeg", "user_decision": "YES", "user_id": "cbc0084-ajdmwu3b", "is_user_correct": false}, {"top1-label": "Pied Kingfisher", "top1-score": 0.996475875377655, "question": "Sam guessed the Input image is 99% Pied Kingfisher. Is it Pied Kingfisher?", "Accept/Reject": true, "type": "top1", "image-path": "./data/top1-exp-materials/081.Pied_Kingfisher_20_0.jpeg", "user_decision": "YES", "user_id": "cbc0084-ajdmwu3b", "is_user_correct": true}, {"top1-label": "Swainson Warbler", "top1-score": 0.18717005848884583, "question": "Sam guessed the Input image is 18% Swainson Warbler. Is it Swainson Warbler?", "Accept/Reject": false, "type": "top1", "image-path": "./data/top1-exp-materials/118.House_Sparrow_142_2.jpeg", "user_decision": "NO", "user_id": "cbc0084-ajdmwu3b", "is_user_correct": true}, {"top1-label": "Sooty Albatross", "top1-score": 0.9384625554084778, "question": "Sam guessed the Input image is 93% Sooty Albatross. Is it Sooty Albatross?", "Accept/Reject": true, "type": "top1", "image-path": "./data/top1-exp-materials/003.Sooty_Albatross_29_5.jpeg", "user_decision": "YES", "user_id": "cbc0084-ajdmwu3b", "is_user_correct": true}, {"top1-label": "Pied Kingfisher", "top1-score": 0.999707043170929, "question": "Sam guessed the Input image is 99% Pied Kingfisher. Is it Pied Kingfisher?", "Accept/Reject": true, "type": "top1", "image-path": "./data/top1-exp-materials/081.Pied_Kingfisher_1_7.jpeg", "user_decision": "YES", "user_id": "cbc0084-ajdmwu3b", "is_user_correct": true}, {"top1-label": "Chuck will Widow", "top1-score": 0.9993151426315308, "question": "Sam guessed the Input image is 99% Chuck will Widow. Is it Chuck will Widow?", "Accept/Reject": true, "type": "top1", "image-path": "./data/top1-exp-materials/022.Chuck_will_Widow_23_2.jpeg", "user_decision": "YES", "user_id": "cbc0084-ajdmwu3b", "is_user_correct": true}, {"top1-label": "Yellow throated Vireo", "top1-score": 0.010575066320598125, "question": "Sam guessed the Input image is 1% Yellow throated Vireo. Is it Yellow throated Vireo?", "Accept/Reject": false, "type": "top1", "image-path": "./data/top1-exp-materials/175.Pine_Warbler_70_6.jpeg", "user_decision": "YES", "user_id": "cbc0084-ajdmwu3b", "is_user_correct": false}, {"top1-label": "Brandt Cormorant", "top1-score": 0.7944649457931519, "question": "Sam guessed the Input image is 79% Brandt Cormorant. Is it Brandt Cormorant?", "Accept/Reject": true, "type": "top1", "image-path": "./data/top1-exp-materials/023.Brandt_Cormorant_27_4.jpeg", "user_decision": "YES", "user_id": "cbc0084-ajdmwu3b", "is_user_correct": false}]}