{"user_id": "dgb0028-k6avy8zk", "time": 1706207949, "history": [{"top1-label": "Pigeon Guillemot", "top1-score": 0.8747756481170654, "question": "Sam guessed the Input image is 87% Pigeon Guillemot. Is it Pigeon Guillemot?", "Accept/Reject": false, "type": "top1", "image-path": "./data/top1-exp-materials/006.Least_Auklet_51_1.jpeg", "user_decision": "YES", "user_id": "dgb0028-k6avy8zk", "is_user_correct": false}, {"top1-label": "Nighthawk", "top1-score": 0.4173779785633087, "question": "Sam guessed the Input image is 41% Nighthawk. Is it Nighthawk?", "Accept/Reject": false, "type": "top1", "image-path": "./data/top1-exp-materials/105.Whip_poor_Will_108_3.jpeg", "user_decision": "YES", "user_id": "dgb0028-k6avy8zk", "is_user_correct": false}, {"top1-label": "Western Wood Pewee", "top1-score": 0.42406296730041504, "question": "Sam guessed the Input image is 42% Western Wood Pewee. Is it Western Wood Pewee?", "Accept/Reject": false, "type": "top1", "image-path": "./data/top1-exp-materials/078.Gray_Kingbird_313_3.jpeg", "user_decision": "YES", "user_id": "dgb0028-k6avy8zk", "is_user_correct": false}, {"top1-label": "Nashville Warbler", "top1-score": 0.9971038103103638, "question": "Sam guessed the Input image is 99% Nashville Warbler. Is it Nashville Warbler?", "Accept/Reject": true, "type": "top1", "image-path": "./data/top1-exp-materials/172.Nashville_Warbler_30_5.jpeg", "user_decision": "YES", "user_id": "dgb0028-k6avy8zk", "is_user_correct": true}, {"top1-label": "Black Tern", "top1-score": 0.9709340929985046, "question": "Sam guessed the Input image is 97% Black Tern. Is it Black Tern?", "Accept/Reject": true, "type": "top1", "image-path": "./data/top1-exp-materials/142.Black_Tern_31_2.jpeg", "user_decision": "YES", "user_id": "dgb0028-k6avy8zk", "is_user_correct": true}, {"top1-label": "Great Grey Shrike", "top1-score": 0.9936332106590271, "question": "Sam guessed the Input image is 99% Great Grey Shrike. Is it Great Grey Shrike?", "Accept/Reject": true, "type": "top1", "image-path": "./data/top1-exp-materials/112.Great_Grey_Shrike_20_1.jpeg", "user_decision": "YES", "user_id": "dgb0028-k6avy8zk", "is_user_correct": true}, {"top1-label": "Sayornis", "top1-score": 0.9602175354957581, "question": "Sam guessed the Input image is 96% Sayornis. Is it Sayornis?", "Accept/Reject": false, "type": "top1", "image-path": "./data/top1-exp-materials/039.Least_Flycatcher_247_3.jpeg", "user_decision": "YES", "user_id": "dgb0028-k6avy8zk", "is_user_correct": false}, {"top1-label": "Slaty backed Gull", "top1-score": 0.6835945248603821, "question": "Sam guessed the Input image is 68% Slaty backed Gull. Is it Slaty backed Gull?", "Accept/Reject": false, "type": "top1", "image-path": "./data/top1-exp-materials/065.Slaty_backed_Gull_134_1.jpeg", "user_decision": "YES", "user_id": "dgb0028-k6avy8zk", "is_user_correct": false}, {"top1-label": "Pomarine Jaeger", "top1-score": 0.41584303975105286, "question": "Sam guessed the Input image is 41% Pomarine Jaeger. Is it Pomarine Jaeger?", "Accept/Reject": false, "type": "top1", "image-path": "./data/top1-exp-materials/071.Long_tailed_Jaeger_151_1.jpeg", "user_decision": "NO", "user_id": "dgb0028-k6avy8zk", "is_user_correct": true}, {"top1-label": "Western Gull", "top1-score": 0.4337826073169708, "question": "Sam guessed the Input image is 43% Western Gull. Is it Western Gull?", "Accept/Reject": false, "type": "top1", "image-path": "./data/top1-exp-materials/065.Slaty_backed_Gull_100_1.jpeg", "user_decision": "YES", "user_id": "dgb0028-k6avy8zk", "is_user_correct": false}, {"top1-label": "Loggerhead Shrike", "top1-score": 0.3784658908843994, "question": "Sam guessed the Input image is 37% Loggerhead Shrike. Is it Loggerhead Shrike?", "Accept/Reject": false, "type": "top1", "image-path": "./data/top1-exp-materials/112.Great_Grey_Shrike_137_3.jpeg", "user_decision": "YES", "user_id": "dgb0028-k6avy8zk", "is_user_correct": false}, {"top1-label": "Cedar Waxwing", "top1-score": 0.9306260347366333, "question": "Sam guessed the Input image is 93% Cedar Waxwing. Is it Cedar Waxwing?", "Accept/Reject": true, "type": "top1", "image-path": "./data/top1-exp-materials/186.Cedar_Waxwing_14_2.jpeg", "user_decision": "YES", "user_id": "dgb0028-k6avy8zk", "is_user_correct": true}, {"top1-label": "Red breasted Merganser", "top1-score": 0.013378582894802094, "question": "Sam guessed the Input image is 1% Red breasted Merganser. Is it Red breasted Merganser?", "Accept/Reject": false, "type": "top1", "image-path": "./data/top1-exp-materials/089.Hooded_Merganser_247_7.jpeg", "user_decision": "YES", "user_id": "dgb0028-k6avy8zk", "is_user_correct": false}, {"top1-label": "Olive sided Flycatcher", "top1-score": 0.995051920413971, "question": "Sam guessed the Input image is 99% Olive sided Flycatcher. Is it Olive sided Flycatcher?", "Accept/Reject": true, "type": "top1", "image-path": "./data/top1-exp-materials/040.Olive_sided_Flycatcher_8_6.jpeg", "user_decision": "YES", "user_id": "dgb0028-k6avy8zk", "is_user_correct": true}, {"top1-label": "Lazuli Bunting", "top1-score": 0.42040494084358215, "question": "Sam guessed the Input image is 42% Lazuli Bunting. Is it Lazuli Bunting?", "Accept/Reject": false, "type": "top1", "image-path": "./data/top1-exp-materials/198.Rock_Wren_0_1.jpeg", "user_decision": "YES", "user_id": "dgb0028-k6avy8zk", "is_user_correct": false}, {"top1-label": "House Wren", "top1-score": 0.977676272392273, "question": "Sam guessed the Input image is 97% House Wren. Is it House Wren?", "Accept/Reject": true, "type": "top1", "image-path": "./data/top1-exp-materials/196.House_Wren_22_1.jpeg", "user_decision": "YES", "user_id": "dgb0028-k6avy8zk", "is_user_correct": true}, {"top1-label": "Chuck will Widow", "top1-score": 0.5202459692955017, "question": "Sam guessed the Input image is 52% Chuck will Widow. Is it Chuck will Widow?", "Accept/Reject": false, "type": "top1", "image-path": "./data/top1-exp-materials/022.Chuck_will_Widow_56_5.jpeg", "user_decision": "YES", "user_id": "dgb0028-k6avy8zk", "is_user_correct": false}, {"top1-label": "Red cockaded Woodpecker", "top1-score": 0.6111500263214111, "question": "Sam guessed the Input image is 61% Red cockaded Woodpecker. Is it Red cockaded Woodpecker?", "Accept/Reject": true, "type": "top1", "image-path": "./data/top1-exp-materials/190.Red_cockaded_Woodpecker_4_4.jpeg", "user_decision": "YES", "user_id": "dgb0028-k6avy8zk", "is_user_correct": true}, {"top1-label": "Gray crowned Rosy Finch", "top1-score": 0.28590622544288635, "question": "Sam guessed the Input image is 28% Gray crowned Rosy Finch. Is it Gray crowned Rosy Finch?", "Accept/Reject": false, "type": "top1", "image-path": "./data/top1-exp-materials/089.Hooded_Merganser_198_7.jpeg", "user_decision": "NO", "user_id": "dgb0028-k6avy8zk", "is_user_correct": true}, {"top1-label": "Common Raven", "top1-score": 0.9540435671806335, "question": "Sam guessed the Input image is 95% Common Raven. Is it Common Raven?", "Accept/Reject": false, "type": "top1", "image-path": "./data/top1-exp-materials/108.White_necked_Raven_148_4.jpeg", "user_decision": "YES", "user_id": "dgb0028-k6avy8zk", "is_user_correct": false}, {"top1-label": "Nelson Sharp tailed Sparrow", "top1-score": 0.933704137802124, "question": "Sam guessed the Input image is 93% Nelson Sharp tailed Sparrow. Is it Nelson Sharp tailed Sparrow?", "Accept/Reject": false, "type": "top1", "image-path": "./data/top1-exp-materials/127.Savannah_Sparrow_229_1.jpeg", "user_decision": "YES", "user_id": "dgb0028-k6avy8zk", "is_user_correct": false}, {"top1-label": "Least Tern", "top1-score": 0.003990004770457745, "question": "Sam guessed the Input image is 0% Least Tern. Is it Least Tern?", "Accept/Reject": true, "type": "top1", "image-path": "./data/top1-exp-materials/144.Common_Tern_10_0.jpeg", "user_decision": "NO", "user_id": "dgb0028-k6avy8zk", "is_user_correct": false}, {"top1-label": "Bobolink", "top1-score": 0.006668918300420046, "question": "Sam guessed the Input image is 0% Bobolink. Is it Bobolink?", "Accept/Reject": false, "type": "top1", "image-path": "./data/top1-exp-materials/184.Louisiana_Waterthrush_48_0.jpeg", "user_decision": "NO", "user_id": "dgb0028-k6avy8zk", "is_user_correct": true}, {"top1-label": "House Sparrow", "top1-score": 0.20183907449245453, "question": "Sam guessed the Input image is 20% House Sparrow. Is it House Sparrow?", "Accept/Reject": false, "type": "top1", "image-path": "./data/top1-exp-materials/119.Field_Sparrow_125_0.jpeg", "user_decision": "YES", "user_id": "dgb0028-k6avy8zk", "is_user_correct": false}, {"top1-label": "Loggerhead Shrike", "top1-score": 0.5844630002975464, "question": "Sam guessed the Input image is 58% Loggerhead Shrike. Is it Loggerhead Shrike?", "Accept/Reject": false, "type": "top1", "image-path": "./data/top1-exp-materials/111.Loggerhead_Shrike_233_2.jpeg", "user_decision": "YES", "user_id": "dgb0028-k6avy8zk", "is_user_correct": false}, {"top1-label": "American Crow", "top1-score": 0.43209025263786316, "question": "Sam guessed the Input image is 43% American Crow. Is it American Crow?", "Accept/Reject": false, "type": "top1", "image-path": "./data/top1-exp-materials/029.American_Crow_259_5.jpeg", "user_decision": "YES", "user_id": "dgb0028-k6avy8zk", "is_user_correct": false}, {"top1-label": "Evening Grosbeak", "top1-score": 0.8581215739250183, "question": "Sam guessed the Input image is 85% Evening Grosbeak. Is it Evening Grosbeak?", "Accept/Reject": true, "type": "top1", "image-path": "./data/top1-exp-materials/055.Evening_Grosbeak_40_7.jpeg", "user_decision": "YES", "user_id": "dgb0028-k6avy8zk", "is_user_correct": true}, {"top1-label": "Winter Wren", "top1-score": 0.0830085277557373, "question": "Sam guessed the Input image is 8% Winter Wren. Is it Winter Wren?", "Accept/Reject": false, "type": "top1", "image-path": "./data/top1-exp-materials/194.Cactus_Wren_126_0.jpeg", "user_decision": "YES", "user_id": "dgb0028-k6avy8zk", "is_user_correct": false}, {"top1-label": "Warbling Vireo", "top1-score": 0.9246943593025208, "question": "Sam guessed the Input image is 92% Warbling Vireo. Is it Warbling Vireo?", "Accept/Reject": true, "type": "top1", "image-path": "./data/top1-exp-materials/155.Warbling_Vireo_10_1.jpeg", "user_decision": "YES", "user_id": "dgb0028-k6avy8zk", "is_user_correct": true}, {"top1-label": "Gray Kingbird", "top1-score": 0.22022730112075806, "question": "Sam guessed the Input image is 22% Gray Kingbird. Is it Gray Kingbird?", "Accept/Reject": false, "type": "top1", "image-path": "./data/top1-exp-materials/091.Mockingbird_292_1.jpeg", "user_decision": "YES", "user_id": "dgb0028-k6avy8zk", "is_user_correct": false}]}