{"user_id": "mss0033-xyza-b0zb34ki", "time": 1706146407, "history": [{"top1-label": "House Sparrow", "top1-score": 0.2231561541557312, "question": "Sam guessed the Input image is 22% House Sparrow. Is it House Sparrow?", "Accept/Reject": false, "type": "topK", "image-path": "./data/topK-exp-materials/118.House_Sparrow_257_1.jpeg", "user_decision": "NO", "user_id": "mss0033-xyza-b0zb34ki", "is_user_correct": true}, {"top1-label": "Sayornis", "top1-score": 0.9748475551605225, "question": "Sam guessed the Input image is 97% Sayornis. Is it Sayornis?", "Accept/Reject": false, "type": "topK", "image-path": "./data/topK-exp-materials/039.Least_Flycatcher_67_7.jpeg", "user_decision": "NO", "user_id": "mss0033-xyza-b0zb34ki", "is_user_correct": true}, {"top1-label": "Least Tern", "top1-score": 0.17540134489536285, "question": "Sam guessed the Input image is 17% Least Tern. Is it Least Tern?", "Accept/Reject": false, "type": "topK", "image-path": "./data/topK-exp-materials/145.Elegant_Tern_287_0.jpeg", "user_decision": "YES", "user_id": "mss0033-xyza-b0zb34ki", "is_user_correct": false}, {"top1-label": "Pied billed Grebe", "top1-score": 0.04156564921140671, "question": "Sam guessed the Input image is 4% Pied billed Grebe. Is it Pied billed Grebe?", "Accept/Reject": false, "type": "topK", "image-path": "./data/topK-exp-materials/090.Red_breasted_Merganser_224_1.jpeg", "user_decision": "NO", "user_id": "mss0033-xyza-b0zb34ki", "is_user_correct": true}, {"top1-label": "Bank Swallow", "top1-score": 0.01730606146156788, "question": "Sam guessed the Input image is 1% Bank Swallow. Is it Bank Swallow?", "Accept/Reject": false, "type": "topK", "image-path": "./data/topK-exp-materials/040.Olive_sided_Flycatcher_219_6.jpeg", "user_decision": "NO", "user_id": "mss0033-xyza-b0zb34ki", "is_user_correct": true}, {"top1-label": "Great Crested Flycatcher", "top1-score": 0.9963192939758301, "question": "Sam guessed the Input image is 99% Great Crested Flycatcher. Is it Great Crested Flycatcher?", "Accept/Reject": true, "type": "topK", "image-path": "./data/topK-exp-materials/038.Great_Crested_Flycatcher_34_5.jpeg", "user_decision": "YES", "user_id": "mss0033-xyza-b0zb34ki", "is_user_correct": true}, {"top1-label": "Common Tern", "top1-score": 0.5846204161643982, "question": "Sam guessed the Input image is 58% Common Tern. Is it Common Tern?", "Accept/Reject": false, "type": "topK", "image-path": "./data/topK-exp-materials/141.Artic_Tern_109_2.jpeg", "user_decision": "NO", "user_id": "mss0033-xyza-b0zb34ki", "is_user_correct": true}, {"top1-label": "Philadelphia Vireo", "top1-score": 0.9117282032966614, "question": "Sam guessed the Input image is 91% Philadelphia Vireo. Is it Philadelphia Vireo?", "Accept/Reject": false, "type": "topK", "image-path": "./data/topK-exp-materials/179.Tennessee_Warbler_228_0.jpeg", "user_decision": "YES", "user_id": "mss0033-xyza-b0zb34ki", "is_user_correct": false}, {"top1-label": "House Sparrow", "top1-score": 0.5226640105247498, "question": "Sam guessed the Input image is 52% House Sparrow. Is it House Sparrow?", "Accept/Reject": false, "type": "topK", "image-path": "./data/topK-exp-materials/130.Tree_Sparrow_304_0.jpeg", "user_decision": "NO", "user_id": "mss0033-xyza-b0zb34ki", "is_user_correct": true}, {"top1-label": "Orchard Oriole", "top1-score": 0.998836874961853, "question": "Sam guessed the Input image is 99% Orchard Oriole. Is it Orchard Oriole?", "Accept/Reject": true, "type": "topK", "image-path": "./data/topK-exp-materials/097.Orchard_Oriole_23_5.jpeg", "user_decision": "YES", "user_id": "mss0033-xyza-b0zb34ki", "is_user_correct": true}, {"top1-label": "Bay breasted Warbler", "top1-score": 0.29114410281181335, "question": "Sam guessed the Input image is 29% Bay breasted Warbler. Is it Bay breasted Warbler?", "Accept/Reject": false, "type": "topK", "image-path": "./data/topK-exp-materials/165.Chestnut_sided_Warbler_199_1.jpeg", "user_decision": "NO", "user_id": "mss0033-xyza-b0zb34ki", "is_user_correct": true}, {"top1-label": "Cedar Waxwing", "top1-score": 0.9406032562255859, "question": "Sam guessed the Input image is 94% Cedar Waxwing. Is it Cedar Waxwing?", "Accept/Reject": true, "type": "topK", "image-path": "./data/topK-exp-materials/186.Cedar_Waxwing_2_4.jpeg", "user_decision": "YES", "user_id": "mss0033-xyza-b0zb34ki", "is_user_correct": true}, {"top1-label": "Gray Catbird", "top1-score": 0.9862674474716187, "question": "Sam guessed the Input image is 98% Gray Catbird. Is it Gray Catbird?", "Accept/Reject": true, "type": "topK", "image-path": "./data/topK-exp-materials/019.Gray_Catbird_28_2.jpeg", "user_decision": "NO", "user_id": "mss0033-xyza-b0zb34ki", "is_user_correct": false}, {"top1-label": "Golden winged Warbler", "top1-score": 0.9821025729179382, "question": "Sam guessed the Input image is 98% Golden winged Warbler. Is it Golden winged Warbler?", "Accept/Reject": true, "type": "topK", "image-path": "./data/topK-exp-materials/166.Golden_winged_Warbler_36_2.jpeg", "user_decision": "YES", "user_id": "mss0033-xyza-b0zb34ki", "is_user_correct": true}, {"top1-label": "Henslow Sparrow", "top1-score": 0.040887415409088135, "question": "Sam guessed the Input image is 4% Henslow Sparrow. Is it Henslow Sparrow?", "Accept/Reject": false, "type": "topK", "image-path": "./data/topK-exp-materials/123.Henslow_Sparrow_133_4.jpeg", "user_decision": "NO", "user_id": "mss0033-xyza-b0zb34ki", "is_user_correct": true}, {"top1-label": "Brewer Blackbird", "top1-score": 0.9880331754684448, "question": "Sam guessed the Input image is 98% Brewer Blackbird. Is it Brewer Blackbird?", "Accept/Reject": true, "type": "topK", "image-path": "./data/topK-exp-materials/009.Brewer_Blackbird_4_7.jpeg", "user_decision": "NO", "user_id": "mss0033-xyza-b0zb34ki", "is_user_correct": false}, {"top1-label": "Horned Puffin", "top1-score": 0.9992210865020752, "question": "Sam guessed the Input image is 99% Horned Puffin. Is it Horned Puffin?", "Accept/Reject": true, "type": "topK", "image-path": "./data/topK-exp-materials/106.Horned_Puffin_28_0.jpeg", "user_decision": "YES", "user_id": "mss0033-xyza-b0zb34ki", "is_user_correct": true}, {"top1-label": "Laysan Albatross", "top1-score": 0.9996248483657837, "question": "Sam guessed the Input image is 99% Laysan Albatross. Is it Laysan Albatross?", "Accept/Reject": true, "type": "topK", "image-path": "./data/topK-exp-materials/002.Laysan_Albatross_13_0.jpeg", "user_decision": "YES", "user_id": "mss0033-xyza-b0zb34ki", "is_user_correct": true}, {"top1-label": "Painted Bunting", "top1-score": 0.06904079765081406, "question": "Sam guessed the Input image is 6% Painted Bunting. Is it Painted Bunting?", "Accept/Reject": false, "type": "topK", "image-path": "./data/topK-exp-materials/016.Painted_Bunting_115_4.jpeg", "user_decision": "YES", "user_id": "mss0033-xyza-b0zb34ki", "is_user_correct": false}, {"top1-label": "Philadelphia Vireo", "top1-score": 0.9919337034225464, "question": "Sam guessed the Input image is 99% Philadelphia Vireo. Is it Philadelphia Vireo?", "Accept/Reject": true, "type": "topK", "image-path": "./data/topK-exp-materials/153.Philadelphia_Vireo_20_2.jpeg", "user_decision": "YES", "user_id": "mss0033-xyza-b0zb34ki", "is_user_correct": true}, {"top1-label": "Boat tailed Grackle", "top1-score": 0.9524627327919006, "question": "Sam guessed the Input image is 95% Boat tailed Grackle. Is it Boat tailed Grackle?", "Accept/Reject": false, "type": "topK", "image-path": "./data/topK-exp-materials/030.Fish_Crow_16_2.jpeg", "user_decision": "NO", "user_id": "mss0033-xyza-b0zb34ki", "is_user_correct": true}, {"top1-label": "Least Flycatcher", "top1-score": 0.45039498805999756, "question": "Sam guessed the Input image is 45% Least Flycatcher. Is it Least Flycatcher?", "Accept/Reject": false, "type": "topK", "image-path": "./data/topK-exp-materials/102.Western_Wood_Pewee_51_5.jpeg", "user_decision": "YES", "user_id": "mss0033-xyza-b0zb34ki", "is_user_correct": false}, {"top1-label": "Caspian Tern", "top1-score": 0.9471862316131592, "question": "Sam guessed the Input image is 94% Caspian Tern. Is it Caspian Tern?", "Accept/Reject": false, "type": "topK", "image-path": "./data/topK-exp-materials/145.Elegant_Tern_216_1.jpeg", "user_decision": "NO", "user_id": "mss0033-xyza-b0zb34ki", "is_user_correct": true}, {"top1-label": "Glaucous winged Gull", "top1-score": 0.684463620185852, "question": "Sam guessed the Input image is 68% Glaucous winged Gull. Is it Glaucous winged Gull?", "Accept/Reject": false, "type": "topK", "image-path": "./data/topK-exp-materials/065.Slaty_backed_Gull_180_1.jpeg", "user_decision": "NO", "user_id": "mss0033-xyza-b0zb34ki", "is_user_correct": true}, {"top1-label": "Le Conte Sparrow", "top1-score": 0.5259846448898315, "question": "Sam guessed the Input image is 52% Le Conte Sparrow. Is it Le Conte Sparrow?", "Accept/Reject": true, "type": "topK", "image-path": "./data/topK-exp-materials/124.Le_Conte_Sparrow_19_0.jpeg", "user_decision": "YES", "user_id": "mss0033-xyza-b0zb34ki", "is_user_correct": true}, {"top1-label": "Mourning Warbler", "top1-score": 0.999850869178772, "question": "Sam guessed the Input image is 99% Mourning Warbler. Is it Mourning Warbler?", "Accept/Reject": true, "type": "topK", "image-path": "./data/topK-exp-materials/170.Mourning_Warbler_8_0.jpeg", "user_decision": "YES", "user_id": "mss0033-xyza-b0zb34ki", "is_user_correct": true}, {"top1-label": "White necked Raven", "top1-score": 0.042974699288606644, "question": "Sam guessed the Input image is 4% White necked Raven. Is it White necked Raven?", "Accept/Reject": false, "type": "topK", "image-path": "./data/topK-exp-materials/071.Long_tailed_Jaeger_80_1.jpeg", "user_decision": "NO", "user_id": "mss0033-xyza-b0zb34ki", "is_user_correct": true}, {"top1-label": "Belted Kingfisher", "top1-score": 0.9831908345222473, "question": "Sam guessed the Input image is 98% Belted Kingfisher. Is it Belted Kingfisher?", "Accept/Reject": false, "type": "topK", "image-path": "./data/topK-exp-materials/080.Green_Kingfisher_61_1.jpeg", "user_decision": "NO", "user_id": "mss0033-xyza-b0zb34ki", "is_user_correct": true}, {"top1-label": "Herring Gull", "top1-score": 0.8562842011451721, "question": "Sam guessed the Input image is 85% Herring Gull. Is it Herring Gull?", "Accept/Reject": false, "type": "topK", "image-path": "./data/topK-exp-materials/062.Herring_Gull_151_2.jpeg", "user_decision": "YES", "user_id": "mss0033-xyza-b0zb34ki", "is_user_correct": false}, {"top1-label": "California Gull", "top1-score": 0.18785132467746735, "question": "Sam guessed the Input image is 18% California Gull. Is it California Gull?", "Accept/Reject": false, "type": "topK", "image-path": "./data/topK-exp-materials/060.Glaucous_winged_Gull_23_4.jpeg", "user_decision": "YES", "user_id": "mss0033-xyza-b0zb34ki", "is_user_correct": false}]}