{"user_id": "wzd0029-vsrmvjxn", "time": 1706118029, "history": [{"top1-label": "Pied Kingfisher", "top1-score": 0.999707043170929, "question": "Sam guessed the Input image is 99% Pied Kingfisher. Is it Pied Kingfisher?", "Accept/Reject": true, "type": "top1", "image-path": "./data/top1-exp-materials/081.Pied_Kingfisher_1_7.jpeg", "user_decision": "YES", "user_id": "wzd0029-vsrmvjxn", "is_user_correct": true}, {"top1-label": "Henslow Sparrow", "top1-score": 0.4842006266117096, "question": "Sam guessed the Input image is 48% Henslow Sparrow. Is it Henslow Sparrow?", "Accept/Reject": true, "type": "top1", "image-path": "./data/top1-exp-materials/123.Henslow_Sparrow_25_4.jpeg", "user_decision": "YES", "user_id": "wzd0029-vsrmvjxn", "is_user_correct": true}, {"top1-label": "Sayornis", "top1-score": 0.3080137073993683, "question": "Sam guessed the Input image is 30% Sayornis. Is it Sayornis?", "Accept/Reject": false, "type": "top1", "image-path": "./data/top1-exp-materials/103.Sayornis_311_1.jpeg", "user_decision": "NO", "user_id": "wzd0029-vsrmvjxn", "is_user_correct": true}, {"top1-label": "Northern Fulmar", "top1-score": 0.02073480933904648, "question": "Sam guessed the Input image is 2% Northern Fulmar. Is it Northern Fulmar?", "Accept/Reject": false, "type": "top1", "image-path": "./data/top1-exp-materials/072.Pomarine_Jaeger_311_0.jpeg", "user_decision": "YES", "user_id": "wzd0029-vsrmvjxn", "is_user_correct": false}, {"top1-label": "Black footed Albatross", "top1-score": 0.08744495362043381, "question": "Sam guessed the Input image is 8% Black footed Albatross. Is it Black footed Albatross?", "Accept/Reject": false, "type": "top1", "image-path": "./data/top1-exp-materials/071.Long_tailed_Jaeger_86_6.jpeg", "user_decision": "NO", "user_id": "wzd0029-vsrmvjxn", "is_user_correct": true}, {"top1-label": "Least Tern", "top1-score": 0.0247866902500391, "question": "Sam guessed the Input image is 2% Least Tern. Is it Least Tern?", "Accept/Reject": false, "type": "top1", "image-path": "./data/top1-exp-materials/147.Least_Tern_292_4.jpeg", "user_decision": "YES", "user_id": "wzd0029-vsrmvjxn", "is_user_correct": false}, {"top1-label": "Pomarine Jaeger", "top1-score": 0.7985818386077881, "question": "Sam guessed the Input image is 79% Pomarine Jaeger. Is it Pomarine Jaeger?", "Accept/Reject": true, "type": "top1", "image-path": "./data/top1-exp-materials/072.Pomarine_Jaeger_10_2.jpeg", "user_decision": "YES", "user_id": "wzd0029-vsrmvjxn", "is_user_correct": true}, {"top1-label": "Pomarine Jaeger", "top1-score": 0.8937700986862183, "question": "Sam guessed the Input image is 89% Pomarine Jaeger. Is it Pomarine Jaeger?", "Accept/Reject": true, "type": "top1", "image-path": "./data/top1-exp-materials/072.Pomarine_Jaeger_1_3.jpeg", "user_decision": "YES", "user_id": "wzd0029-vsrmvjxn", "is_user_correct": true}, {"top1-label": "Fox Sparrow", "top1-score": 0.9919499158859253, "question": "Sam guessed the Input image is 99% Fox Sparrow. Is it Fox Sparrow?", "Accept/Reject": true, "type": "top1", "image-path": "./data/top1-exp-materials/120.Fox_Sparrow_3_6.jpeg", "user_decision": "YES", "user_id": "wzd0029-vsrmvjxn", "is_user_correct": true}, {"top1-label": "Brown Creeper", "top1-score": 0.9969831109046936, "question": "Sam guessed the Input image is 99% Brown Creeper. Is it Brown Creeper?", "Accept/Reject": true, "type": "top1", "image-path": "./data/top1-exp-materials/028.Brown_Creeper_28_6.jpeg", "user_decision": "YES", "user_id": "wzd0029-vsrmvjxn", "is_user_correct": true}, {"top1-label": "Long tailed Jaeger", "top1-score": 0.8616296648979187, "question": "Sam guessed the Input image is 86% Long tailed Jaeger. Is it Long tailed Jaeger?", "Accept/Reject": false, "type": "top1", "image-path": "./data/top1-exp-materials/072.Pomarine_Jaeger_194_3.jpeg", "user_decision": "NO", "user_id": "wzd0029-vsrmvjxn", "is_user_correct": true}, {"top1-label": "Common Yellowthroat", "top1-score": 0.9994336366653442, "question": "Sam guessed the Input image is 99% Common Yellowthroat. Is it Common Yellowthroat?", "Accept/Reject": true, "type": "top1", "image-path": "./data/top1-exp-materials/200.Common_Yellowthroat_6_4.jpeg", "user_decision": "YES", "user_id": "wzd0029-vsrmvjxn", "is_user_correct": true}, {"top1-label": "Mourning Warbler", "top1-score": 0.999850869178772, "question": "Sam guessed the Input image is 99% Mourning Warbler. Is it Mourning Warbler?", "Accept/Reject": true, "type": "top1", "image-path": "./data/top1-exp-materials/170.Mourning_Warbler_8_0.jpeg", "user_decision": "YES", "user_id": "wzd0029-vsrmvjxn", "is_user_correct": true}, {"top1-label": "Bay breasted Warbler", "top1-score": 0.9996790885925293, "question": "Sam guessed the Input image is 99% Bay breasted Warbler. Is it Bay breasted Warbler?", "Accept/Reject": true, "type": "top1", "image-path": "./data/top1-exp-materials/158.Bay_breasted_Warbler_35_7.jpeg", "user_decision": "YES", "user_id": "wzd0029-vsrmvjxn", "is_user_correct": true}, {"top1-label": "Lazuli Bunting", "top1-score": 0.42040494084358215, "question": "Sam guessed the Input image is 42% Lazuli Bunting. Is it Lazuli Bunting?", "Accept/Reject": false, "type": "top1", "image-path": "./data/top1-exp-materials/198.Rock_Wren_0_1.jpeg", "user_decision": "NO", "user_id": "wzd0029-vsrmvjxn", "is_user_correct": true}, {"top1-label": "Brandt Cormorant", "top1-score": 0.8920263051986694, "question": "Sam guessed the Input image is 89% Brandt Cormorant. Is it Brandt Cormorant?", "Accept/Reject": true, "type": "top1", "image-path": "./data/top1-exp-materials/023.Brandt_Cormorant_7_7.jpeg", "user_decision": "YES", "user_id": "wzd0029-vsrmvjxn", "is_user_correct": true}, {"top1-label": "Swainson Warbler", "top1-score": 0.18717005848884583, "question": "Sam guessed the Input image is 18% Swainson Warbler. Is it Swainson Warbler?", "Accept/Reject": false, "type": "top1", "image-path": "./data/top1-exp-materials/118.House_Sparrow_142_2.jpeg", "user_decision": "NO", "user_id": "wzd0029-vsrmvjxn", "is_user_correct": true}, {"top1-label": "Baird Sparrow", "top1-score": 0.03279024362564087, "question": "Sam guessed the Input image is 3% Baird Sparrow. Is it Baird Sparrow?", "Accept/Reject": false, "type": "top1", "image-path": "./data/top1-exp-materials/123.Henslow_Sparrow_252_7.jpeg", "user_decision": "YES", "user_id": "wzd0029-vsrmvjxn", "is_user_correct": false}, {"top1-label": "Red breasted Merganser", "top1-score": 0.9942733645439148, "question": "Sam guessed the Input image is 99% Red breasted Merganser. Is it Red breasted Merganser?", "Accept/Reject": true, "type": "top1", "image-path": "./data/top1-exp-materials/090.Red_breasted_Merganser_15_1.jpeg", "user_decision": "YES", "user_id": "wzd0029-vsrmvjxn", "is_user_correct": true}, {"top1-label": "Nashville Warbler", "top1-score": 0.9971038103103638, "question": "Sam guessed the Input image is 99% Nashville Warbler. Is it Nashville Warbler?", "Accept/Reject": true, "type": "top1", "image-path": "./data/top1-exp-materials/172.Nashville_Warbler_30_5.jpeg", "user_decision": "YES", "user_id": "wzd0029-vsrmvjxn", "is_user_correct": true}, {"top1-label": "Common Tern", "top1-score": 0.9159826040267944, "question": "Sam guessed the Input image is 91% Common Tern. Is it Common Tern?", "Accept/Reject": false, "type": "top1", "image-path": "./data/top1-exp-materials/146.Forsters_Tern_22_6.jpeg", "user_decision": "YES", "user_id": "wzd0029-vsrmvjxn", "is_user_correct": false}, {"top1-label": "Pileated Woodpecker", "top1-score": 0.9673041701316833, "question": "Sam guessed the Input image is 96% Pileated Woodpecker. Is it Pileated Woodpecker?", "Accept/Reject": true, "type": "top1", "image-path": "./data/top1-exp-materials/188.Pileated_Woodpecker_18_5.jpeg", "user_decision": "YES", "user_id": "wzd0029-vsrmvjxn", "is_user_correct": true}, {"top1-label": "Brandt Cormorant", "top1-score": 0.9480819702148438, "question": "Sam guessed the Input image is 94% Brandt Cormorant. Is it Brandt Cormorant?", "Accept/Reject": false, "type": "top1", "image-path": "./data/top1-exp-materials/025.Pelagic_Cormorant_99_1.jpeg", "user_decision": "YES", "user_id": "wzd0029-vsrmvjxn", "is_user_correct": false}, {"top1-label": "Rose breasted Grosbeak", "top1-score": 0.9994884729385376, "question": "Sam guessed the Input image is 99% Rose breasted Grosbeak. Is it Rose breasted Grosbeak?", "Accept/Reject": true, "type": "top1", "image-path": "./data/top1-exp-materials/057.Rose_breasted_Grosbeak_31_4.jpeg", "user_decision": "YES", "user_id": "wzd0029-vsrmvjxn", "is_user_correct": true}, {"top1-label": "White breasted Nuthatch", "top1-score": 0.060673486441373825, "question": "Sam guessed the Input image is 6% White breasted Nuthatch. Is it White breasted Nuthatch?", "Accept/Reject": false, "type": "top1", "image-path": "./data/top1-exp-materials/152.Blue_headed_Vireo_268_1.jpeg", "user_decision": "NO", "user_id": "wzd0029-vsrmvjxn", "is_user_correct": true}, {"top1-label": "Pelagic Cormorant", "top1-score": 0.012642119079828262, "question": "Sam guessed the Input image is 1% Pelagic Cormorant. Is it Pelagic Cormorant?", "Accept/Reject": false, "type": "top1", "image-path": "./data/top1-exp-materials/023.Brandt_Cormorant_110_1.jpeg", "user_decision": "NO", "user_id": "wzd0029-vsrmvjxn", "is_user_correct": true}, {"top1-label": "Yellow Warbler", "top1-score": 0.999646008014679, "question": "Sam guessed the Input image is 99% Yellow Warbler. Is it Yellow Warbler?", "Accept/Reject": true, "type": "top1", "image-path": "./data/top1-exp-materials/182.Yellow_Warbler_9_4.jpeg", "user_decision": "YES", "user_id": "wzd0029-vsrmvjxn", "is_user_correct": true}, {"top1-label": "Vermilion Flycatcher", "top1-score": 0.9940789937973022, "question": "Sam guessed the Input image is 99% Vermilion Flycatcher. Is it Vermilion Flycatcher?", "Accept/Reject": true, "type": "top1", "image-path": "./data/top1-exp-materials/042.Vermilion_Flycatcher_13_5.jpeg", "user_decision": "YES", "user_id": "wzd0029-vsrmvjxn", "is_user_correct": true}, {"top1-label": "Brewer Sparrow", "top1-score": 0.4106586277484894, "question": "Sam guessed the Input image is 41% Brewer Sparrow. Is it Brewer Sparrow?", "Accept/Reject": false, "type": "top1", "image-path": "./data/top1-exp-materials/121.Grasshopper_Sparrow_183_4.jpeg", "user_decision": "YES", "user_id": "wzd0029-vsrmvjxn", "is_user_correct": false}, {"top1-label": "Tropical Kingbird", "top1-score": 0.8988468050956726, "question": "Sam guessed the Input image is 89% Tropical Kingbird. Is it Tropical Kingbird?", "Accept/Reject": false, "type": "top1", "image-path": "./data/top1-exp-materials/038.Great_Crested_Flycatcher_117_6.jpeg", "user_decision": "YES", "user_id": "wzd0029-vsrmvjxn", "is_user_correct": false}]}