{"user_id": "username-1p0df1go", "time": 1706206337, "history": [{"top1-label": "Cape Glossy Starling", "top1-score": 0.884709358215332, "question": "Sam guessed the Input image is 88% Cape Glossy Starling. Is it Cape Glossy Starling?", "Accept/Reject": true, "type": "topK", "image-path": "./data/topK-exp-materials/134.Cape_Glossy_Starling_20_7.jpeg", "user_decision": "YES", "user_id": "username-1p0df1go", "is_user_correct": true}, {"top1-label": "Northern Fulmar", "top1-score": 0.8403502702713013, "question": "Sam guessed the Input image is 84% Northern Fulmar. Is it Northern Fulmar?", "Accept/Reject": true, "type": "topK", "image-path": "./data/topK-exp-materials/045.Northern_Fulmar_28_1.jpeg", "user_decision": "YES", "user_id": "username-1p0df1go", "is_user_correct": true}, {"top1-label": "Sayornis", "top1-score": 0.3080137073993683, "question": "Sam guessed the Input image is 30% Sayornis. Is it Sayornis?", "Accept/Reject": false, "type": "topK", "image-path": "./data/topK-exp-materials/103.Sayornis_311_1.jpeg", "user_decision": "NO", "user_id": "username-1p0df1go", "is_user_correct": true}, {"top1-label": "Chestnut sided Warbler", "top1-score": 0.9975212216377258, "question": "Sam guessed the Input image is 99% Chestnut sided Warbler. Is it Chestnut sided Warbler?", "Accept/Reject": true, "type": "topK", "image-path": "./data/topK-exp-materials/165.Chestnut_sided_Warbler_13_1.jpeg", "user_decision": "YES", "user_id": "username-1p0df1go", "is_user_correct": true}, {"top1-label": "Western Meadowlark", "top1-score": 0.9992440938949585, "question": "Sam guessed the Input image is 99% Western Meadowlark. Is it Western Meadowlark?", "Accept/Reject": true, "type": "topK", "image-path": "./data/topK-exp-materials/088.Western_Meadowlark_10_4.jpeg", "user_decision": "YES", "user_id": "username-1p0df1go", "is_user_correct": true}, {"top1-label": "Boat tailed Grackle", "top1-score": 0.8621324896812439, "question": "Sam guessed the Input image is 86% Boat tailed Grackle. Is it Boat tailed Grackle?", "Accept/Reject": false, "type": "topK", "image-path": "./data/topK-exp-materials/049.Boat_tailed_Grackle_288_6.jpeg", "user_decision": "YES", "user_id": "username-1p0df1go", "is_user_correct": false}, {"top1-label": "Common Raven", "top1-score": 0.9068989753723145, "question": "Sam guessed the Input image is 90% Common Raven. Is it Common Raven?", "Accept/Reject": true, "type": "topK", "image-path": "./data/topK-exp-materials/107.Common_Raven_17_2.jpeg", "user_decision": "NO", "user_id": "username-1p0df1go", "is_user_correct": false}, {"top1-label": "Red bellied Woodpecker", "top1-score": 0.9978450536727905, "question": "Sam guessed the Input image is 99% Red bellied Woodpecker. Is it Red bellied Woodpecker?", "Accept/Reject": true, "type": "topK", "image-path": "./data/topK-exp-materials/189.Red_bellied_Woodpecker_11_5.jpeg", "user_decision": "YES", "user_id": "username-1p0df1go", "is_user_correct": true}, {"top1-label": "Common Yellowthroat", "top1-score": 0.999617338180542, "question": "Sam guessed the Input image is 99% Common Yellowthroat. Is it Common Yellowthroat?", "Accept/Reject": true, "type": "topK", "image-path": "./data/topK-exp-materials/200.Common_Yellowthroat_7_6.jpeg", "user_decision": "YES", "user_id": "username-1p0df1go", "is_user_correct": true}, {"top1-label": "Pelagic Cormorant", "top1-score": 0.11567337065935135, "question": "Sam guessed the Input image is 11% Pelagic Cormorant. Is it Pelagic Cormorant?", "Accept/Reject": false, "type": "topK", "image-path": "./data/topK-exp-materials/025.Pelagic_Cormorant_299_4.jpeg", "user_decision": "NO", "user_id": "username-1p0df1go", "is_user_correct": true}, {"top1-label": "Dark eyed Junco", "top1-score": 0.9977337718009949, "question": "Sam guessed the Input image is 99% Dark eyed Junco. Is it Dark eyed Junco?", "Accept/Reject": true, "type": "topK", "image-path": "./data/topK-exp-materials/076.Dark_eyed_Junco_12_7.jpeg", "user_decision": "YES", "user_id": "username-1p0df1go", "is_user_correct": true}, {"top1-label": "Yellow billed Cuckoo", "top1-score": 0.8087473511695862, "question": "Sam guessed the Input image is 80% Yellow billed Cuckoo. Is it Yellow billed Cuckoo?", "Accept/Reject": false, "type": "topK", "image-path": "./data/topK-exp-materials/031.Black_billed_Cuckoo_178_3.jpeg", "user_decision": "YES", "user_id": "username-1p0df1go", "is_user_correct": false}, {"top1-label": "Yellow billed Cuckoo", "top1-score": 0.9961761832237244, "question": "Sam guessed the Input image is 99% Yellow billed Cuckoo. Is it Yellow billed Cuckoo?", "Accept/Reject": true, "type": "topK", "image-path": "./data/topK-exp-materials/033.Yellow_billed_Cuckoo_41_7.jpeg", "user_decision": "YES", "user_id": "username-1p0df1go", "is_user_correct": true}, {"top1-label": "Western Wood Pewee", "top1-score": 0.5560365915298462, "question": "Sam guessed the Input image is 55% Western Wood Pewee. Is it Western Wood Pewee?", "Accept/Reject": false, "type": "topK", "image-path": "./data/topK-exp-materials/040.Olive_sided_Flycatcher_130_6.jpeg", "user_decision": "NO", "user_id": "username-1p0df1go", "is_user_correct": true}, {"top1-label": "Barn Swallow", "top1-score": 0.6707904934883118, "question": "Sam guessed the Input image is 67% Barn Swallow. Is it Barn Swallow?", "Accept/Reject": false, "type": "topK", "image-path": "./data/topK-exp-materials/137.Cliff_Swallow_0_7.jpeg", "user_decision": "YES", "user_id": "username-1p0df1go", "is_user_correct": false}, {"top1-label": "Brewer Blackbird", "top1-score": 0.20101840794086456, "question": "Sam guessed the Input image is 20% Brewer Blackbird. Is it Brewer Blackbird?", "Accept/Reject": false, "type": "topK", "image-path": "./data/topK-exp-materials/011.Rusty_Blackbird_165_7.jpeg", "user_decision": "NO", "user_id": "username-1p0df1go", "is_user_correct": true}, {"top1-label": "European Goldfinch", "top1-score": 0.9998984336853027, "question": "Sam guessed the Input image is 99% European Goldfinch. Is it European Goldfinch?", "Accept/Reject": true, "type": "topK", "image-path": "./data/topK-exp-materials/048.European_Goldfinch_10_5.jpeg", "user_decision": "YES", "user_id": "username-1p0df1go", "is_user_correct": true}, {"top1-label": "Horned Grebe", "top1-score": 0.9888243675231934, "question": "Sam guessed the Input image is 98% Horned Grebe. Is it Horned Grebe?", "Accept/Reject": true, "type": "topK", "image-path": "./data/topK-exp-materials/051.Horned_Grebe_41_2.jpeg", "user_decision": "YES", "user_id": "username-1p0df1go", "is_user_correct": true}, {"top1-label": "Winter Wren", "top1-score": 0.9872488379478455, "question": "Sam guessed the Input image is 98% Winter Wren. Is it Winter Wren?", "Accept/Reject": false, "type": "topK", "image-path": "./data/topK-exp-materials/196.House_Wren_288_3.jpeg", "user_decision": "YES", "user_id": "username-1p0df1go", "is_user_correct": false}, {"top1-label": "Northern Fulmar", "top1-score": 0.0986676961183548, "question": "Sam guessed the Input image is 9% Northern Fulmar. Is it Northern Fulmar?", "Accept/Reject": false, "type": "topK", "image-path": "./data/topK-exp-materials/084.Red_legged_Kittiwake_240_3.jpeg", "user_decision": "NO", "user_id": "username-1p0df1go", "is_user_correct": true}, {"top1-label": "Pigeon Guillemot", "top1-score": 0.9998881816864014, "question": "Sam guessed the Input image is 99% Pigeon Guillemot. Is it Pigeon Guillemot?", "Accept/Reject": true, "type": "topK", "image-path": "./data/topK-exp-materials/058.Pigeon_Guillemot_33_5.jpeg", "user_decision": "YES", "user_id": "username-1p0df1go", "is_user_correct": true}, {"top1-label": "Forsters Tern", "top1-score": 0.8975353837013245, "question": "Sam guessed the Input image is 89% Forsters Tern. Is it Forsters Tern?", "Accept/Reject": false, "type": "topK", "image-path": "./data/topK-exp-materials/144.Common_Tern_266_7.jpeg", "user_decision": "YES", "user_id": "username-1p0df1go", "is_user_correct": false}, {"top1-label": "Green tailed Towhee", "top1-score": 0.9980832934379578, "question": "Sam guessed the Input image is 99% Green tailed Towhee. Is it Green tailed Towhee?", "Accept/Reject": true, "type": "topK", "image-path": "./data/topK-exp-materials/148.Green_tailed_Towhee_24_2.jpeg", "user_decision": "NO", "user_id": "username-1p0df1go", "is_user_correct": false}, {"top1-label": "Whip poor Will", "top1-score": 0.9537695646286011, "question": "Sam guessed the Input image is 95% Whip poor Will. Is it Whip poor Will?", "Accept/Reject": true, "type": "topK", "image-path": "./data/topK-exp-materials/105.Whip_poor_Will_32_6.jpeg", "user_decision": "YES", "user_id": "username-1p0df1go", "is_user_correct": true}, {"top1-label": "Indigo Bunting", "top1-score": 0.9845351576805115, "question": "Sam guessed the Input image is 98% Indigo Bunting. Is it Indigo Bunting?", "Accept/Reject": false, "type": "topK", "image-path": "./data/topK-exp-materials/054.Blue_Grosbeak_165_5.jpeg", "user_decision": "NO", "user_id": "username-1p0df1go", "is_user_correct": true}, {"top1-label": "Nighthawk", "top1-score": 0.21802563965320587, "question": "Sam guessed the Input image is 21% Nighthawk. Is it Nighthawk?", "Accept/Reject": false, "type": "topK", "image-path": "./data/topK-exp-materials/194.Cactus_Wren_72_5.jpeg", "user_decision": "NO", "user_id": "username-1p0df1go", "is_user_correct": true}, {"top1-label": "Pacific Loon", "top1-score": 0.9266012907028198, "question": "Sam guessed the Input image is 92% Pacific Loon. Is it Pacific Loon?", "Accept/Reject": true, "type": "topK", "image-path": "./data/topK-exp-materials/086.Pacific_Loon_4_6.jpeg", "user_decision": "NO", "user_id": "username-1p0df1go", "is_user_correct": false}, {"top1-label": "Forsters Tern", "top1-score": 0.9874193072319031, "question": "Sam guessed the Input image is 98% Forsters Tern. Is it Forsters Tern?", "Accept/Reject": true, "type": "topK", "image-path": "./data/topK-exp-materials/146.Forsters_Tern_13_3.jpeg", "user_decision": "YES", "user_id": "username-1p0df1go", "is_user_correct": true}, {"top1-label": "Sayornis", "top1-score": 0.8903400897979736, "question": "Sam guessed the Input image is 89% Sayornis. Is it Sayornis?", "Accept/Reject": false, "type": "topK", "image-path": "./data/topK-exp-materials/102.Western_Wood_Pewee_304_7.jpeg", "user_decision": "NO", "user_id": "username-1p0df1go", "is_user_correct": true}, {"top1-label": "Brown Creeper", "top1-score": 0.9969831109046936, "question": "Sam guessed the Input image is 99% Brown Creeper. Is it Brown Creeper?", "Accept/Reject": true, "type": "topK", "image-path": "./data/topK-exp-materials/028.Brown_Creeper_28_6.jpeg", "user_decision": "NO", "user_id": "username-1p0df1go", "is_user_correct": false}]}