{"user_id": "TLW0054-noj6tmph", "time": 1706297439, "history": [{"top1-label": "Least Tern", "top1-score": 0.0247866902500391, "question": "Sam guessed the Input image is 2% Least Tern. Is it Least Tern?", "Accept/Reject": false, "type": "topK", "image-path": "./data/topK-exp-materials/147.Least_Tern_292_4.jpeg", "user_decision": "YES", "user_id": "TLW0054-noj6tmph", "is_user_correct": false}, {"top1-label": "Pileated Woodpecker", "top1-score": 0.9673041701316833, "question": "Sam guessed the Input image is 96% Pileated Woodpecker. Is it Pileated Woodpecker?", "Accept/Reject": true, "type": "topK", "image-path": "./data/topK-exp-materials/188.Pileated_Woodpecker_18_5.jpeg", "user_decision": "NO", "user_id": "TLW0054-noj6tmph", "is_user_correct": false}, {"top1-label": "House Sparrow", "top1-score": 0.5226640105247498, "question": "Sam guessed the Input image is 52% House Sparrow. Is it House Sparrow?", "Accept/Reject": false, "type": "topK", "image-path": "./data/topK-exp-materials/130.Tree_Sparrow_304_0.jpeg", "user_decision": "NO", "user_id": "TLW0054-noj6tmph", "is_user_correct": true}, {"top1-label": "Boat tailed Grackle", "top1-score": 0.9524627327919006, "question": "Sam guessed the Input image is 95% Boat tailed Grackle. Is it Boat tailed Grackle?", "Accept/Reject": false, "type": "topK", "image-path": "./data/topK-exp-materials/030.Fish_Crow_16_2.jpeg", "user_decision": "NO", "user_id": "TLW0054-noj6tmph", "is_user_correct": true}, {"top1-label": "Yellow billed Cuckoo", "top1-score": 0.9873858690261841, "question": "Sam guessed the Input image is 98% Yellow billed Cuckoo. Is it Yellow billed Cuckoo?", "Accept/Reject": false, "type": "topK", "image-path": "./data/topK-exp-materials/031.Black_billed_Cuckoo_88_5.jpeg", "user_decision": "NO", "user_id": "TLW0054-noj6tmph", "is_user_correct": true}, {"top1-label": "Brewer Blackbird", "top1-score": 0.1671334058046341, "question": "Sam guessed the Input image is 16% Brewer Blackbird. Is it Brewer Blackbird?", "Accept/Reject": false, "type": "topK", "image-path": "./data/topK-exp-materials/049.Boat_tailed_Grackle_41_1.jpeg", "user_decision": "NO", "user_id": "TLW0054-noj6tmph", "is_user_correct": true}, {"top1-label": "Least Tern", "top1-score": 0.17540134489536285, "question": "Sam guessed the Input image is 17% Least Tern. Is it Least Tern?", "Accept/Reject": false, "type": "topK", "image-path": "./data/topK-exp-materials/145.Elegant_Tern_287_0.jpeg", "user_decision": "NO", "user_id": "TLW0054-noj6tmph", "is_user_correct": true}, {"top1-label": "Groove billed Ani", "top1-score": 0.9968802332878113, "question": "Sam guessed the Input image is 99% Groove billed Ani. Is it Groove billed Ani?", "Accept/Reject": true, "type": "topK", "image-path": "./data/topK-exp-materials/004.Groove_billed_Ani_16_0.jpeg", "user_decision": "YES", "user_id": "TLW0054-noj6tmph", "is_user_correct": true}, {"top1-label": "Carolina Wren", "top1-score": 0.9924701452255249, "question": "Sam guessed the Input image is 99% Carolina Wren. Is it Carolina Wren?", "Accept/Reject": true, "type": "topK", "image-path": "./data/topK-exp-materials/195.Carolina_Wren_11_0.jpeg", "user_decision": "YES", "user_id": "TLW0054-noj6tmph", "is_user_correct": true}, {"top1-label": "Summer Tanager", "top1-score": 0.9969648718833923, "question": "Sam guessed the Input image is 99% Summer Tanager. Is it Summer Tanager?", "Accept/Reject": true, "type": "topK", "image-path": "./data/topK-exp-materials/140.Summer_Tanager_8_5.jpeg", "user_decision": "YES", "user_id": "TLW0054-noj6tmph", "is_user_correct": true}, {"top1-label": "Pelagic Cormorant", "top1-score": 0.0003454512625467032, "question": "Sam guessed the Input image is 0% Pelagic Cormorant. Is it Pelagic Cormorant?", "Accept/Reject": false, "type": "topK", "image-path": "./data/topK-exp-materials/004.Groove_billed_Ani_14_4.jpeg", "user_decision": "NO", "user_id": "TLW0054-noj6tmph", "is_user_correct": true}, {"top1-label": "Great Grey Shrike", "top1-score": 0.5692707896232605, "question": "Sam guessed the Input image is 56% Great Grey Shrike. Is it Great Grey Shrike?", "Accept/Reject": false, "type": "topK", "image-path": "./data/topK-exp-materials/111.Loggerhead_Shrike_79_2.jpeg", "user_decision": "NO", "user_id": "TLW0054-noj6tmph", "is_user_correct": true}, {"top1-label": "Sayornis", "top1-score": 0.6871577501296997, "question": "Sam guessed the Input image is 68% Sayornis. Is it Sayornis?", "Accept/Reject": true, "type": "topK", "image-path": "./data/topK-exp-materials/103.Sayornis_26_3.jpeg", "user_decision": "NO", "user_id": "TLW0054-noj6tmph", "is_user_correct": false}, {"top1-label": "Pelagic Cormorant", "top1-score": 0.11567337065935135, "question": "Sam guessed the Input image is 11% Pelagic Cormorant. Is it Pelagic Cormorant?", "Accept/Reject": false, "type": "topK", "image-path": "./data/topK-exp-materials/025.Pelagic_Cormorant_299_4.jpeg", "user_decision": "NO", "user_id": "TLW0054-noj6tmph", "is_user_correct": true}, {"top1-label": "Golden winged Warbler", "top1-score": 0.9821025729179382, "question": "Sam guessed the Input image is 98% Golden winged Warbler. Is it Golden winged Warbler?", "Accept/Reject": true, "type": "topK", "image-path": "./data/topK-exp-materials/166.Golden_winged_Warbler_36_2.jpeg", "user_decision": "YES", "user_id": "TLW0054-noj6tmph", "is_user_correct": true}, {"top1-label": "Common Raven", "top1-score": 0.3587762713432312, "question": "Sam guessed the Input image is 35% Common Raven. Is it Common Raven?", "Accept/Reject": false, "type": "topK", "image-path": "./data/topK-exp-materials/107.Common_Raven_220_1.jpeg", "user_decision": "NO", "user_id": "TLW0054-noj6tmph", "is_user_correct": true}, {"top1-label": "American Pipit", "top1-score": 0.9990557432174683, "question": "Sam guessed the Input image is 99% American Pipit. Is it American Pipit?", "Accept/Reject": true, "type": "topK", "image-path": "./data/topK-exp-materials/104.American_Pipit_39_2.jpeg", "user_decision": "NO", "user_id": "TLW0054-noj6tmph", "is_user_correct": false}, {"top1-label": "Herring Gull", "top1-score": 0.4243634343147278, "question": "Sam guessed the Input image is 42% Herring Gull. Is it Herring Gull?", "Accept/Reject": true, "type": "topK", "image-path": "./data/topK-exp-materials/062.Herring_Gull_29_4.jpeg", "user_decision": "NO", "user_id": "TLW0054-noj6tmph", "is_user_correct": false}, {"top1-label": "Henslow Sparrow", "top1-score": 0.9986403584480286, "question": "Sam guessed the Input image is 99% Henslow Sparrow. Is it Henslow Sparrow?", "Accept/Reject": true, "type": "topK", "image-path": "./data/topK-exp-materials/123.Henslow_Sparrow_36_7.jpeg", "user_decision": "NO", "user_id": "TLW0054-noj6tmph", "is_user_correct": false}, {"top1-label": "Nashville Warbler", "top1-score": 0.5769374370574951, "question": "Sam guessed the Input image is 57% Nashville Warbler. Is it Nashville Warbler?", "Accept/Reject": false, "type": "topK", "image-path": "./data/topK-exp-materials/167.Hooded_Warbler_54_6.jpeg", "user_decision": "NO", "user_id": "TLW0054-noj6tmph", "is_user_correct": true}, {"top1-label": "Summer Tanager", "top1-score": 0.9942187070846558, "question": "Sam guessed the Input image is 99% Summer Tanager. Is it Summer Tanager?", "Accept/Reject": true, "type": "topK", "image-path": "./data/topK-exp-materials/140.Summer_Tanager_36_3.jpeg", "user_decision": "NO", "user_id": "TLW0054-noj6tmph", "is_user_correct": false}, {"top1-label": "Purple Finch", "top1-score": 0.9866963028907776, "question": "Sam guessed the Input image is 98% Purple Finch. Is it Purple Finch?", "Accept/Reject": true, "type": "topK", "image-path": "./data/topK-exp-materials/035.Purple_Finch_38_2.jpeg", "user_decision": "YES", "user_id": "TLW0054-noj6tmph", "is_user_correct": true}, {"top1-label": "Blue Grosbeak", "top1-score": 0.004566745366901159, "question": "Sam guessed the Input image is 0% Blue Grosbeak. Is it Blue Grosbeak?", "Accept/Reject": false, "type": "topK", "image-path": "./data/topK-exp-materials/131.Vesper_Sparrow_275_7.jpeg", "user_decision": "NO", "user_id": "TLW0054-noj6tmph", "is_user_correct": true}, {"top1-label": "White crowned Sparrow", "top1-score": 0.4189143478870392, "question": "Sam guessed the Input image is 41% White crowned Sparrow. Is it White crowned Sparrow?", "Accept/Reject": false, "type": "topK", "image-path": "./data/topK-exp-materials/116.Chipping_Sparrow_116_1.jpeg", "user_decision": "YES", "user_id": "TLW0054-noj6tmph", "is_user_correct": false}, {"top1-label": "Florida Jay", "top1-score": 0.7980294823646545, "question": "Sam guessed the Input image is 79% Florida Jay. Is it Florida Jay?", "Accept/Reject": false, "type": "topK", "image-path": "./data/topK-exp-materials/073.Blue_Jay_127_7.jpeg", "user_decision": "NO", "user_id": "TLW0054-noj6tmph", "is_user_correct": true}, {"top1-label": "Horned Puffin", "top1-score": 0.9998202323913574, "question": "Sam guessed the Input image is 99% Horned Puffin. Is it Horned Puffin?", "Accept/Reject": true, "type": "topK", "image-path": "./data/topK-exp-materials/106.Horned_Puffin_15_6.jpeg", "user_decision": "NO", "user_id": "TLW0054-noj6tmph", "is_user_correct": false}, {"top1-label": "Common Yellowthroat", "top1-score": 0.999617338180542, "question": "Sam guessed the Input image is 99% Common Yellowthroat. Is it Common Yellowthroat?", "Accept/Reject": true, "type": "topK", "image-path": "./data/topK-exp-materials/200.Common_Yellowthroat_7_6.jpeg", "user_decision": "NO", "user_id": "TLW0054-noj6tmph", "is_user_correct": false}, {"top1-label": "Sayornis", "top1-score": 0.9290561676025391, "question": "Sam guessed the Input image is 92% Sayornis. Is it Sayornis?", "Accept/Reject": true, "type": "topK", "image-path": "./data/topK-exp-materials/103.Sayornis_40_0.jpeg", "user_decision": "YES", "user_id": "TLW0054-noj6tmph", "is_user_correct": true}, {"top1-label": "Western Gull", "top1-score": 0.4337826073169708, "question": "Sam guessed the Input image is 43% Western Gull. Is it Western Gull?", "Accept/Reject": false, "type": "topK", "image-path": "./data/topK-exp-materials/065.Slaty_backed_Gull_100_1.jpeg", "user_decision": "NO", "user_id": "TLW0054-noj6tmph", "is_user_correct": true}, {"top1-label": "Black capped Vireo", "top1-score": 0.9955455660820007, "question": "Sam guessed the Input image is 99% Black capped Vireo. Is it Black capped Vireo?", "Accept/Reject": true, "type": "topK", "image-path": "./data/topK-exp-materials/151.Black_capped_Vireo_32_1.jpeg", "user_decision": "YES", "user_id": "TLW0054-noj6tmph", "is_user_correct": false}]}