{"user_id": "jgs0057-8hku0iws", "time": 1706116303, "history": [{"top1-label": "Swainson Warbler", "top1-score": 0.18717005848884583, "question": "Sam guessed the Input image is 18% Swainson Warbler. Is it Swainson Warbler?", "Accept/Reject": false, "type": "topK", "image-path": "./data/topK-exp-materials/118.House_Sparrow_142_2.jpeg", "user_decision": "NO", "user_id": "jgs0057-8hku0iws", "is_user_correct": true}, {"top1-label": "Cedar Waxwing", "top1-score": 0.9406032562255859, "question": "Sam guessed the Input image is 94% Cedar Waxwing. Is it Cedar Waxwing?", "Accept/Reject": true, "type": "topK", "image-path": "./data/topK-exp-materials/186.Cedar_Waxwing_2_4.jpeg", "user_decision": "YES", "user_id": "jgs0057-8hku0iws", "is_user_correct": true}, {"top1-label": "Bank Swallow", "top1-score": 0.8895757794380188, "question": "Sam guessed the Input image is 88% Bank Swallow. Is it Bank Swallow?", "Accept/Reject": true, "type": "topK", "image-path": "./data/topK-exp-materials/135.Bank_Swallow_36_5.jpeg", "user_decision": "NO", "user_id": "jgs0057-8hku0iws", "is_user_correct": false}, {"top1-label": "Yellow Warbler", "top1-score": 0.999646008014679, "question": "Sam guessed the Input image is 99% Yellow Warbler. Is it Yellow Warbler?", "Accept/Reject": true, "type": "topK", "image-path": "./data/topK-exp-materials/182.Yellow_Warbler_9_4.jpeg", "user_decision": "YES", "user_id": "jgs0057-8hku0iws", "is_user_correct": true}, {"top1-label": "Gray Catbird", "top1-score": 0.5570996999740601, "question": "Sam guessed the Input image is 55% Gray Catbird. Is it Gray Catbird?", "Accept/Reject": false, "type": "topK", "image-path": "./data/topK-exp-materials/019.Gray_Catbird_148_6.jpeg", "user_decision": "YES", "user_id": "jgs0057-8hku0iws", "is_user_correct": false}, {"top1-label": "Lincoln Sparrow", "top1-score": 0.44258302450180054, "question": "Sam guessed the Input image is 44% Lincoln Sparrow. Is it Lincoln Sparrow?", "Accept/Reject": true, "type": "topK", "image-path": "./data/topK-exp-materials/125.Lincoln_Sparrow_25_6.jpeg", "user_decision": "NO", "user_id": "jgs0057-8hku0iws", "is_user_correct": false}, {"top1-label": "Sayornis", "top1-score": 0.3616830110549927, "question": "Sam guessed the Input image is 36% Sayornis. Is it Sayornis?", "Accept/Reject": true, "type": "topK", "image-path": "./data/topK-exp-materials/103.Sayornis_4_1.jpeg", "user_decision": "NO", "user_id": "jgs0057-8hku0iws", "is_user_correct": false}, {"top1-label": "White eyed Vireo", "top1-score": 0.9981279373168945, "question": "Sam guessed the Input image is 99% White eyed Vireo. Is it White eyed Vireo?", "Accept/Reject": false, "type": "topK", "image-path": "./data/topK-exp-materials/157.Yellow_throated_Vireo_184_6.jpeg", "user_decision": "NO", "user_id": "jgs0057-8hku0iws", "is_user_correct": true}, {"top1-label": "Florida Jay", "top1-score": 0.998314380645752, "question": "Sam guessed the Input image is 99% Florida Jay. Is it Florida Jay?", "Accept/Reject": true, "type": "topK", "image-path": "./data/topK-exp-materials/074.Florida_Jay_10_6.jpeg", "user_decision": "YES", "user_id": "jgs0057-8hku0iws", "is_user_correct": true}, {"top1-label": "Sage Thrasher", "top1-score": 0.5481979250907898, "question": "Sam guessed the Input image is 54% Sage Thrasher. Is it Sage Thrasher?", "Accept/Reject": false, "type": "topK", "image-path": "./data/topK-exp-materials/120.Fox_Sparrow_53_2.jpeg", "user_decision": "NO", "user_id": "jgs0057-8hku0iws", "is_user_correct": true}, {"top1-label": "Winter Wren", "top1-score": 0.0830085277557373, "question": "Sam guessed the Input image is 8% Winter Wren. Is it Winter Wren?", "Accept/Reject": false, "type": "topK", "image-path": "./data/topK-exp-materials/194.Cactus_Wren_126_0.jpeg", "user_decision": "NO", "user_id": "jgs0057-8hku0iws", "is_user_correct": true}, {"top1-label": "Dark eyed Junco", "top1-score": 0.9977337718009949, "question": "Sam guessed the Input image is 99% Dark eyed Junco. Is it Dark eyed Junco?", "Accept/Reject": true, "type": "topK", "image-path": "./data/topK-exp-materials/076.Dark_eyed_Junco_12_7.jpeg", "user_decision": "NO", "user_id": "jgs0057-8hku0iws", "is_user_correct": false}, {"top1-label": "Ring billed Gull", "top1-score": 0.5549193024635315, "question": "Sam guessed the Input image is 55% Ring billed Gull. Is it Ring billed Gull?", "Accept/Reject": false, "type": "topK", "image-path": "./data/topK-exp-materials/064.Ring_billed_Gull_163_5.jpeg", "user_decision": "NO", "user_id": "jgs0057-8hku0iws", "is_user_correct": true}, {"top1-label": "Henslow Sparrow", "top1-score": 0.6396999359130859, "question": "Sam guessed the Input image is 63% Henslow Sparrow. Is it Henslow Sparrow?", "Accept/Reject": false, "type": "topK", "image-path": "./data/topK-exp-materials/123.Henslow_Sparrow_236_7.jpeg", "user_decision": "NO", "user_id": "jgs0057-8hku0iws", "is_user_correct": true}, {"top1-label": "Geococcyx", "top1-score": 0.9741169810295105, "question": "Sam guessed the Input image is 97% Geococcyx. Is it Geococcyx?", "Accept/Reject": true, "type": "topK", "image-path": "./data/topK-exp-materials/110.Geococcyx_5_2.jpeg", "user_decision": "NO", "user_id": "jgs0057-8hku0iws", "is_user_correct": false}, {"top1-label": "Black Tern", "top1-score": 0.7361079454421997, "question": "Sam guessed the Input image is 73% Black Tern. Is it Black Tern?", "Accept/Reject": true, "type": "topK", "image-path": "./data/topK-exp-materials/142.Black_Tern_5_6.jpeg", "user_decision": "NO", "user_id": "jgs0057-8hku0iws", "is_user_correct": false}, {"top1-label": "Chuck will Widow", "top1-score": 0.7453331351280212, "question": "Sam guessed the Input image is 74% Chuck will Widow. Is it Chuck will Widow?", "Accept/Reject": false, "type": "topK", "image-path": "./data/topK-exp-materials/022.Chuck_will_Widow_35_4.jpeg", "user_decision": "YES", "user_id": "jgs0057-8hku0iws", "is_user_correct": false}, {"top1-label": "Sooty Albatross", "top1-score": 0.9955495595932007, "question": "Sam guessed the Input image is 99% Sooty Albatross. Is it Sooty Albatross?", "Accept/Reject": true, "type": "topK", "image-path": "./data/topK-exp-materials/003.Sooty_Albatross_9_1.jpeg", "user_decision": "YES", "user_id": "jgs0057-8hku0iws", "is_user_correct": true}, {"top1-label": "Herring Gull", "top1-score": 0.9046941995620728, "question": "Sam guessed the Input image is 90% Herring Gull. Is it Herring Gull?", "Accept/Reject": false, "type": "topK", "image-path": "./data/topK-exp-materials/065.Slaty_backed_Gull_220_3.jpeg", "user_decision": "YES", "user_id": "jgs0057-8hku0iws", "is_user_correct": false}, {"top1-label": "Pine Grosbeak", "top1-score": 3.802051651291549e-07, "question": "Sam guessed the Input image is 0% Pine Grosbeak. Is it Pine Grosbeak?", "Accept/Reject": false, "type": "topK", "image-path": "./data/topK-exp-materials/118.House_Sparrow_130_1.jpeg", "user_decision": "YES", "user_id": "jgs0057-8hku0iws", "is_user_correct": false}, {"top1-label": "Slaty backed Gull", "top1-score": 0.21087761223316193, "question": "Sam guessed the Input image is 21% Slaty backed Gull. Is it Slaty backed Gull?", "Accept/Reject": false, "type": "topK", "image-path": "./data/topK-exp-materials/066.Western_Gull_97_5.jpeg", "user_decision": "YES", "user_id": "jgs0057-8hku0iws", "is_user_correct": false}, {"top1-label": "Horned Puffin", "top1-score": 0.9992210865020752, "question": "Sam guessed the Input image is 99% Horned Puffin. Is it Horned Puffin?", "Accept/Reject": true, "type": "topK", "image-path": "./data/topK-exp-materials/106.Horned_Puffin_28_0.jpeg", "user_decision": "YES", "user_id": "jgs0057-8hku0iws", "is_user_correct": true}, {"top1-label": "Ruby throated Hummingbird", "top1-score": 0.5668950080871582, "question": "Sam guessed the Input image is 56% Ruby throated Hummingbird. Is it Ruby throated Hummingbird?", "Accept/Reject": true, "type": "topK", "image-path": "./data/topK-exp-materials/068.Ruby_throated_Hummingbird_21_4.jpeg", "user_decision": "YES", "user_id": "jgs0057-8hku0iws", "is_user_correct": true}, {"top1-label": "Yellow Warbler", "top1-score": 0.9994113445281982, "question": "Sam guessed the Input image is 99% Yellow Warbler. Is it Yellow Warbler?", "Accept/Reject": true, "type": "topK", "image-path": "./data/topK-exp-materials/182.Yellow_Warbler_1_4.jpeg", "user_decision": "YES", "user_id": "jgs0057-8hku0iws", "is_user_correct": true}, {"top1-label": "Western Wood Pewee", "top1-score": 0.42406296730041504, "question": "Sam guessed the Input image is 42% Western Wood Pewee. Is it Western Wood Pewee?", "Accept/Reject": false, "type": "topK", "image-path": "./data/topK-exp-materials/078.Gray_Kingbird_313_3.jpeg", "user_decision": "NO", "user_id": "jgs0057-8hku0iws", "is_user_correct": true}, {"top1-label": "Northern Flicker", "top1-score": 0.9632402062416077, "question": "Sam guessed the Input image is 96% Northern Flicker. Is it Northern Flicker?", "Accept/Reject": true, "type": "topK", "image-path": "./data/topK-exp-materials/036.Northern_Flicker_41_4.jpeg", "user_decision": "NO", "user_id": "jgs0057-8hku0iws", "is_user_correct": false}, {"top1-label": "Acadian Flycatcher", "top1-score": 0.10620121657848358, "question": "Sam guessed the Input image is 10% Acadian Flycatcher. Is it Acadian Flycatcher?", "Accept/Reject": false, "type": "topK", "image-path": "./data/topK-exp-materials/043.Yellow_bellied_Flycatcher_167_1.jpeg", "user_decision": "YES", "user_id": "jgs0057-8hku0iws", "is_user_correct": false}, {"top1-label": "Carolina Wren", "top1-score": 0.5807691216468811, "question": "Sam guessed the Input image is 58% Carolina Wren. Is it Carolina Wren?", "Accept/Reject": false, "type": "topK", "image-path": "./data/topK-exp-materials/193.Bewick_Wren_52_6.jpeg", "user_decision": "YES", "user_id": "jgs0057-8hku0iws", "is_user_correct": false}, {"top1-label": "Glaucous winged Gull", "top1-score": 0.011445143260061741, "question": "Sam guessed the Input image is 1% Glaucous winged Gull. Is it Glaucous winged Gull?", "Accept/Reject": false, "type": "topK", "image-path": "./data/topK-exp-materials/045.Northern_Fulmar_224_7.jpeg", "user_decision": "NO", "user_id": "jgs0057-8hku0iws", "is_user_correct": true}, {"top1-label": "Glaucous winged Gull", "top1-score": 0.684463620185852, "question": "Sam guessed the Input image is 68% Glaucous winged Gull. Is it Glaucous winged Gull?", "Accept/Reject": false, "type": "topK", "image-path": "./data/topK-exp-materials/065.Slaty_backed_Gull_180_1.jpeg", "user_decision": "NO", "user_id": "jgs0057-8hku0iws", "is_user_correct": false}]}