{
    "user_id": "ThieuBui-oyf7c",
    "time": 1705975307,
    "history": [
        {
            "top1-label": "Olive sided Flycatcher",
            "top1-score": 0.9082614183425903,
            "question": "Sam guessed the Input image is 90% Olive sided Flycatcher. Is it Olive sided Flycatcher?",
            "Accept/Reject": true,
            "type": "top1",
            "image-path": "./data/top1-exp-materials/040.Olive_sided_Flycatcher_2_0.jpeg",
            "user_decision": "YES",
            "user_id": "ThieuBui-oyf7c",
            "is_user_correct": true
        },
        {
            "top1-label": "Yellow throated Vireo",
            "top1-score": 0.19876627624034882,
            "question": "Sam guessed the Input image is 19% Yellow throated Vireo. Is it Yellow throated Vireo?",
            "Accept/Reject": false,
            "type": "top1",
            "image-path": "./data/top1-exp-materials/157.Yellow_throated_Vireo_57_5.jpeg",
            "user_decision": "YES",
            "user_id": "ThieuBui-oyf7c",
            "is_user_correct": false
        },
        {
            "top1-label": "Anna Hummingbird",
            "top1-score": 0.3595849871635437,
            "question": "Sam guessed the Input image is 35% Anna Hummingbird. Is it Anna Hummingbird?",
            "Accept/Reject": false,
            "type": "top1",
            "image-path": "./data/top1-exp-materials/068.Ruby_throated_Hummingbird_7_4.jpeg",
            "user_decision": "YES",
            "user_id": "ThieuBui-oyf7c",
            "is_user_correct": false
        },
        {
            "top1-label": "Palm Warbler",
            "top1-score": 0.5321394801139832,
            "question": "Sam guessed the Input image is 53% Palm Warbler. Is it Palm Warbler?",
            "Accept/Reject": false,
            "type": "top1",
            "image-path": "./data/top1-exp-materials/163.Cape_May_Warbler_188_3.jpeg",
            "user_decision": "NO",
            "user_id": "ThieuBui-oyf7c",
            "is_user_correct": true
        },
        {
            "top1-label": "Green Violetear",
            "top1-score": 0.9968419075012207,
            "question": "Sam guessed the Input image is 99% Green Violetear. Is it Green Violetear?",
            "Accept/Reject": true,
            "type": "top1",
            "image-path": "./data/top1-exp-materials/070.Green_Violetear_9_3.jpeg",
            "user_decision": "YES",
            "user_id": "ThieuBui-oyf7c",
            "is_user_correct": true
        },
        {
            "top1-label": "Ruby throated Hummingbird",
            "top1-score": 0.5295757055282593,
            "question": "Sam guessed the Input image is 52% Ruby throated Hummingbird. Is it Ruby throated Hummingbird?",
            "Accept/Reject": false,
            "type": "top1",
            "image-path": "./data/top1-exp-materials/069.Rufous_Hummingbird_315_1.jpeg",
            "user_decision": "YES",
            "user_id": "ThieuBui-oyf7c",
            "is_user_correct": false
        },
        {
            "top1-label": "Red bellied Woodpecker",
            "top1-score": 0.9989678859710693,
            "question": "Sam guessed the Input image is 99% Red bellied Woodpecker. Is it Red bellied Woodpecker?",
            "Accept/Reject": true,
            "type": "top1",
            "image-path": "./data/top1-exp-materials/189.Red_bellied_Woodpecker_2_7.jpeg",
            "user_decision": "YES",
            "user_id": "ThieuBui-oyf7c",
            "is_user_correct": true
        },
        {
            "top1-label": "Philadelphia Vireo",
            "top1-score": 0.0621122345328331,
            "question": "Sam guessed the Input image is 6% Philadelphia Vireo. Is it Philadelphia Vireo?",
            "Accept/Reject": false,
            "type": "top1",
            "image-path": "./data/top1-exp-materials/157.Yellow_throated_Vireo_226_4.jpeg",
            "user_decision": "NO",
            "user_id": "ThieuBui-oyf7c",
            "is_user_correct": true
        },
        {
            "top1-label": "Elegant Tern",
            "top1-score": 0.5195083618164062,
            "question": "Sam guessed the Input image is 51% Elegant Tern. Is it Elegant Tern?",
            "Accept/Reject": false,
            "type": "top1",
            "image-path": "./data/top1-exp-materials/143.Caspian_Tern_110_2.jpeg",
            "user_decision": "YES",
            "user_id": "ThieuBui-oyf7c",
            "is_user_correct": false
        },
        {
            "top1-label": "Great Grey Shrike",
            "top1-score": 0.07784516364336014,
            "question": "Sam guessed the Input image is 7% Great Grey Shrike. Is it Great Grey Shrike?",
            "Accept/Reject": true,
            "type": "top1",
            "image-path": "./data/top1-exp-materials/112.Great_Grey_Shrike_19_4.jpeg",
            "user_decision": "YES",
            "user_id": "ThieuBui-oyf7c",
            "is_user_correct": true
        },
        {
            "top1-label": "Nighthawk",
            "top1-score": 0.9906159043312073,
            "question": "Sam guessed the Input image is 99% Nighthawk. Is it Nighthawk?",
            "Accept/Reject": true,
            "type": "top1",
            "image-path": "./data/top1-exp-materials/092.Nighthawk_12_3.jpeg",
            "user_decision": "YES",
            "user_id": "ThieuBui-oyf7c",
            "is_user_correct": true
        },
        {
            "top1-label": "Cedar Waxwing",
            "top1-score": 0.9406032562255859,
            "question": "Sam guessed the Input image is 94% Cedar Waxwing. Is it Cedar Waxwing?",
            "Accept/Reject": true,
            "type": "top1",
            "image-path": "./data/top1-exp-materials/186.Cedar_Waxwing_2_4.jpeg",
            "user_decision": "YES",
            "user_id": "ThieuBui-oyf7c",
            "is_user_correct": true
        },
        {
            "top1-label": "Red bellied Woodpecker",
            "top1-score": 0.9962543249130249,
            "question": "Sam guessed the Input image is 99% Red bellied Woodpecker. Is it Red bellied Woodpecker?",
            "Accept/Reject": true,
            "type": "top1",
            "image-path": "./data/top1-exp-materials/189.Red_bellied_Woodpecker_32_0.jpeg",
            "user_decision": "YES",
            "user_id": "ThieuBui-oyf7c",
            "is_user_correct": true
        },
        {
            "top1-label": "Philadelphia Vireo",
            "top1-score": 0.08951704204082489,
            "question": "Sam guessed the Input image is 8% Philadelphia Vireo. Is it Philadelphia Vireo?",
            "Accept/Reject": false,
            "type": "top1",
            "image-path": "./data/top1-exp-materials/033.Yellow_billed_Cuckoo_49_7.jpeg",
            "user_decision": "NO",
            "user_id": "ThieuBui-oyf7c",
            "is_user_correct": true
        },
        {
            "top1-label": "Caspian Tern",
            "top1-score": 0.9223760962486267,
            "question": "Sam guessed the Input image is 92% Caspian Tern. Is it Caspian Tern?",
            "Accept/Reject": true,
            "type": "top1",
            "image-path": "./data/top1-exp-materials/143.Caspian_Tern_28_7.jpeg",
            "user_decision": "YES",
            "user_id": "ThieuBui-oyf7c",
            "is_user_correct": true
        },
        {
            "top1-label": "Wilson Warbler",
            "top1-score": 0.9902165532112122,
            "question": "Sam guessed the Input image is 99% Wilson Warbler. Is it Wilson Warbler?",
            "Accept/Reject": true,
            "type": "top1",
            "image-path": "./data/top1-exp-materials/180.Wilson_Warbler_8_1.jpeg",
            "user_decision": "YES",
            "user_id": "ThieuBui-oyf7c",
            "is_user_correct": true
        },
        {
            "top1-label": "Pied Kingfisher",
            "top1-score": 0.999788224697113,
            "question": "Sam guessed the Input image is 99% Pied Kingfisher. Is it Pied Kingfisher?",
            "Accept/Reject": true,
            "type": "top1",
            "image-path": "./data/top1-exp-materials/081.Pied_Kingfisher_2_1.jpeg",
            "user_decision": "YES",
            "user_id": "ThieuBui-oyf7c",
            "is_user_correct": true
        },
        {
            "top1-label": "Orange crowned Warbler",
            "top1-score": 0.4099368751049042,
            "question": "Sam guessed the Input image is 40% Orange crowned Warbler. Is it Orange crowned Warbler?",
            "Accept/Reject": false,
            "type": "top1",
            "image-path": "./data/top1-exp-materials/179.Tennessee_Warbler_39_6.jpeg",
            "user_decision": "YES",
            "user_id": "ThieuBui-oyf7c",
            "is_user_correct": false
        },
        {
            "top1-label": "Loggerhead Shrike",
            "top1-score": 0.3784658908843994,
            "question": "Sam guessed the Input image is 37% Loggerhead Shrike. Is it Loggerhead Shrike?",
            "Accept/Reject": false,
            "type": "top1",
            "image-path": "./data/top1-exp-materials/112.Great_Grey_Shrike_137_3.jpeg",
            "user_decision": "YES",
            "user_id": "ThieuBui-oyf7c",
            "is_user_correct": false
        },
        {
            "top1-label": "Least Flycatcher",
            "top1-score": 0.594859778881073,
            "question": "Sam guessed the Input image is 59% Least Flycatcher. Is it Least Flycatcher?",
            "Accept/Reject": true,
            "type": "top1",
            "image-path": "./data/top1-exp-materials/039.Least_Flycatcher_32_5.jpeg",
            "user_decision": "YES",
            "user_id": "ThieuBui-oyf7c",
            "is_user_correct": true
        },
        {
            "top1-label": "Sayornis",
            "top1-score": 0.7387324571609497,
            "question": "Sam guessed the Input image is 73% Sayornis. Is it Sayornis?",
            "Accept/Reject": false,
            "type": "top1",
            "image-path": "./data/top1-exp-materials/175.Pine_Warbler_291_0.jpeg",
            "user_decision": "YES",
            "user_id": "ThieuBui-oyf7c",
            "is_user_correct": false
        },
        {
            "top1-label": "Olive sided Flycatcher",
            "top1-score": 0.4244944751262665,
            "question": "Sam guessed the Input image is 42% Olive sided Flycatcher. Is it Olive sided Flycatcher?",
            "Accept/Reject": false,
            "type": "top1",
            "image-path": "./data/top1-exp-materials/078.Gray_Kingbird_238_7.jpeg",
            "user_decision": "NO",
            "user_id": "ThieuBui-oyf7c",
            "is_user_correct": true
        },
        {
            "top1-label": "Western Meadowlark",
            "top1-score": 0.9992865324020386,
            "question": "Sam guessed the Input image is 99% Western Meadowlark. Is it Western Meadowlark?",
            "Accept/Reject": true,
            "type": "top1",
            "image-path": "./data/top1-exp-materials/088.Western_Meadowlark_30_7.jpeg",
            "user_decision": "YES",
            "user_id": "ThieuBui-oyf7c",
            "is_user_correct": true
        },
        {
            "top1-label": "Gray crowned Rosy Finch",
            "top1-score": 0.28590622544288635,
            "question": "Sam guessed the Input image is 28% Gray crowned Rosy Finch. Is it Gray crowned Rosy Finch?",
            "Accept/Reject": false,
            "type": "top1",
            "image-path": "./data/top1-exp-materials/089.Hooded_Merganser_198_7.jpeg",
            "user_decision": "YES",
            "user_id": "ThieuBui-oyf7c",
            "is_user_correct": false
        },
        {
            "top1-label": "Wilson Warbler",
            "top1-score": 0.5873866081237793,
            "question": "Sam guessed the Input image is 58% Wilson Warbler. Is it Wilson Warbler?",
            "Accept/Reject": false,
            "type": "top1",
            "image-path": "./data/top1-exp-materials/167.Hooded_Warbler_149_2.jpeg",
            "user_decision": "YES",
            "user_id": "ThieuBui-oyf7c",
            "is_user_correct": false
        },
        {
            "top1-label": "White crowned Sparrow",
            "top1-score": 0.4189143478870392,
            "question": "Sam guessed the Input image is 41% White crowned Sparrow. Is it White crowned Sparrow?",
            "Accept/Reject": false,
            "type": "top1",
            "image-path": "./data/top1-exp-materials/116.Chipping_Sparrow_116_1.jpeg",
            "user_decision": "NO",
            "user_id": "ThieuBui-oyf7c",
            "is_user_correct": true
        },
        {
            "top1-label": "Belted Kingfisher",
            "top1-score": 0.9831908345222473,
            "question": "Sam guessed the Input image is 98% Belted Kingfisher. Is it Belted Kingfisher?",
            "Accept/Reject": false,
            "type": "top1",
            "image-path": "./data/top1-exp-materials/080.Green_Kingfisher_61_1.jpeg",
            "user_decision": "YES",
            "user_id": "ThieuBui-oyf7c",
            "is_user_correct": false
        },
        {
            "top1-label": "Henslow Sparrow",
            "top1-score": 0.9986403584480286,
            "question": "Sam guessed the Input image is 99% Henslow Sparrow. Is it Henslow Sparrow?",
            "Accept/Reject": true,
            "type": "top1",
            "image-path": "./data/top1-exp-materials/123.Henslow_Sparrow_36_7.jpeg",
            "user_decision": "YES",
            "user_id": "ThieuBui-oyf7c",
            "is_user_correct": true
        },
        {
            "top1-label": "Fish Crow",
            "top1-score": 0.34801560640335083,
            "question": "Sam guessed the Input image is 34% Fish Crow. Is it Fish Crow?",
            "Accept/Reject": false,
            "type": "top1",
            "image-path": "./data/top1-exp-materials/011.Rusty_Blackbird_56_7.jpeg",
            "user_decision": "NO",
            "user_id": "ThieuBui-oyf7c",
            "is_user_correct": true
        },
        {
            "top1-label": "Pomarine Jaeger",
            "top1-score": 0.15239176154136658,
            "question": "Sam guessed the Input image is 15% Pomarine Jaeger. Is it Pomarine Jaeger?",
            "Accept/Reject": false,
            "type": "top1",
            "image-path": "./data/top1-exp-materials/086.Pacific_Loon_203_3.jpeg",
            "user_decision": "NO",
            "user_id": "ThieuBui-oyf7c",
            "is_user_correct": false
        }
    ]
}