{"user_id": "cab0186-9bg249u9", "time": 1706220746, "history": [{"top1-label": "Pelagic Cormorant", "top1-score": 0.6628124713897705, "question": "Sam guessed the Input image is 66% Pelagic Cormorant. Is it Pelagic Cormorant?", "Accept/Reject": true, "type": "top1", "image-path": "./data/top1-exp-materials/025.Pelagic_Cormorant_4_5.jpeg", "user_decision": "YES", "user_id": "cab0186-9bg249u9", "is_user_correct": true}, {"top1-label": "Cliff Swallow", "top1-score": 0.009474165737628937, "question": "Sam guessed the Input image is 0% Cliff Swallow. Is it Cliff Swallow?", "Accept/Reject": false, "type": "top1", "image-path": "./data/top1-exp-materials/044.Frigatebird_62_5.jpeg", "user_decision": "NO", "user_id": "cab0186-9bg249u9", "is_user_correct": true}, {"top1-label": "California Gull", "top1-score": 0.6841210126876831, "question": "Sam guessed the Input image is 68% California Gull. Is it California Gull?", "Accept/Reject": false, "type": "top1", "image-path": "./data/top1-exp-materials/062.Herring_Gull_27_0.jpeg", "user_decision": "YES", "user_id": "cab0186-9bg249u9", "is_user_correct": false}, {"top1-label": "Nashville Warbler", "top1-score": 0.5769374370574951, "question": "Sam guessed the Input image is 57% Nashville Warbler. Is it Nashville Warbler?", "Accept/Reject": false, "type": "top1", "image-path": "./data/top1-exp-materials/167.Hooded_Warbler_54_6.jpeg", "user_decision": "YES", "user_id": "cab0186-9bg249u9", "is_user_correct": false}, {"top1-label": "California Gull", "top1-score": 0.4884081184864044, "question": "Sam guessed the Input image is 48% California Gull. Is it California Gull?", "Accept/Reject": true, "type": "top1", "image-path": "./data/top1-exp-materials/059.California_Gull_6_5.jpeg", "user_decision": "YES", "user_id": "cab0186-9bg249u9", "is_user_correct": true}, {"top1-label": "Pacific Loon", "top1-score": 0.9999160766601562, "question": "Sam guessed the Input image is 99% Pacific Loon. Is it Pacific Loon?", "Accept/Reject": true, "type": "top1", "image-path": "./data/top1-exp-materials/086.Pacific_Loon_14_0.jpeg", "user_decision": "YES", "user_id": "cab0186-9bg249u9", "is_user_correct": true}, {"top1-label": "Harris Sparrow", "top1-score": 0.9989872574806213, "question": "Sam guessed the Input image is 99% Harris Sparrow. Is it Harris Sparrow?", "Accept/Reject": true, "type": "top1", "image-path": "./data/top1-exp-materials/122.Harris_Sparrow_11_2.jpeg", "user_decision": "YES", "user_id": "cab0186-9bg249u9", "is_user_correct": true}, {"top1-label": "Red bellied Woodpecker", "top1-score": 0.9978450536727905, "question": "Sam guessed the Input image is 99% Red bellied Woodpecker. Is it Red bellied Woodpecker?", "Accept/Reject": true, "type": "top1", "image-path": "./data/top1-exp-materials/189.Red_bellied_Woodpecker_11_5.jpeg", "user_decision": "YES", "user_id": "cab0186-9bg249u9", "is_user_correct": true}, {"top1-label": "Crested Auklet", "top1-score": 0.8699074387550354, "question": "Sam guessed the Input image is 86% Crested Auklet. Is it Crested Auklet?", "Accept/Reject": true, "type": "top1", "image-path": "./data/top1-exp-materials/005.Crested_Auklet_6_7.jpeg", "user_decision": "YES", "user_id": "cab0186-9bg249u9", "is_user_correct": true}, {"top1-label": "Elegant Tern", "top1-score": 0.5819884538650513, "question": "Sam guessed the Input image is 58% Elegant Tern. Is it Elegant Tern?", "Accept/Reject": false, "type": "top1", "image-path": "./data/top1-exp-materials/147.Least_Tern_247_1.jpeg", "user_decision": "YES", "user_id": "cab0186-9bg249u9", "is_user_correct": false}, {"top1-label": "Scissor tailed Flycatcher", "top1-score": 0.998297929763794, "question": "Sam guessed the Input image is 99% Scissor tailed Flycatcher. Is it Scissor tailed Flycatcher?", "Accept/Reject": true, "type": "top1", "image-path": "./data/top1-exp-materials/041.Scissor_tailed_Flycatcher_19_1.jpeg", "user_decision": "YES", "user_id": "cab0186-9bg249u9", "is_user_correct": true}, {"top1-label": "Clark Nutcracker", "top1-score": 0.9964558482170105, "question": "Sam guessed the Input image is 99% Clark Nutcracker. Is it Clark Nutcracker?", "Accept/Reject": true, "type": "top1", "image-path": "./data/top1-exp-materials/093.Clark_Nutcracker_27_7.jpeg", "user_decision": "YES", "user_id": "cab0186-9bg249u9", "is_user_correct": true}, {"top1-label": "Yellow Warbler", "top1-score": 0.9994113445281982, "question": "Sam guessed the Input image is 99% Yellow Warbler. Is it Yellow Warbler?", "Accept/Reject": true, "type": "top1", "image-path": "./data/top1-exp-materials/182.Yellow_Warbler_1_4.jpeg", "user_decision": "YES", "user_id": "cab0186-9bg249u9", "is_user_correct": true}, {"top1-label": "Golden winged Warbler", "top1-score": 0.9980595707893372, "question": "Sam guessed the Input image is 99% Golden winged Warbler. Is it Golden winged Warbler?", "Accept/Reject": true, "type": "top1", "image-path": "./data/top1-exp-materials/166.Golden_winged_Warbler_0_5.jpeg", "user_decision": "YES", "user_id": "cab0186-9bg249u9", "is_user_correct": true}, {"top1-label": "Summer Tanager", "top1-score": 0.9453678727149963, "question": "Sam guessed the Input image is 94% Summer Tanager. Is it Summer Tanager?", "Accept/Reject": true, "type": "top1", "image-path": "./data/top1-exp-materials/140.Summer_Tanager_8_2.jpeg", "user_decision": "YES", "user_id": "cab0186-9bg249u9", "is_user_correct": true}, {"top1-label": "Myrtle Warbler", "top1-score": 0.8992643356323242, "question": "Sam guessed the Input image is 89% Myrtle Warbler. Is it Myrtle Warbler?", "Accept/Reject": true, "type": "top1", "image-path": "./data/top1-exp-materials/171.Myrtle_Warbler_14_7.jpeg", "user_decision": "YES", "user_id": "cab0186-9bg249u9", "is_user_correct": true}, {"top1-label": "Yellow billed Cuckoo", "top1-score": 0.07804844528436661, "question": "Sam guessed the Input image is 7% Yellow billed Cuckoo. Is it Yellow billed Cuckoo?", "Accept/Reject": false, "type": "top1", "image-path": "./data/top1-exp-materials/083.White_breasted_Kingfisher_52_1.jpeg", "user_decision": "NO", "user_id": "cab0186-9bg249u9", "is_user_correct": true}, {"top1-label": "Eared Grebe", "top1-score": 0.998218834400177, "question": "Sam guessed the Input image is 99% Eared Grebe. Is it Eared Grebe?", "Accept/Reject": true, "type": "top1", "image-path": "./data/top1-exp-materials/050.Eared_Grebe_16_7.jpeg", "user_decision": "YES", "user_id": "cab0186-9bg249u9", "is_user_correct": true}, {"top1-label": "Acadian Flycatcher", "top1-score": 0.28548839688301086, "question": "Sam guessed the Input image is 28% Acadian Flycatcher. Is it Acadian Flycatcher?", "Accept/Reject": false, "type": "top1", "image-path": "./data/top1-exp-materials/037.Acadian_Flycatcher_148_7.jpeg", "user_decision": "YES", "user_id": "cab0186-9bg249u9", "is_user_correct": false}, {"top1-label": "Indigo Bunting", "top1-score": 0.9573527574539185, "question": "Sam guessed the Input image is 95% Indigo Bunting. Is it Indigo Bunting?", "Accept/Reject": false, "type": "top1", "image-path": "./data/top1-exp-materials/054.Blue_Grosbeak_128_4.jpeg", "user_decision": "YES", "user_id": "cab0186-9bg249u9", "is_user_correct": false}, {"top1-label": "Tree Swallow", "top1-score": 0.4365893304347992, "question": "Sam guessed the Input image is 43% Tree Swallow. Is it Tree Swallow?", "Accept/Reject": false, "type": "top1", "image-path": "./data/top1-exp-materials/135.Bank_Swallow_188_0.jpeg", "user_decision": "NO", "user_id": "cab0186-9bg249u9", "is_user_correct": true}, {"top1-label": "Chuck will Widow", "top1-score": 0.7453331351280212, "question": "Sam guessed the Input image is 74% Chuck will Widow. Is it Chuck will Widow?", "Accept/Reject": false, "type": "top1", "image-path": "./data/top1-exp-materials/022.Chuck_will_Widow_35_4.jpeg", "user_decision": "YES", "user_id": "cab0186-9bg249u9", "is_user_correct": false}, {"top1-label": "Magnolia Warbler", "top1-score": 0.6683002710342407, "question": "Sam guessed the Input image is 66% Magnolia Warbler. Is it Magnolia Warbler?", "Accept/Reject": false, "type": "top1", "image-path": "./data/top1-exp-materials/152.Blue_headed_Vireo_272_4.jpeg", "user_decision": "YES", "user_id": "cab0186-9bg249u9", "is_user_correct": false}, {"top1-label": "Herring Gull", "top1-score": 0.4243634343147278, "question": "Sam guessed the Input image is 42% Herring Gull. Is it Herring Gull?", "Accept/Reject": true, "type": "top1", "image-path": "./data/top1-exp-materials/062.Herring_Gull_29_4.jpeg", "user_decision": "YES", "user_id": "cab0186-9bg249u9", "is_user_correct": true}, {"top1-label": "Spotted Catbird", "top1-score": 0.5402554273605347, "question": "Sam guessed the Input image is 54% Spotted Catbird. Is it Spotted Catbird?", "Accept/Reject": true, "type": "top1", "image-path": "./data/top1-exp-materials/018.Spotted_Catbird_38_7.jpeg", "user_decision": "YES", "user_id": "cab0186-9bg249u9", "is_user_correct": true}, {"top1-label": "Red bellied Woodpecker", "top1-score": 0.9962543249130249, "question": "Sam guessed the Input image is 99% Red bellied Woodpecker. Is it Red bellied Woodpecker?", "Accept/Reject": true, "type": "top1", "image-path": "./data/top1-exp-materials/189.Red_bellied_Woodpecker_32_0.jpeg", "user_decision": "YES", "user_id": "cab0186-9bg249u9", "is_user_correct": true}, {"top1-label": "Pied Kingfisher", "top1-score": 0.999788224697113, "question": "Sam guessed the Input image is 99% Pied Kingfisher. Is it Pied Kingfisher?", "Accept/Reject": true, "type": "top1", "image-path": "./data/top1-exp-materials/081.Pied_Kingfisher_2_1.jpeg", "user_decision": "YES", "user_id": "cab0186-9bg249u9", "is_user_correct": true}, {"top1-label": "Common Tern", "top1-score": 0.38810494542121887, "question": "Sam guessed the Input image is 38% Common Tern. Is it Common Tern?", "Accept/Reject": false, "type": "top1", "image-path": "./data/top1-exp-materials/142.Black_Tern_50_1.jpeg", "user_decision": "YES", "user_id": "cab0186-9bg249u9", "is_user_correct": false}, {"top1-label": "Groove billed Ani", "top1-score": 0.11780327558517456, "question": "Sam guessed the Input image is 11% Groove billed Ani. Is it Groove billed Ani?", "Accept/Reject": false, "type": "top1", "image-path": "./data/top1-exp-materials/108.White_necked_Raven_193_1.jpeg", "user_decision": "NO", "user_id": "cab0186-9bg249u9", "is_user_correct": true}, {"top1-label": "Pelagic Cormorant", "top1-score": 0.0003454512625467032, "question": "Sam guessed the Input image is 0% Pelagic Cormorant. Is it Pelagic Cormorant?", "Accept/Reject": false, "type": "top1", "image-path": "./data/top1-exp-materials/004.Groove_billed_Ani_14_4.jpeg", "user_decision": "NO", "user_id": "cab0186-9bg249u9", "is_user_correct": false}]}