{"user_id": "alireza-s1gnsne3", "time": 1706070209, "history": [{"top1-label": "Tree Sparrow", "top1-score": 0.18167060613632202, "question": "Sam guessed the Input image is 18% Tree Sparrow. Is it Tree Sparrow?", "Accept/Reject": true, "type": "top1", "image-path": "./data/top1-exp-materials/130.Tree_Sparrow_28_5.jpeg", "user_decision": "YES", "user_id": "alireza-s1gnsne3", "is_user_correct": true}, {"top1-label": "Savannah Sparrow", "top1-score": 0.9887744784355164, "question": "Sam guessed the Input image is 98% Savannah Sparrow. Is it Savannah Sparrow?", "Accept/Reject": true, "type": "top1", "image-path": "./data/top1-exp-materials/127.Savannah_Sparrow_32_7.jpeg", "user_decision": "YES", "user_id": "alireza-s1gnsne3", "is_user_correct": true}, {"top1-label": "Sayornis", "top1-score": 0.27957114577293396, "question": "Sam guessed the Input image is 27% Sayornis. Is it Sayornis?", "Accept/Reject": false, "type": "top1", "image-path": "./data/top1-exp-materials/049.Boat_tailed_Grackle_112_4.jpeg", "user_decision": "NO", "user_id": "alireza-s1gnsne3", "is_user_correct": true}, {"top1-label": "Olive sided Flycatcher", "top1-score": 0.995051920413971, "question": "Sam guessed the Input image is 99% Olive sided Flycatcher. Is it Olive sided Flycatcher?", "Accept/Reject": true, "type": "top1", "image-path": "./data/top1-exp-materials/040.Olive_sided_Flycatcher_8_6.jpeg", "user_decision": "YES", "user_id": "alireza-s1gnsne3", "is_user_correct": true}, {"top1-label": "Le Conte Sparrow", "top1-score": 0.13458998501300812, "question": "Sam guessed the Input image is 13% Le Conte Sparrow. Is it Le Conte Sparrow?", "Accept/Reject": false, "type": "top1", "image-path": "./data/top1-exp-materials/123.Henslow_Sparrow_260_0.jpeg", "user_decision": "YES", "user_id": "alireza-s1gnsne3", "is_user_correct": false}, {"top1-label": "Tennessee Warbler", "top1-score": 0.008046912960708141, "question": "Sam guessed the Input image is 0% Tennessee Warbler. Is it Tennessee Warbler?", "Accept/Reject": false, "type": "top1", "image-path": "./data/top1-exp-materials/178.Swainson_Warbler_36_0.jpeg", "user_decision": "YES", "user_id": "alireza-s1gnsne3", "is_user_correct": false}, {"top1-label": "Least Flycatcher", "top1-score": 0.6245332956314087, "question": "Sam guessed the Input image is 62% Least Flycatcher. Is it Least Flycatcher?", "Accept/Reject": false, "type": "top1", "image-path": "./data/top1-exp-materials/039.Least_Flycatcher_194_0.jpeg", "user_decision": "NO", "user_id": "alireza-s1gnsne3", "is_user_correct": true}, {"top1-label": "White breasted Nuthatch", "top1-score": 0.9977145195007324, "question": "Sam guessed the Input image is 99% White breasted Nuthatch. Is it White breasted Nuthatch?", "Accept/Reject": true, "type": "top1", "image-path": "./data/top1-exp-materials/094.White_breasted_Nuthatch_15_5.jpeg", "user_decision": "YES", "user_id": "alireza-s1gnsne3", "is_user_correct": true}, {"top1-label": "Mockingbird", "top1-score": 0.9933949112892151, "question": "Sam guessed the Input image is 99% Mockingbird. Is it Mockingbird?", "Accept/Reject": false, "type": "top1", "image-path": "./data/top1-exp-materials/150.Sage_Thrasher_71_6.jpeg", "user_decision": "YES", "user_id": "alireza-s1gnsne3", "is_user_correct": false}, {"top1-label": "Lincoln Sparrow", "top1-score": 0.5568255186080933, "question": "Sam guessed the Input image is 55% Lincoln Sparrow. Is it Lincoln Sparrow?", "Accept/Reject": false, "type": "top1", "image-path": "./data/top1-exp-materials/104.American_Pipit_191_6.jpeg", "user_decision": "YES", "user_id": "alireza-s1gnsne3", "is_user_correct": false}, {"top1-label": "Spotted Catbird", "top1-score": 0.04556488245725632, "question": "Sam guessed the Input image is 4% Spotted Catbird. Is it Spotted Catbird?", "Accept/Reject": false, "type": "top1", "image-path": "./data/top1-exp-materials/130.Tree_Sparrow_25_0.jpeg", "user_decision": "NO", "user_id": "alireza-s1gnsne3", "is_user_correct": true}, {"top1-label": "White crowned Sparrow", "top1-score": 0.5723037123680115, "question": "Sam guessed the Input image is 57% White crowned Sparrow. Is it White crowned Sparrow?", "Accept/Reject": true, "type": "top1", "image-path": "./data/top1-exp-materials/132.White_crowned_Sparrow_24_1.jpeg", "user_decision": "YES", "user_id": "alireza-s1gnsne3", "is_user_correct": true}, {"top1-label": "American Redstart", "top1-score": 0.9998478889465332, "question": "Sam guessed the Input image is 99% American Redstart. Is it American Redstart?", "Accept/Reject": true, "type": "top1", "image-path": "./data/top1-exp-materials/109.American_Redstart_26_2.jpeg", "user_decision": "YES", "user_id": "alireza-s1gnsne3", "is_user_correct": true}, {"top1-label": "Pomarine Jaeger", "top1-score": 0.990095853805542, "question": "Sam guessed the Input image is 99% Pomarine Jaeger. Is it Pomarine Jaeger?", "Accept/Reject": false, "type": "top1", "image-path": "./data/top1-exp-materials/071.Long_tailed_Jaeger_2_2.jpeg", "user_decision": "YES", "user_id": "alireza-s1gnsne3", "is_user_correct": false}, {"top1-label": "Boat tailed Grackle", "top1-score": 0.9524627327919006, "question": "Sam guessed the Input image is 95% Boat tailed Grackle. Is it Boat tailed Grackle?", "Accept/Reject": false, "type": "top1", "image-path": "./data/top1-exp-materials/030.Fish_Crow_16_2.jpeg", "user_decision": "YES", "user_id": "alireza-s1gnsne3", "is_user_correct": false}, {"top1-label": "Cedar Waxwing", "top1-score": 0.9981143474578857, "question": "Sam guessed the Input image is 99% Cedar Waxwing. Is it Cedar Waxwing?", "Accept/Reject": true, "type": "top1", "image-path": "./data/top1-exp-materials/186.Cedar_Waxwing_39_1.jpeg", "user_decision": "YES", "user_id": "alireza-s1gnsne3", "is_user_correct": true}, {"top1-label": "Caspian Tern", "top1-score": 0.9471862316131592, "question": "Sam guessed the Input image is 94% Caspian Tern. Is it Caspian Tern?", "Accept/Reject": false, "type": "top1", "image-path": "./data/top1-exp-materials/145.Elegant_Tern_216_1.jpeg", "user_decision": "YES", "user_id": "alireza-s1gnsne3", "is_user_correct": false}, {"top1-label": "Brandt Cormorant", "top1-score": 0.8920263051986694, "question": "Sam guessed the Input image is 89% Brandt Cormorant. Is it Brandt Cormorant?", "Accept/Reject": true, "type": "top1", "image-path": "./data/top1-exp-materials/023.Brandt_Cormorant_7_7.jpeg", "user_decision": "YES", "user_id": "alireza-s1gnsne3", "is_user_correct": true}, {"top1-label": "White crowned Sparrow", "top1-score": 0.9832040071487427, "question": "Sam guessed the Input image is 98% White crowned Sparrow. Is it White crowned Sparrow?", "Accept/Reject": true, "type": "top1", "image-path": "./data/top1-exp-materials/132.White_crowned_Sparrow_0_4.jpeg", "user_decision": "YES", "user_id": "alireza-s1gnsne3", "is_user_correct": true}, {"top1-label": "Shiny Cowbird", "top1-score": 0.02239486575126648, "question": "Sam guessed the Input image is 2% Shiny Cowbird. Is it Shiny Cowbird?", "Accept/Reject": false, "type": "top1", "image-path": "./data/top1-exp-materials/027.Shiny_Cowbird_18_3.jpeg", "user_decision": "YES", "user_id": "alireza-s1gnsne3", "is_user_correct": false}, {"top1-label": "Black footed Albatross", "top1-score": 0.08744495362043381, "question": "Sam guessed the Input image is 8% Black footed Albatross. Is it Black footed Albatross?", "Accept/Reject": false, "type": "top1", "image-path": "./data/top1-exp-materials/071.Long_tailed_Jaeger_86_6.jpeg", "user_decision": "NO", "user_id": "alireza-s1gnsne3", "is_user_correct": true}, {"top1-label": "Baird Sparrow", "top1-score": 0.00925333984196186, "question": "Sam guessed the Input image is 0% Baird Sparrow. Is it Baird Sparrow?", "Accept/Reject": false, "type": "top1", "image-path": "./data/top1-exp-materials/127.Savannah_Sparrow_81_7.jpeg", "user_decision": "YES", "user_id": "alireza-s1gnsne3", "is_user_correct": false}, {"top1-label": "Gray Catbird", "top1-score": 0.5570996999740601, "question": "Sam guessed the Input image is 55% Gray Catbird. Is it Gray Catbird?", "Accept/Reject": false, "type": "top1", "image-path": "./data/top1-exp-materials/019.Gray_Catbird_148_6.jpeg", "user_decision": "NO", "user_id": "alireza-s1gnsne3", "is_user_correct": true}, {"top1-label": "Sayornis", "top1-score": 0.9602175354957581, "question": "Sam guessed the Input image is 96% Sayornis. Is it Sayornis?", "Accept/Reject": false, "type": "top1", "image-path": "./data/top1-exp-materials/039.Least_Flycatcher_247_3.jpeg", "user_decision": "NO", "user_id": "alireza-s1gnsne3", "is_user_correct": true}, {"top1-label": "Elegant Tern", "top1-score": 0.5819884538650513, "question": "Sam guessed the Input image is 58% Elegant Tern. Is it Elegant Tern?", "Accept/Reject": false, "type": "top1", "image-path": "./data/top1-exp-materials/147.Least_Tern_247_1.jpeg", "user_decision": "YES", "user_id": "alireza-s1gnsne3", "is_user_correct": false}, {"top1-label": "Winter Wren", "top1-score": 0.0830085277557373, "question": "Sam guessed the Input image is 8% Winter Wren. Is it Winter Wren?", "Accept/Reject": false, "type": "top1", "image-path": "./data/top1-exp-materials/194.Cactus_Wren_126_0.jpeg", "user_decision": "YES", "user_id": "alireza-s1gnsne3", "is_user_correct": false}, {"top1-label": "Western Wood Pewee", "top1-score": 0.42406296730041504, "question": "Sam guessed the Input image is 42% Western Wood Pewee. Is it Western Wood Pewee?", "Accept/Reject": false, "type": "top1", "image-path": "./data/top1-exp-materials/078.Gray_Kingbird_313_3.jpeg", "user_decision": "NO", "user_id": "alireza-s1gnsne3", "is_user_correct": true}, {"top1-label": "Fish Crow", "top1-score": 0.34433528780937195, "question": "Sam guessed the Input image is 34% Fish Crow. Is it Fish Crow?", "Accept/Reject": false, "type": "top1", "image-path": "./data/top1-exp-materials/049.Boat_tailed_Grackle_77_3.jpeg", "user_decision": "NO", "user_id": "alireza-s1gnsne3", "is_user_correct": true}, {"top1-label": "Nashville Warbler", "top1-score": 0.5769374370574951, "question": "Sam guessed the Input image is 57% Nashville Warbler. Is it Nashville Warbler?", "Accept/Reject": false, "type": "top1", "image-path": "./data/top1-exp-materials/167.Hooded_Warbler_54_6.jpeg", "user_decision": "YES", "user_id": "alireza-s1gnsne3", "is_user_correct": false}, {"top1-label": "Gray Catbird", "top1-score": 0.9967394471168518, "question": "Sam guessed the Input image is 99% Gray Catbird. Is it Gray Catbird?", "Accept/Reject": true, "type": "top1", "image-path": "./data/top1-exp-materials/019.Gray_Catbird_28_3.jpeg", "user_decision": "YES", "user_id": "alireza-s1gnsne3", "is_user_correct": false}]}