{"user_id": "jcl0076-jrvxguyh", "time": 1706291923, "history": [{"top1-label": "Sooty Albatross", "top1-score": 0.9384625554084778, "question": "Sam guessed the Input image is 93% Sooty Albatross. Is it Sooty Albatross?", "Accept/Reject": true, "type": "topK", "image-path": "./data/topK-exp-materials/003.Sooty_Albatross_29_5.jpeg", "user_decision": "YES", "user_id": "jcl0076-jrvxguyh", "is_user_correct": true}, {"top1-label": "Black capped Vireo", "top1-score": 0.9955455660820007, "question": "Sam guessed the Input image is 99% Black capped Vireo. Is it Black capped Vireo?", "Accept/Reject": true, "type": "topK", "image-path": "./data/topK-exp-materials/151.Black_capped_Vireo_32_1.jpeg", "user_decision": "YES", "user_id": "jcl0076-jrvxguyh", "is_user_correct": true}, {"top1-label": "Ivory Gull", "top1-score": 0.9101945161819458, "question": "Sam guessed the Input image is 91% Ivory Gull. Is it Ivory Gull?", "Accept/Reject": true, "type": "topK", "image-path": "./data/topK-exp-materials/063.Ivory_Gull_24_3.jpeg", "user_decision": "YES", "user_id": "jcl0076-jrvxguyh", "is_user_correct": true}, {"top1-label": "Red breasted Merganser", "top1-score": 0.9853400588035583, "question": "Sam guessed the Input image is 98% Red breasted Merganser. Is it Red breasted Merganser?", "Accept/Reject": true, "type": "topK", "image-path": "./data/topK-exp-materials/090.Red_breasted_Merganser_17_1.jpeg", "user_decision": "YES", "user_id": "jcl0076-jrvxguyh", "is_user_correct": true}, {"top1-label": "Western Wood Pewee", "top1-score": 0.42406296730041504, "question": "Sam guessed the Input image is 42% Western Wood Pewee. Is it Western Wood Pewee?", "Accept/Reject": false, "type": "topK", "image-path": "./data/topK-exp-materials/078.Gray_Kingbird_313_3.jpeg", "user_decision": "NO", "user_id": "jcl0076-jrvxguyh", "is_user_correct": true}, {"top1-label": "Horned Grebe", "top1-score": 0.9875584244728088, "question": "Sam guessed the Input image is 98% Horned Grebe. Is it Horned Grebe?", "Accept/Reject": true, "type": "topK", "image-path": "./data/topK-exp-materials/051.Horned_Grebe_33_2.jpeg", "user_decision": "YES", "user_id": "jcl0076-jrvxguyh", "is_user_correct": true}, {"top1-label": "Geococcyx", "top1-score": 0.9996920228004456, "question": "Sam guessed the Input image is 99% Geococcyx. Is it Geococcyx?", "Accept/Reject": true, "type": "topK", "image-path": "./data/topK-exp-materials/110.Geococcyx_9_6.jpeg", "user_decision": "YES", "user_id": "jcl0076-jrvxguyh", "is_user_correct": true}, {"top1-label": "Rufous Hummingbird", "top1-score": 0.01391096506267786, "question": "Sam guessed the Input image is 1% Rufous Hummingbird. Is it Rufous Hummingbird?", "Accept/Reject": false, "type": "topK", "image-path": "./data/topK-exp-materials/067.Anna_Hummingbird_255_6.jpeg", "user_decision": "YES", "user_id": "jcl0076-jrvxguyh", "is_user_correct": false}, {"top1-label": "Great Grey Shrike", "top1-score": 0.9936332106590271, "question": "Sam guessed the Input image is 99% Great Grey Shrike. Is it Great Grey Shrike?", "Accept/Reject": true, "type": "topK", "image-path": "./data/topK-exp-materials/112.Great_Grey_Shrike_20_1.jpeg", "user_decision": "YES", "user_id": "jcl0076-jrvxguyh", "is_user_correct": true}, {"top1-label": "Black and white Warbler", "top1-score": 0.9995808005332947, "question": "Sam guessed the Input image is 99% Black and white Warbler. Is it Black and white Warbler?", "Accept/Reject": true, "type": "topK", "image-path": "./data/topK-exp-materials/159.Black_and_white_Warbler_11_4.jpeg", "user_decision": "YES", "user_id": "jcl0076-jrvxguyh", "is_user_correct": true}, {"top1-label": "Cliff Swallow", "top1-score": 0.21470105648040771, "question": "Sam guessed the Input image is 21% Cliff Swallow. Is it Cliff Swallow?", "Accept/Reject": false, "type": "topK", "image-path": "./data/topK-exp-materials/135.Bank_Swallow_224_5.jpeg", "user_decision": "YES", "user_id": "jcl0076-jrvxguyh", "is_user_correct": false}, {"top1-label": "White throated Sparrow", "top1-score": 0.9968647360801697, "question": "Sam guessed the Input image is 99% White throated Sparrow. Is it White throated Sparrow?", "Accept/Reject": true, "type": "topK", "image-path": "./data/topK-exp-materials/133.White_throated_Sparrow_6_3.jpeg", "user_decision": "YES", "user_id": "jcl0076-jrvxguyh", "is_user_correct": true}, {"top1-label": "Vermilion Flycatcher", "top1-score": 0.9983131885528564, "question": "Sam guessed the Input image is 99% Vermilion Flycatcher. Is it Vermilion Flycatcher?", "Accept/Reject": true, "type": "topK", "image-path": "./data/topK-exp-materials/042.Vermilion_Flycatcher_0_2.jpeg", "user_decision": "YES", "user_id": "jcl0076-jrvxguyh", "is_user_correct": true}, {"top1-label": "Brown Creeper", "top1-score": 0.9995700716972351, "question": "Sam guessed the Input image is 99% Brown Creeper. Is it Brown Creeper?", "Accept/Reject": true, "type": "topK", "image-path": "./data/topK-exp-materials/028.Brown_Creeper_29_7.jpeg", "user_decision": "YES", "user_id": "jcl0076-jrvxguyh", "is_user_correct": true}, {"top1-label": "Eared Grebe", "top1-score": 0.998218834400177, "question": "Sam guessed the Input image is 99% Eared Grebe. Is it Eared Grebe?", "Accept/Reject": true, "type": "topK", "image-path": "./data/topK-exp-materials/050.Eared_Grebe_16_7.jpeg", "user_decision": "YES", "user_id": "jcl0076-jrvxguyh", "is_user_correct": true}, {"top1-label": "Red headed Woodpecker", "top1-score": 0.9998220801353455, "question": "Sam guessed the Input image is 99% Red headed Woodpecker. Is it Red headed Woodpecker?", "Accept/Reject": true, "type": "topK", "image-path": "./data/topK-exp-materials/191.Red_headed_Woodpecker_31_7.jpeg", "user_decision": "YES", "user_id": "jcl0076-jrvxguyh", "is_user_correct": true}, {"top1-label": "Rock Wren", "top1-score": 0.9911059737205505, "question": "Sam guessed the Input image is 99% Rock Wren. Is it Rock Wren?", "Accept/Reject": true, "type": "topK", "image-path": "./data/topK-exp-materials/198.Rock_Wren_38_3.jpeg", "user_decision": "YES", "user_id": "jcl0076-jrvxguyh", "is_user_correct": true}, {"top1-label": "Red headed Woodpecker", "top1-score": 0.9891303777694702, "question": "Sam guessed the Input image is 98% Red headed Woodpecker. Is it Red headed Woodpecker?", "Accept/Reject": true, "type": "topK", "image-path": "./data/topK-exp-materials/191.Red_headed_Woodpecker_20_6.jpeg", "user_decision": "YES", "user_id": "jcl0076-jrvxguyh", "is_user_correct": true}, {"top1-label": "Northern Waterthrush", "top1-score": 0.9970534443855286, "question": "Sam guessed the Input image is 99% Northern Waterthrush. Is it Northern Waterthrush?", "Accept/Reject": false, "type": "topK", "image-path": "./data/topK-exp-materials/184.Louisiana_Waterthrush_264_0.jpeg", "user_decision": "YES", "user_id": "jcl0076-jrvxguyh", "is_user_correct": false}, {"top1-label": "Northern Flicker", "top1-score": 0.9632402062416077, "question": "Sam guessed the Input image is 96% Northern Flicker. Is it Northern Flicker?", "Accept/Reject": true, "type": "topK", "image-path": "./data/topK-exp-materials/036.Northern_Flicker_41_4.jpeg", "user_decision": "YES", "user_id": "jcl0076-jrvxguyh", "is_user_correct": true}, {"top1-label": "Ovenbird", "top1-score": 0.9924656748771667, "question": "Sam guessed the Input image is 99% Ovenbird. Is it Ovenbird?", "Accept/Reject": true, "type": "topK", "image-path": "./data/topK-exp-materials/099.Ovenbird_29_2.jpeg", "user_decision": "YES", "user_id": "jcl0076-jrvxguyh", "is_user_correct": true}, {"top1-label": "Marsh Wren", "top1-score": 0.9991728663444519, "question": "Sam guessed the Input image is 99% Marsh Wren. Is it Marsh Wren?", "Accept/Reject": true, "type": "topK", "image-path": "./data/topK-exp-materials/197.Marsh_Wren_28_4.jpeg", "user_decision": "NO", "user_id": "jcl0076-jrvxguyh", "is_user_correct": false}, {"top1-label": "Black capped Vireo", "top1-score": 0.9957613945007324, "question": "Sam guessed the Input image is 99% Black capped Vireo. Is it Black capped Vireo?", "Accept/Reject": true, "type": "topK", "image-path": "./data/topK-exp-materials/151.Black_capped_Vireo_33_4.jpeg", "user_decision": "YES", "user_id": "jcl0076-jrvxguyh", "is_user_correct": true}, {"top1-label": "Worm eating Warbler", "top1-score": 0.9823012351989746, "question": "Sam guessed the Input image is 98% Worm eating Warbler. Is it Worm eating Warbler?", "Accept/Reject": true, "type": "topK", "image-path": "./data/topK-exp-materials/181.Worm_eating_Warbler_11_7.jpeg", "user_decision": "YES", "user_id": "jcl0076-jrvxguyh", "is_user_correct": true}, {"top1-label": "Pied Kingfisher", "top1-score": 0.999788224697113, "question": "Sam guessed the Input image is 99% Pied Kingfisher. Is it Pied Kingfisher?", "Accept/Reject": true, "type": "topK", "image-path": "./data/topK-exp-materials/081.Pied_Kingfisher_2_1.jpeg", "user_decision": "YES", "user_id": "jcl0076-jrvxguyh", "is_user_correct": true}, {"top1-label": "Pelagic Cormorant", "top1-score": 0.3155427873134613, "question": "Sam guessed the Input image is 31% Pelagic Cormorant. Is it Pelagic Cormorant?", "Accept/Reject": true, "type": "topK", "image-path": "./data/topK-exp-materials/025.Pelagic_Cormorant_22_4.jpeg", "user_decision": "YES", "user_id": "jcl0076-jrvxguyh", "is_user_correct": true}, {"top1-label": "Sayornis", "top1-score": 0.3080137073993683, "question": "Sam guessed the Input image is 30% Sayornis. Is it Sayornis?", "Accept/Reject": false, "type": "topK", "image-path": "./data/topK-exp-materials/103.Sayornis_311_1.jpeg", "user_decision": "NO", "user_id": "jcl0076-jrvxguyh", "is_user_correct": true}, {"top1-label": "Red legged Kittiwake", "top1-score": 0.9977236390113831, "question": "Sam guessed the Input image is 99% Red legged Kittiwake. Is it Red legged Kittiwake?", "Accept/Reject": true, "type": "topK", "image-path": "./data/topK-exp-materials/084.Red_legged_Kittiwake_0_0.jpeg", "user_decision": "YES", "user_id": "jcl0076-jrvxguyh", "is_user_correct": true}, {"top1-label": "Yellow throated Vireo", "top1-score": 0.9833966493606567, "question": "Sam guessed the Input image is 98% Yellow throated Vireo. Is it Yellow throated Vireo?", "Accept/Reject": true, "type": "topK", "image-path": "./data/topK-exp-materials/157.Yellow_throated_Vireo_15_7.jpeg", "user_decision": "YES", "user_id": "jcl0076-jrvxguyh", "is_user_correct": true}, {"top1-label": "Henslow Sparrow", "top1-score": 0.6396999359130859, "question": "Sam guessed the Input image is 63% Henslow Sparrow. Is it Henslow Sparrow?", "Accept/Reject": false, "type": "topK", "image-path": "./data/topK-exp-materials/123.Henslow_Sparrow_236_7.jpeg", "user_decision": "NO", "user_id": "jcl0076-jrvxguyh", "is_user_correct": false}]}