{"user_id": "gwh0014-gxcjbzx2", "time": 1706112057, "history": [{"top1-label": "Mourning Warbler", "top1-score": 0.992900013923645, "question": "Sam guessed the Input image is 99% Mourning Warbler. Is it Mourning Warbler?", "Accept/Reject": true, "type": "topK", "image-path": "./data/topK-exp-materials/170.Mourning_Warbler_22_0.jpeg", "user_decision": "YES", "user_id": "gwh0014-gxcjbzx2", "is_user_correct": true}, {"top1-label": "Tree Sparrow", "top1-score": 0.9460611939430237, "question": "Sam guessed the Input image is 94% Tree Sparrow. Is it Tree Sparrow?", "Accept/Reject": true, "type": "topK", "image-path": "./data/topK-exp-materials/130.Tree_Sparrow_38_1.jpeg", "user_decision": "YES", "user_id": "gwh0014-gxcjbzx2", "is_user_correct": true}, {"top1-label": "Pomarine Jaeger", "top1-score": 0.15239176154136658, "question": "Sam guessed the Input image is 15% Pomarine Jaeger. Is it Pomarine Jaeger?", "Accept/Reject": false, "type": "topK", "image-path": "./data/topK-exp-materials/086.Pacific_Loon_203_3.jpeg", "user_decision": "YES", "user_id": "gwh0014-gxcjbzx2", "is_user_correct": false}, {"top1-label": "Kentucky Warbler", "top1-score": 0.997864305973053, "question": "Sam guessed the Input image is 99% Kentucky Warbler. Is it Kentucky Warbler?", "Accept/Reject": true, "type": "topK", "image-path": "./data/topK-exp-materials/168.Kentucky_Warbler_21_5.jpeg", "user_decision": "YES", "user_id": "gwh0014-gxcjbzx2", "is_user_correct": true}, {"top1-label": "Yellow billed Cuckoo", "top1-score": 0.11280803382396698, "question": "Sam guessed the Input image is 11% Yellow billed Cuckoo. Is it Yellow billed Cuckoo?", "Accept/Reject": false, "type": "topK", "image-path": "./data/topK-exp-materials/031.Black_billed_Cuckoo_82_5.jpeg", "user_decision": "YES", "user_id": "gwh0014-gxcjbzx2", "is_user_correct": false}, {"top1-label": "Elegant Tern", "top1-score": 0.5195083618164062, "question": "Sam guessed the Input image is 51% Elegant Tern. Is it Elegant Tern?", "Accept/Reject": false, "type": "topK", "image-path": "./data/topK-exp-materials/143.Caspian_Tern_110_2.jpeg", "user_decision": "YES", "user_id": "gwh0014-gxcjbzx2", "is_user_correct": false}, {"top1-label": "Brown Creeper", "top1-score": 0.9969831109046936, "question": "Sam guessed the Input image is 99% Brown Creeper. Is it Brown Creeper?", "Accept/Reject": true, "type": "topK", "image-path": "./data/topK-exp-materials/028.Brown_Creeper_28_6.jpeg", "user_decision": "YES", "user_id": "gwh0014-gxcjbzx2", "is_user_correct": true}, {"top1-label": "Red cockaded Woodpecker", "top1-score": 0.8875566720962524, "question": "Sam guessed the Input image is 88% Red cockaded Woodpecker. Is it Red cockaded Woodpecker?", "Accept/Reject": true, "type": "topK", "image-path": "./data/topK-exp-materials/190.Red_cockaded_Woodpecker_19_5.jpeg", "user_decision": "YES", "user_id": "gwh0014-gxcjbzx2", "is_user_correct": true}, {"top1-label": "Least Flycatcher", "top1-score": 0.9878522157669067, "question": "Sam guessed the Input image is 98% Least Flycatcher. Is it Least Flycatcher?", "Accept/Reject": true, "type": "topK", "image-path": "./data/topK-exp-materials/039.Least_Flycatcher_9_0.jpeg", "user_decision": "NO", "user_id": "gwh0014-gxcjbzx2", "is_user_correct": false}, {"top1-label": "Olive sided Flycatcher", "top1-score": 0.9082614183425903, "question": "Sam guessed the Input image is 90% Olive sided Flycatcher. Is it Olive sided Flycatcher?", "Accept/Reject": true, "type": "topK", "image-path": "./data/topK-exp-materials/040.Olive_sided_Flycatcher_2_0.jpeg", "user_decision": "YES", "user_id": "gwh0014-gxcjbzx2", "is_user_correct": true}, {"top1-label": "Fish Crow", "top1-score": 0.2910807132720947, "question": "Sam guessed the Input image is 29% Fish Crow. Is it Fish Crow?", "Accept/Reject": false, "type": "topK", "image-path": "./data/topK-exp-materials/029.American_Crow_53_4.jpeg", "user_decision": "NO", "user_id": "gwh0014-gxcjbzx2", "is_user_correct": true}, {"top1-label": "Northern Waterthrush", "top1-score": 0.9476956725120544, "question": "Sam guessed the Input image is 94% Northern Waterthrush. Is it Northern Waterthrush?", "Accept/Reject": true, "type": "topK", "image-path": "./data/topK-exp-materials/183.Northern_Waterthrush_5_5.jpeg", "user_decision": "YES", "user_id": "gwh0014-gxcjbzx2", "is_user_correct": true}, {"top1-label": "Carolina Wren", "top1-score": 0.5807691216468811, "question": "Sam guessed the Input image is 58% Carolina Wren. Is it Carolina Wren?", "Accept/Reject": false, "type": "topK", "image-path": "./data/topK-exp-materials/193.Bewick_Wren_52_6.jpeg", "user_decision": "YES", "user_id": "gwh0014-gxcjbzx2", "is_user_correct": false}, {"top1-label": "Rose breasted Grosbeak", "top1-score": 0.9870318174362183, "question": "Sam guessed the Input image is 98% Rose breasted Grosbeak. Is it Rose breasted Grosbeak?", "Accept/Reject": true, "type": "topK", "image-path": "./data/topK-exp-materials/057.Rose_breasted_Grosbeak_34_4.jpeg", "user_decision": "YES", "user_id": "gwh0014-gxcjbzx2", "is_user_correct": true}, {"top1-label": "American Crow", "top1-score": 0.43209025263786316, "question": "Sam guessed the Input image is 43% American Crow. Is it American Crow?", "Accept/Reject": false, "type": "topK", "image-path": "./data/topK-exp-materials/029.American_Crow_259_5.jpeg", "user_decision": "NO", "user_id": "gwh0014-gxcjbzx2", "is_user_correct": true}, {"top1-label": "Lincoln Sparrow", "top1-score": 0.9881682395935059, "question": "Sam guessed the Input image is 98% Lincoln Sparrow. Is it Lincoln Sparrow?", "Accept/Reject": true, "type": "topK", "image-path": "./data/topK-exp-materials/125.Lincoln_Sparrow_29_6.jpeg", "user_decision": "YES", "user_id": "gwh0014-gxcjbzx2", "is_user_correct": true}, {"top1-label": "Ivory Gull", "top1-score": 0.9101945161819458, "question": "Sam guessed the Input image is 91% Ivory Gull. Is it Ivory Gull?", "Accept/Reject": true, "type": "topK", "image-path": "./data/topK-exp-materials/063.Ivory_Gull_24_3.jpeg", "user_decision": "YES", "user_id": "gwh0014-gxcjbzx2", "is_user_correct": true}, {"top1-label": "Pied Kingfisher", "top1-score": 0.996475875377655, "question": "Sam guessed the Input image is 99% Pied Kingfisher. Is it Pied Kingfisher?", "Accept/Reject": true, "type": "topK", "image-path": "./data/topK-exp-materials/081.Pied_Kingfisher_20_0.jpeg", "user_decision": "YES", "user_id": "gwh0014-gxcjbzx2", "is_user_correct": true}, {"top1-label": "Yellow throated Vireo", "top1-score": 0.19876627624034882, "question": "Sam guessed the Input image is 19% Yellow throated Vireo. Is it Yellow throated Vireo?", "Accept/Reject": false, "type": "topK", "image-path": "./data/topK-exp-materials/157.Yellow_throated_Vireo_57_5.jpeg", "user_decision": "NO", "user_id": "gwh0014-gxcjbzx2", "is_user_correct": true}, {"top1-label": "California Gull", "top1-score": 0.18785132467746735, "question": "Sam guessed the Input image is 18% California Gull. Is it California Gull?", "Accept/Reject": false, "type": "topK", "image-path": "./data/topK-exp-materials/060.Glaucous_winged_Gull_23_4.jpeg", "user_decision": "YES", "user_id": "gwh0014-gxcjbzx2", "is_user_correct": false}, {"top1-label": "Sayornis", "top1-score": 0.3080137073993683, "question": "Sam guessed the Input image is 30% Sayornis. Is it Sayornis?", "Accept/Reject": false, "type": "topK", "image-path": "./data/topK-exp-materials/103.Sayornis_311_1.jpeg", "user_decision": "NO", "user_id": "gwh0014-gxcjbzx2", "is_user_correct": true}, {"top1-label": "Ring billed Gull", "top1-score": 0.5549193024635315, "question": "Sam guessed the Input image is 55% Ring billed Gull. Is it Ring billed Gull?", "Accept/Reject": false, "type": "topK", "image-path": "./data/topK-exp-materials/064.Ring_billed_Gull_163_5.jpeg", "user_decision": "NO", "user_id": "gwh0014-gxcjbzx2", "is_user_correct": true}, {"top1-label": "Red headed Woodpecker", "top1-score": 0.9998220801353455, "question": "Sam guessed the Input image is 99% Red headed Woodpecker. Is it Red headed Woodpecker?", "Accept/Reject": true, "type": "topK", "image-path": "./data/topK-exp-materials/191.Red_headed_Woodpecker_31_7.jpeg", "user_decision": "YES", "user_id": "gwh0014-gxcjbzx2", "is_user_correct": true}, {"top1-label": "Ruby throated Hummingbird", "top1-score": 0.5668950080871582, "question": "Sam guessed the Input image is 56% Ruby throated Hummingbird. Is it Ruby throated Hummingbird?", "Accept/Reject": true, "type": "topK", "image-path": "./data/topK-exp-materials/068.Ruby_throated_Hummingbird_21_4.jpeg", "user_decision": "NO", "user_id": "gwh0014-gxcjbzx2", "is_user_correct": false}, {"top1-label": "Summer Tanager", "top1-score": 0.9969648718833923, "question": "Sam guessed the Input image is 99% Summer Tanager. Is it Summer Tanager?", "Accept/Reject": true, "type": "topK", "image-path": "./data/topK-exp-materials/140.Summer_Tanager_8_5.jpeg", "user_decision": "YES", "user_id": "gwh0014-gxcjbzx2", "is_user_correct": true}, {"top1-label": "Great Grey Shrike", "top1-score": 0.8823515176773071, "question": "Sam guessed the Input image is 88% Great Grey Shrike. Is it Great Grey Shrike?", "Accept/Reject": false, "type": "topK", "image-path": "./data/topK-exp-materials/111.Loggerhead_Shrike_305_1.jpeg", "user_decision": "YES", "user_id": "gwh0014-gxcjbzx2", "is_user_correct": false}, {"top1-label": "Caspian Tern", "top1-score": 0.9223760962486267, "question": "Sam guessed the Input image is 92% Caspian Tern. Is it Caspian Tern?", "Accept/Reject": true, "type": "topK", "image-path": "./data/topK-exp-materials/143.Caspian_Tern_28_7.jpeg", "user_decision": "YES", "user_id": "gwh0014-gxcjbzx2", "is_user_correct": true}, {"top1-label": "Worm eating Warbler", "top1-score": 0.9706174731254578, "question": "Sam guessed the Input image is 97% Worm eating Warbler. Is it Worm eating Warbler?", "Accept/Reject": true, "type": "topK", "image-path": "./data/topK-exp-materials/181.Worm_eating_Warbler_41_6.jpeg", "user_decision": "YES", "user_id": "gwh0014-gxcjbzx2", "is_user_correct": true}, {"top1-label": "Western Gull", "top1-score": 0.22570593655109406, "question": "Sam guessed the Input image is 22% Western Gull. Is it Western Gull?", "Accept/Reject": false, "type": "topK", "image-path": "./data/topK-exp-materials/059.California_Gull_112_1.jpeg", "user_decision": "NO", "user_id": "gwh0014-gxcjbzx2", "is_user_correct": true}, {"top1-label": "Cactus Wren", "top1-score": 0.9996925592422485, "question": "Sam guessed the Input image is 99% Cactus Wren. Is it Cactus Wren?", "Accept/Reject": true, "type": "topK", "image-path": "./data/topK-exp-materials/194.Cactus_Wren_18_6.jpeg", "user_decision": "YES", "user_id": "gwh0014-gxcjbzx2", "is_user_correct": false}]}