{"user_id": "bcb0080-xp9hu6y3", "time": 1706206920, "history": [{"top1-label": "Herring Gull", "top1-score": 0.4243634343147278, "question": "Sam guessed the Input image is 42% Herring Gull. Is it Herring Gull?", "Accept/Reject": true, "type": "top1", "image-path": "./data/top1-exp-materials/062.Herring_Gull_29_4.jpeg", "user_decision": "YES", "user_id": "bcb0080-xp9hu6y3", "is_user_correct": true}, {"top1-label": "Sooty Albatross", "top1-score": 0.9998757839202881, "question": "Sam guessed the Input image is 99% Sooty Albatross. Is it Sooty Albatross?", "Accept/Reject": true, "type": "top1", "image-path": "./data/top1-exp-materials/003.Sooty_Albatross_1_6.jpeg", "user_decision": "YES", "user_id": "bcb0080-xp9hu6y3", "is_user_correct": true}, {"top1-label": "Northern Flicker", "top1-score": 0.9933249950408936, "question": "Sam guessed the Input image is 99% Northern Flicker. Is it Northern Flicker?", "Accept/Reject": true, "type": "top1", "image-path": "./data/top1-exp-materials/036.Northern_Flicker_34_1.jpeg", "user_decision": "YES", "user_id": "bcb0080-xp9hu6y3", "is_user_correct": true}, {"top1-label": "Brewer Blackbird", "top1-score": 0.9880331754684448, "question": "Sam guessed the Input image is 98% Brewer Blackbird. Is it Brewer Blackbird?", "Accept/Reject": true, "type": "top1", "image-path": "./data/top1-exp-materials/009.Brewer_Blackbird_4_7.jpeg", "user_decision": "YES", "user_id": "bcb0080-xp9hu6y3", "is_user_correct": true}, {"top1-label": "Philadelphia Vireo", "top1-score": 0.9117282032966614, "question": "Sam guessed the Input image is 91% Philadelphia Vireo. Is it Philadelphia Vireo?", "Accept/Reject": false, "type": "top1", "image-path": "./data/top1-exp-materials/179.Tennessee_Warbler_228_0.jpeg", "user_decision": "YES", "user_id": "bcb0080-xp9hu6y3", "is_user_correct": false}, {"top1-label": "Sayornis", "top1-score": 0.15670624375343323, "question": "Sam guessed the Input image is 15% Sayornis. Is it Sayornis?", "Accept/Reject": false, "type": "top1", "image-path": "./data/top1-exp-materials/102.Western_Wood_Pewee_148_2.jpeg", "user_decision": "YES", "user_id": "bcb0080-xp9hu6y3", "is_user_correct": false}, {"top1-label": "Rufous Hummingbird", "top1-score": 0.965263843536377, "question": "Sam guessed the Input image is 96% Rufous Hummingbird. Is it Rufous Hummingbird?", "Accept/Reject": true, "type": "top1", "image-path": "./data/top1-exp-materials/069.Rufous_Hummingbird_42_2.jpeg", "user_decision": "YES", "user_id": "bcb0080-xp9hu6y3", "is_user_correct": true}, {"top1-label": "Scarlet Tanager", "top1-score": 0.9934902191162109, "question": "Sam guessed the Input image is 99% Scarlet Tanager. Is it Scarlet Tanager?", "Accept/Reject": true, "type": "top1", "image-path": "./data/top1-exp-materials/139.Scarlet_Tanager_26_0.jpeg", "user_decision": "YES", "user_id": "bcb0080-xp9hu6y3", "is_user_correct": true}, {"top1-label": "Dark eyed Junco", "top1-score": 0.9988878965377808, "question": "Sam guessed the Input image is 99% Dark eyed Junco. Is it Dark eyed Junco?", "Accept/Reject": true, "type": "top1", "image-path": "./data/top1-exp-materials/076.Dark_eyed_Junco_8_7.jpeg", "user_decision": "YES", "user_id": "bcb0080-xp9hu6y3", "is_user_correct": true}, {"top1-label": "Horned Grebe", "top1-score": 0.7733575105667114, "question": "Sam guessed the Input image is 77% Horned Grebe. Is it Horned Grebe?", "Accept/Reject": false, "type": "top1", "image-path": "./data/top1-exp-materials/050.Eared_Grebe_36_6.jpeg", "user_decision": "NO", "user_id": "bcb0080-xp9hu6y3", "is_user_correct": true}, {"top1-label": "Black billed Cuckoo", "top1-score": 0.9805046319961548, "question": "Sam guessed the Input image is 98% Black billed Cuckoo. Is it Black billed Cuckoo?", "Accept/Reject": true, "type": "top1", "image-path": "./data/top1-exp-materials/031.Black_billed_Cuckoo_6_2.jpeg", "user_decision": "YES", "user_id": "bcb0080-xp9hu6y3", "is_user_correct": true}, {"top1-label": "Yellow billed Cuckoo", "top1-score": 0.2170901745557785, "question": "Sam guessed the Input image is 21% Yellow billed Cuckoo. Is it Yellow billed Cuckoo?", "Accept/Reject": false, "type": "top1", "image-path": "./data/top1-exp-materials/099.Ovenbird_300_4.jpeg", "user_decision": "NO", "user_id": "bcb0080-xp9hu6y3", "is_user_correct": true}, {"top1-label": "Anna Hummingbird", "top1-score": 0.3595849871635437, "question": "Sam guessed the Input image is 35% Anna Hummingbird. Is it Anna Hummingbird?", "Accept/Reject": false, "type": "top1", "image-path": "./data/top1-exp-materials/068.Ruby_throated_Hummingbird_7_4.jpeg", "user_decision": "YES", "user_id": "bcb0080-xp9hu6y3", "is_user_correct": false}, {"top1-label": "Bank Swallow", "top1-score": 0.9643188714981079, "question": "Sam guessed the Input image is 96% Bank Swallow. Is it Bank Swallow?", "Accept/Reject": false, "type": "top1", "image-path": "./data/top1-exp-materials/138.Tree_Swallow_70_0.jpeg", "user_decision": "NO", "user_id": "bcb0080-xp9hu6y3", "is_user_correct": true}, {"top1-label": "Northern Waterthrush", "top1-score": 0.9970534443855286, "question": "Sam guessed the Input image is 99% Northern Waterthrush. Is it Northern Waterthrush?", "Accept/Reject": false, "type": "top1", "image-path": "./data/top1-exp-materials/184.Louisiana_Waterthrush_264_0.jpeg", "user_decision": "YES", "user_id": "bcb0080-xp9hu6y3", "is_user_correct": false}, {"top1-label": "Western Grebe", "top1-score": 0.9945234060287476, "question": "Sam guessed the Input image is 99% Western Grebe. Is it Western Grebe?", "Accept/Reject": true, "type": "top1", "image-path": "./data/top1-exp-materials/053.Western_Grebe_23_7.jpeg", "user_decision": "YES", "user_id": "bcb0080-xp9hu6y3", "is_user_correct": true}, {"top1-label": "Artic Tern", "top1-score": 0.5875436663627625, "question": "Sam guessed the Input image is 58% Artic Tern. Is it Artic Tern?", "Accept/Reject": false, "type": "top1", "image-path": "./data/top1-exp-materials/144.Common_Tern_39_5.jpeg", "user_decision": "YES", "user_id": "bcb0080-xp9hu6y3", "is_user_correct": false}, {"top1-label": "Golden winged Warbler", "top1-score": 0.9980595707893372, "question": "Sam guessed the Input image is 99% Golden winged Warbler. Is it Golden winged Warbler?", "Accept/Reject": true, "type": "top1", "image-path": "./data/top1-exp-materials/166.Golden_winged_Warbler_0_5.jpeg", "user_decision": "YES", "user_id": "bcb0080-xp9hu6y3", "is_user_correct": true}, {"top1-label": "Western Meadowlark", "top1-score": 0.9988942742347717, "question": "Sam guessed the Input image is 99% Western Meadowlark. Is it Western Meadowlark?", "Accept/Reject": true, "type": "top1", "image-path": "./data/top1-exp-materials/088.Western_Meadowlark_15_4.jpeg", "user_decision": "YES", "user_id": "bcb0080-xp9hu6y3", "is_user_correct": true}, {"top1-label": "Western Wood Pewee", "top1-score": 0.5560365915298462, "question": "Sam guessed the Input image is 55% Western Wood Pewee. Is it Western Wood Pewee?", "Accept/Reject": false, "type": "top1", "image-path": "./data/top1-exp-materials/040.Olive_sided_Flycatcher_130_6.jpeg", "user_decision": "NO", "user_id": "bcb0080-xp9hu6y3", "is_user_correct": true}, {"top1-label": "Spotted Catbird", "top1-score": 0.5402554273605347, "question": "Sam guessed the Input image is 54% Spotted Catbird. Is it Spotted Catbird?", "Accept/Reject": true, "type": "top1", "image-path": "./data/top1-exp-materials/018.Spotted_Catbird_38_7.jpeg", "user_decision": "NO", "user_id": "bcb0080-xp9hu6y3", "is_user_correct": false}, {"top1-label": "Ring billed Gull", "top1-score": 0.7002525925636292, "question": "Sam guessed the Input image is 70% Ring billed Gull. Is it Ring billed Gull?", "Accept/Reject": false, "type": "top1", "image-path": "./data/top1-exp-materials/059.California_Gull_69_2.jpeg", "user_decision": "YES", "user_id": "bcb0080-xp9hu6y3", "is_user_correct": false}, {"top1-label": "Pine Grosbeak", "top1-score": 3.802051651291549e-07, "question": "Sam guessed the Input image is 0% Pine Grosbeak. Is it Pine Grosbeak?", "Accept/Reject": false, "type": "top1", "image-path": "./data/top1-exp-materials/118.House_Sparrow_130_1.jpeg", "user_decision": "NO", "user_id": "bcb0080-xp9hu6y3", "is_user_correct": true}, {"top1-label": "Brandt Cormorant", "top1-score": 0.8920263051986694, "question": "Sam guessed the Input image is 89% Brandt Cormorant. Is it Brandt Cormorant?", "Accept/Reject": true, "type": "top1", "image-path": "./data/top1-exp-materials/023.Brandt_Cormorant_7_7.jpeg", "user_decision": "YES", "user_id": "bcb0080-xp9hu6y3", "is_user_correct": true}, {"top1-label": "Red breasted Merganser", "top1-score": 0.9974274039268494, "question": "Sam guessed the Input image is 99% Red breasted Merganser. Is it Red breasted Merganser?", "Accept/Reject": true, "type": "top1", "image-path": "./data/top1-exp-materials/090.Red_breasted_Merganser_34_3.jpeg", "user_decision": "YES", "user_id": "bcb0080-xp9hu6y3", "is_user_correct": true}, {"top1-label": "Evening Grosbeak", "top1-score": 0.8581215739250183, "question": "Sam guessed the Input image is 85% Evening Grosbeak. Is it Evening Grosbeak?", "Accept/Reject": true, "type": "top1", "image-path": "./data/top1-exp-materials/055.Evening_Grosbeak_40_7.jpeg", "user_decision": "YES", "user_id": "bcb0080-xp9hu6y3", "is_user_correct": true}, {"top1-label": "Lazuli Bunting", "top1-score": 0.9999699592590332, "question": "Sam guessed the Input image is 99% Lazuli Bunting. Is it Lazuli Bunting?", "Accept/Reject": true, "type": "top1", "image-path": "./data/top1-exp-materials/015.Lazuli_Bunting_17_7.jpeg", "user_decision": "YES", "user_id": "bcb0080-xp9hu6y3", "is_user_correct": true}, {"top1-label": "Prothonotary Warbler", "top1-score": 0.7448427677154541, "question": "Sam guessed the Input image is 74% Prothonotary Warbler. Is it Prothonotary Warbler?", "Accept/Reject": true, "type": "top1", "image-path": "./data/top1-exp-materials/161.Blue_winged_Warbler_5_3.jpeg", "user_decision": "NO", "user_id": "bcb0080-xp9hu6y3", "is_user_correct": false}, {"top1-label": "Least Tern", "top1-score": 0.17540134489536285, "question": "Sam guessed the Input image is 17% Least Tern. Is it Least Tern?", "Accept/Reject": false, "type": "top1", "image-path": "./data/top1-exp-materials/145.Elegant_Tern_287_0.jpeg", "user_decision": "NO", "user_id": "bcb0080-xp9hu6y3", "is_user_correct": true}, {"top1-label": "Black Tern", "top1-score": 0.9987469911575317, "question": "Sam guessed the Input image is 99% Black Tern. Is it Black Tern?", "Accept/Reject": true, "type": "top1", "image-path": "./data/top1-exp-materials/142.Black_Tern_32_4.jpeg", "user_decision": "YES", "user_id": "bcb0080-xp9hu6y3", "is_user_correct": false}]}