{"user_id": "jgs0057-a8587jfe", "time": 1706114708, "history": [{"top1-label": "Lazuli Bunting", "top1-score": 0.999834418296814, "question": "Sam guessed the Input image is 99% Lazuli Bunting. Is it Lazuli Bunting?", "Accept/Reject": false, "type": "top1", "image-path": "./data/top1-exp-materials/116.Chipping_Sparrow_114_1.jpeg", "user_decision": "YES", "user_id": "jgs0057-a8587jfe", "is_user_correct": false}, {"top1-label": "Dark eyed Junco", "top1-score": 0.9977337718009949, "question": "Sam guessed the Input image is 99% Dark eyed Junco. Is it Dark eyed Junco?", "Accept/Reject": true, "type": "top1", "image-path": "./data/top1-exp-materials/076.Dark_eyed_Junco_12_7.jpeg", "user_decision": "YES", "user_id": "jgs0057-a8587jfe", "is_user_correct": true}, {"top1-label": "Fish Crow", "top1-score": 0.34801560640335083, "question": "Sam guessed the Input image is 34% Fish Crow. Is it Fish Crow?", "Accept/Reject": false, "type": "top1", "image-path": "./data/top1-exp-materials/011.Rusty_Blackbird_56_7.jpeg", "user_decision": "YES", "user_id": "jgs0057-a8587jfe", "is_user_correct": false}, {"top1-label": "Black Tern", "top1-score": 0.9987469911575317, "question": "Sam guessed the Input image is 99% Black Tern. Is it Black Tern?", "Accept/Reject": true, "type": "top1", "image-path": "./data/top1-exp-materials/142.Black_Tern_32_4.jpeg", "user_decision": "YES", "user_id": "jgs0057-a8587jfe", "is_user_correct": true}, {"top1-label": "Blue headed Vireo", "top1-score": 0.23168523609638214, "question": "Sam guessed the Input image is 23% Blue headed Vireo. Is it Blue headed Vireo?", "Accept/Reject": false, "type": "top1", "image-path": "./data/top1-exp-materials/109.American_Redstart_6_0.jpeg", "user_decision": "NO", "user_id": "jgs0057-a8587jfe", "is_user_correct": true}, {"top1-label": "Sage Thrasher", "top1-score": 0.9968994855880737, "question": "Sam guessed the Input image is 99% Sage Thrasher. Is it Sage Thrasher?", "Accept/Reject": true, "type": "top1", "image-path": "./data/top1-exp-materials/150.Sage_Thrasher_9_2.jpeg", "user_decision": "YES", "user_id": "jgs0057-a8587jfe", "is_user_correct": true}, {"top1-label": "Least Flycatcher", "top1-score": 0.45039498805999756, "question": "Sam guessed the Input image is 45% Least Flycatcher. Is it Least Flycatcher?", "Accept/Reject": false, "type": "top1", "image-path": "./data/top1-exp-materials/102.Western_Wood_Pewee_51_5.jpeg", "user_decision": "YES", "user_id": "jgs0057-a8587jfe", "is_user_correct": false}, {"top1-label": "Herring Gull", "top1-score": 0.6038476824760437, "question": "Sam guessed the Input image is 60% Herring Gull. Is it Herring Gull?", "Accept/Reject": true, "type": "top1", "image-path": "./data/top1-exp-materials/062.Herring_Gull_31_0.jpeg", "user_decision": "NO", "user_id": "jgs0057-a8587jfe", "is_user_correct": false}, {"top1-label": "Nelson Sharp tailed Sparrow", "top1-score": 0.933704137802124, "question": "Sam guessed the Input image is 93% Nelson Sharp tailed Sparrow. Is it Nelson Sharp tailed Sparrow?", "Accept/Reject": false, "type": "top1", "image-path": "./data/top1-exp-materials/127.Savannah_Sparrow_229_1.jpeg", "user_decision": "NO", "user_id": "jgs0057-a8587jfe", "is_user_correct": true}, {"top1-label": "Olive sided Flycatcher", "top1-score": 0.4244944751262665, "question": "Sam guessed the Input image is 42% Olive sided Flycatcher. Is it Olive sided Flycatcher?", "Accept/Reject": false, "type": "top1", "image-path": "./data/top1-exp-materials/078.Gray_Kingbird_238_7.jpeg", "user_decision": "NO", "user_id": "jgs0057-a8587jfe", "is_user_correct": true}, {"top1-label": "Winter Wren", "top1-score": 0.0830085277557373, "question": "Sam guessed the Input image is 8% Winter Wren. Is it Winter Wren?", "Accept/Reject": false, "type": "top1", "image-path": "./data/top1-exp-materials/194.Cactus_Wren_126_0.jpeg", "user_decision": "YES", "user_id": "jgs0057-a8587jfe", "is_user_correct": false}, {"top1-label": "Great Grey Shrike", "top1-score": 0.8986293077468872, "question": "Sam guessed the Input image is 89% Great Grey Shrike. Is it Great Grey Shrike?", "Accept/Reject": false, "type": "top1", "image-path": "./data/top1-exp-materials/111.Loggerhead_Shrike_10_3.jpeg", "user_decision": "YES", "user_id": "jgs0057-a8587jfe", "is_user_correct": false}, {"top1-label": "Common Tern", "top1-score": 0.16585339605808258, "question": "Sam guessed the Input image is 16% Common Tern. Is it Common Tern?", "Accept/Reject": false, "type": "top1", "image-path": "./data/top1-exp-materials/141.Artic_Tern_29_0.jpeg", "user_decision": "YES", "user_id": "jgs0057-a8587jfe", "is_user_correct": false}, {"top1-label": "Pine Warbler", "top1-score": 0.9837488532066345, "question": "Sam guessed the Input image is 98% Pine Warbler. Is it Pine Warbler?", "Accept/Reject": true, "type": "top1", "image-path": "./data/top1-exp-materials/175.Pine_Warbler_15_2.jpeg", "user_decision": "YES", "user_id": "jgs0057-a8587jfe", "is_user_correct": true}, {"top1-label": "Red cockaded Woodpecker", "top1-score": 0.6111500263214111, "question": "Sam guessed the Input image is 61% Red cockaded Woodpecker. Is it Red cockaded Woodpecker?", "Accept/Reject": true, "type": "top1", "image-path": "./data/top1-exp-materials/190.Red_cockaded_Woodpecker_4_4.jpeg", "user_decision": "NO", "user_id": "jgs0057-a8587jfe", "is_user_correct": false}, {"top1-label": "Pelagic Cormorant", "top1-score": 0.11567337065935135, "question": "Sam guessed the Input image is 11% Pelagic Cormorant. Is it Pelagic Cormorant?", "Accept/Reject": false, "type": "top1", "image-path": "./data/top1-exp-materials/025.Pelagic_Cormorant_299_4.jpeg", "user_decision": "NO", "user_id": "jgs0057-a8587jfe", "is_user_correct": true}, {"top1-label": "Glaucous winged Gull", "top1-score": 0.011445143260061741, "question": "Sam guessed the Input image is 1% Glaucous winged Gull. Is it Glaucous winged Gull?", "Accept/Reject": false, "type": "top1", "image-path": "./data/top1-exp-materials/045.Northern_Fulmar_224_7.jpeg", "user_decision": "NO", "user_id": "jgs0057-a8587jfe", "is_user_correct": true}, {"top1-label": "Marsh Wren", "top1-score": 0.9991728663444519, "question": "Sam guessed the Input image is 99% Marsh Wren. Is it Marsh Wren?", "Accept/Reject": true, "type": "top1", "image-path": "./data/top1-exp-materials/197.Marsh_Wren_28_4.jpeg", "user_decision": "YES", "user_id": "jgs0057-a8587jfe", "is_user_correct": true}, {"top1-label": "Sooty Albatross", "top1-score": 0.9384625554084778, "question": "Sam guessed the Input image is 93% Sooty Albatross. Is it Sooty Albatross?", "Accept/Reject": true, "type": "top1", "image-path": "./data/top1-exp-materials/003.Sooty_Albatross_29_5.jpeg", "user_decision": "YES", "user_id": "jgs0057-a8587jfe", "is_user_correct": true}, {"top1-label": "Palm Warbler", "top1-score": 0.5321394801139832, "question": "Sam guessed the Input image is 53% Palm Warbler. Is it Palm Warbler?", "Accept/Reject": false, "type": "top1", "image-path": "./data/top1-exp-materials/163.Cape_May_Warbler_188_3.jpeg", "user_decision": "YES", "user_id": "jgs0057-a8587jfe", "is_user_correct": false}, {"top1-label": "Brewer Blackbird", "top1-score": 0.09078827500343323, "question": "Sam guessed the Input image is 9% Brewer Blackbird. Is it Brewer Blackbird?", "Accept/Reject": false, "type": "top1", "image-path": "./data/top1-exp-materials/011.Rusty_Blackbird_272_6.jpeg", "user_decision": "YES", "user_id": "jgs0057-a8587jfe", "is_user_correct": false}, {"top1-label": "Pine Grosbeak", "top1-score": 3.802051651291549e-07, "question": "Sam guessed the Input image is 0% Pine Grosbeak. Is it Pine Grosbeak?", "Accept/Reject": false, "type": "top1", "image-path": "./data/top1-exp-materials/118.House_Sparrow_130_1.jpeg", "user_decision": "YES", "user_id": "jgs0057-a8587jfe", "is_user_correct": false}, {"top1-label": "Golden winged Warbler", "top1-score": 0.9993302822113037, "question": "Sam guessed the Input image is 99% Golden winged Warbler. Is it Golden winged Warbler?", "Accept/Reject": true, "type": "top1", "image-path": "./data/top1-exp-materials/166.Golden_winged_Warbler_33_1.jpeg", "user_decision": "YES", "user_id": "jgs0057-a8587jfe", "is_user_correct": true}, {"top1-label": "Pileated Woodpecker", "top1-score": 0.9673041701316833, "question": "Sam guessed the Input image is 96% Pileated Woodpecker. Is it Pileated Woodpecker?", "Accept/Reject": true, "type": "top1", "image-path": "./data/top1-exp-materials/188.Pileated_Woodpecker_18_5.jpeg", "user_decision": "YES", "user_id": "jgs0057-a8587jfe", "is_user_correct": true}, {"top1-label": "Fish Crow", "top1-score": 0.3585021495819092, "question": "Sam guessed the Input image is 35% Fish Crow. Is it Fish Crow?", "Accept/Reject": false, "type": "top1", "image-path": "./data/top1-exp-materials/029.American_Crow_183_1.jpeg", "user_decision": "YES", "user_id": "jgs0057-a8587jfe", "is_user_correct": false}, {"top1-label": "Horned Puffin", "top1-score": 0.9998202323913574, "question": "Sam guessed the Input image is 99% Horned Puffin. Is it Horned Puffin?", "Accept/Reject": true, "type": "top1", "image-path": "./data/top1-exp-materials/106.Horned_Puffin_15_6.jpeg", "user_decision": "YES", "user_id": "jgs0057-a8587jfe", "is_user_correct": true}, {"top1-label": "Cedar Waxwing", "top1-score": 0.9306260347366333, "question": "Sam guessed the Input image is 93% Cedar Waxwing. Is it Cedar Waxwing?", "Accept/Reject": true, "type": "top1", "image-path": "./data/top1-exp-materials/186.Cedar_Waxwing_14_2.jpeg", "user_decision": "YES", "user_id": "jgs0057-a8587jfe", "is_user_correct": true}, {"top1-label": "Carolina Wren", "top1-score": 0.9182438254356384, "question": "Sam guessed the Input image is 91% Carolina Wren. Is it Carolina Wren?", "Accept/Reject": false, "type": "top1", "image-path": "./data/top1-exp-materials/199.Winter_Wren_85_5.jpeg", "user_decision": "YES", "user_id": "jgs0057-a8587jfe", "is_user_correct": false}, {"top1-label": "Pine Warbler", "top1-score": 0.489633172750473, "question": "Sam guessed the Input image is 48% Pine Warbler. Is it Pine Warbler?", "Accept/Reject": true, "type": "top1", "image-path": "./data/top1-exp-materials/175.Pine_Warbler_5_4.jpeg", "user_decision": "YES", "user_id": "jgs0057-a8587jfe", "is_user_correct": true}, {"top1-label": "Ringed Kingfisher", "top1-score": 0.9566355347633362, "question": "Sam guessed the Input image is 95% Ringed Kingfisher. Is it Ringed Kingfisher?", "Accept/Reject": true, "type": "top1", "image-path": "./data/top1-exp-materials/082.Ringed_Kingfisher_12_2.jpeg", "user_decision": "YES", "user_id": "jgs0057-a8587jfe", "is_user_correct": false}]}