{
    "user_id": "alireza-68686pzo",
    "time": 1706070796,
    "history": [
        {
            "top1-label": "Herring Gull",
            "top1-score": 0.5575596690177917,
            "question": "Sam guessed the Input image is 55% Herring Gull. Is it Herring Gull?",
            "Accept/Reject": false,
            "type": "topK",
            "image-path": "./data/topK-exp-materials/059.California_Gull_264_6.jpeg",
            "user_decision": "YES",
            "user_id": "alireza-68686pzo",
            "is_user_correct": false
        },
        {
            "top1-label": "Olive sided Flycatcher",
            "top1-score": 0.961275041103363,
            "question": "Sam guessed the Input image is 96% Olive sided Flycatcher. Is it Olive sided Flycatcher?",
            "Accept/Reject": true,
            "type": "topK",
            "image-path": "./data/topK-exp-materials/040.Olive_sided_Flycatcher_37_1.jpeg",
            "user_decision": "YES",
            "user_id": "alireza-68686pzo",
            "is_user_correct": true
        },
        {
            "top1-label": "Least Tern",
            "top1-score": 0.9810149073600769,
            "question": "Sam guessed the Input image is 98% Least Tern. Is it Least Tern?",
            "Accept/Reject": true,
            "type": "topK",
            "image-path": "./data/topK-exp-materials/147.Least_Tern_37_4.jpeg",
            "user_decision": "YES",
            "user_id": "alireza-68686pzo",
            "is_user_correct": true
        },
        {
            "top1-label": "Red bellied Woodpecker",
            "top1-score": 0.9928495287895203,
            "question": "Sam guessed the Input image is 99% Red bellied Woodpecker. Is it Red bellied Woodpecker?",
            "Accept/Reject": true,
            "type": "topK",
            "image-path": "./data/topK-exp-materials/189.Red_bellied_Woodpecker_8_3.jpeg",
            "user_decision": "YES",
            "user_id": "alireza-68686pzo",
            "is_user_correct": true
        },
        {
            "top1-label": "Tropical Kingbird",
            "top1-score": 0.8988468050956726,
            "question": "Sam guessed the Input image is 89% Tropical Kingbird. Is it Tropical Kingbird?",
            "Accept/Reject": false,
            "type": "topK",
            "image-path": "./data/topK-exp-materials/038.Great_Crested_Flycatcher_117_6.jpeg",
            "user_decision": "YES",
            "user_id": "alireza-68686pzo",
            "is_user_correct": false
        },
        {
            "top1-label": "Sayornis",
            "top1-score": 0.3080137073993683,
            "question": "Sam guessed the Input image is 30% Sayornis. Is it Sayornis?",
            "Accept/Reject": false,
            "type": "topK",
            "image-path": "./data/topK-exp-materials/103.Sayornis_311_1.jpeg",
            "user_decision": "YES",
            "user_id": "alireza-68686pzo",
            "is_user_correct": false
        },
        {
            "top1-label": "Red winged Blackbird",
            "top1-score": 0.998063325881958,
            "question": "Sam guessed the Input image is 99% Red winged Blackbird. Is it Red winged Blackbird?",
            "Accept/Reject": true,
            "type": "topK",
            "image-path": "./data/topK-exp-materials/010.Red_winged_Blackbird_19_2.jpeg",
            "user_decision": "YES",
            "user_id": "alireza-68686pzo",
            "is_user_correct": true
        },
        {
            "top1-label": "Prothonotary Warbler",
            "top1-score": 0.7448427677154541,
            "question": "Sam guessed the Input image is 74% Prothonotary Warbler. Is it Prothonotary Warbler?",
            "Accept/Reject": true,
            "type": "topK",
            "image-path": "./data/topK-exp-materials/161.Blue_winged_Warbler_5_3.jpeg",
            "user_decision": "NO",
            "user_id": "alireza-68686pzo",
            "is_user_correct": false
        },
        {
            "top1-label": "Ivory Gull",
            "top1-score": 0.9943865537643433,
            "question": "Sam guessed the Input image is 99% Ivory Gull. Is it Ivory Gull?",
            "Accept/Reject": true,
            "type": "topK",
            "image-path": "./data/topK-exp-materials/063.Ivory_Gull_30_4.jpeg",
            "user_decision": "YES",
            "user_id": "alireza-68686pzo",
            "is_user_correct": true
        },
        {
            "top1-label": "Horned Puffin",
            "top1-score": 0.6405686140060425,
            "question": "Sam guessed the Input image is 64% Horned Puffin. Is it Horned Puffin?",
            "Accept/Reject": true,
            "type": "topK",
            "image-path": "./data/topK-exp-materials/106.Horned_Puffin_4_3.jpeg",
            "user_decision": "YES",
            "user_id": "alireza-68686pzo",
            "is_user_correct": true
        },
        {
            "top1-label": "Common Tern",
            "top1-score": 0.5846204161643982,
            "question": "Sam guessed the Input image is 58% Common Tern. Is it Common Tern?",
            "Accept/Reject": false,
            "type": "topK",
            "image-path": "./data/topK-exp-materials/141.Artic_Tern_109_2.jpeg",
            "user_decision": "YES",
            "user_id": "alireza-68686pzo",
            "is_user_correct": false
        },
        {
            "top1-label": "European Goldfinch",
            "top1-score": 0.997281014919281,
            "question": "Sam guessed the Input image is 99% European Goldfinch. Is it European Goldfinch?",
            "Accept/Reject": true,
            "type": "topK",
            "image-path": "./data/topK-exp-materials/048.European_Goldfinch_6_6.jpeg",
            "user_decision": "YES",
            "user_id": "alireza-68686pzo",
            "is_user_correct": true
        },
        {
            "top1-label": "Cliff Swallow",
            "top1-score": 8.212699071918905e-07,
            "question": "Sam guessed the Input image is 0% Cliff Swallow. Is it Cliff Swallow?",
            "Accept/Reject": false,
            "type": "topK",
            "image-path": "./data/topK-exp-materials/114.Black_throated_Sparrow_93_6.jpeg",
            "user_decision": "NO",
            "user_id": "alireza-68686pzo",
            "is_user_correct": true
        },
        {
            "top1-label": "Brewer Blackbird",
            "top1-score": 0.1671334058046341,
            "question": "Sam guessed the Input image is 16% Brewer Blackbird. Is it Brewer Blackbird?",
            "Accept/Reject": false,
            "type": "topK",
            "image-path": "./data/topK-exp-materials/049.Boat_tailed_Grackle_41_1.jpeg",
            "user_decision": "NO",
            "user_id": "alireza-68686pzo",
            "is_user_correct": true
        },
        {
            "top1-label": "Yellow billed Cuckoo",
            "top1-score": 0.07804844528436661,
            "question": "Sam guessed the Input image is 7% Yellow billed Cuckoo. Is it Yellow billed Cuckoo?",
            "Accept/Reject": false,
            "type": "topK",
            "image-path": "./data/topK-exp-materials/083.White_breasted_Kingfisher_52_1.jpeg",
            "user_decision": "NO",
            "user_id": "alireza-68686pzo",
            "is_user_correct": true
        },
        {
            "top1-label": "Winter Wren",
            "top1-score": 0.0830085277557373,
            "question": "Sam guessed the Input image is 8% Winter Wren. Is it Winter Wren?",
            "Accept/Reject": false,
            "type": "topK",
            "image-path": "./data/topK-exp-materials/194.Cactus_Wren_126_0.jpeg",
            "user_decision": "YES",
            "user_id": "alireza-68686pzo",
            "is_user_correct": false
        },
        {
            "top1-label": "House Sparrow",
            "top1-score": 0.20183907449245453,
            "question": "Sam guessed the Input image is 20% House Sparrow. Is it House Sparrow?",
            "Accept/Reject": false,
            "type": "topK",
            "image-path": "./data/topK-exp-materials/119.Field_Sparrow_125_0.jpeg",
            "user_decision": "YES",
            "user_id": "alireza-68686pzo",
            "is_user_correct": false
        },
        {
            "top1-label": "Chestnut sided Warbler",
            "top1-score": 0.9975212216377258,
            "question": "Sam guessed the Input image is 99% Chestnut sided Warbler. Is it Chestnut sided Warbler?",
            "Accept/Reject": true,
            "type": "topK",
            "image-path": "./data/topK-exp-materials/165.Chestnut_sided_Warbler_13_1.jpeg",
            "user_decision": "YES",
            "user_id": "alireza-68686pzo",
            "is_user_correct": true
        },
        {
            "top1-label": "Pine Warbler",
            "top1-score": 0.9837488532066345,
            "question": "Sam guessed the Input image is 98% Pine Warbler. Is it Pine Warbler?",
            "Accept/Reject": true,
            "type": "topK",
            "image-path": "./data/topK-exp-materials/175.Pine_Warbler_15_2.jpeg",
            "user_decision": "YES",
            "user_id": "alireza-68686pzo",
            "is_user_correct": true
        },
        {
            "top1-label": "Spotted Catbird",
            "top1-score": 0.04556488245725632,
            "question": "Sam guessed the Input image is 4% Spotted Catbird. Is it Spotted Catbird?",
            "Accept/Reject": false,
            "type": "topK",
            "image-path": "./data/topK-exp-materials/130.Tree_Sparrow_25_0.jpeg",
            "user_decision": "NO",
            "user_id": "alireza-68686pzo",
            "is_user_correct": true
        },
        {
            "top1-label": "Fish Crow",
            "top1-score": 0.34801560640335083,
            "question": "Sam guessed the Input image is 34% Fish Crow. Is it Fish Crow?",
            "Accept/Reject": false,
            "type": "topK",
            "image-path": "./data/topK-exp-materials/011.Rusty_Blackbird_56_7.jpeg",
            "user_decision": "NO",
            "user_id": "alireza-68686pzo",
            "is_user_correct": true
        },
        {
            "top1-label": "Ring billed Gull",
            "top1-score": 0.5549193024635315,
            "question": "Sam guessed the Input image is 55% Ring billed Gull. Is it Ring billed Gull?",
            "Accept/Reject": false,
            "type": "topK",
            "image-path": "./data/topK-exp-materials/064.Ring_billed_Gull_163_5.jpeg",
            "user_decision": "YES",
            "user_id": "alireza-68686pzo",
            "is_user_correct": false
        },
        {
            "top1-label": "Bronzed Cowbird",
            "top1-score": 0.009916502051055431,
            "question": "Sam guessed the Input image is 0% Bronzed Cowbird. Is it Bronzed Cowbird?",
            "Accept/Reject": false,
            "type": "topK",
            "image-path": "./data/topK-exp-materials/107.Common_Raven_176_7.jpeg",
            "user_decision": "NO",
            "user_id": "alireza-68686pzo",
            "is_user_correct": true
        },
        {
            "top1-label": "Boat tailed Grackle",
            "top1-score": 0.0013307561166584492,
            "question": "Sam guessed the Input image is 0% Boat tailed Grackle. Is it Boat tailed Grackle?",
            "Accept/Reject": false,
            "type": "topK",
            "image-path": "./data/topK-exp-materials/023.Brandt_Cormorant_142_4.jpeg",
            "user_decision": "NO",
            "user_id": "alireza-68686pzo",
            "is_user_correct": true
        },
        {
            "top1-label": "Henslow Sparrow",
            "top1-score": 0.040887415409088135,
            "question": "Sam guessed the Input image is 4% Henslow Sparrow. Is it Henslow Sparrow?",
            "Accept/Reject": false,
            "type": "topK",
            "image-path": "./data/topK-exp-materials/123.Henslow_Sparrow_133_4.jpeg",
            "user_decision": "YES",
            "user_id": "alireza-68686pzo",
            "is_user_correct": false
        },
        {
            "top1-label": "American Crow",
            "top1-score": 0.07322628051042557,
            "question": "Sam guessed the Input image is 7% American Crow. Is it American Crow?",
            "Accept/Reject": false,
            "type": "topK",
            "image-path": "./data/topK-exp-materials/107.Common_Raven_204_2.jpeg",
            "user_decision": "YES",
            "user_id": "alireza-68686pzo",
            "is_user_correct": false
        },
        {
            "top1-label": "White necked Raven",
            "top1-score": 0.036096569150686264,
            "question": "Sam guessed the Input image is 3% White necked Raven. Is it White necked Raven?",
            "Accept/Reject": false,
            "type": "topK",
            "image-path": "./data/topK-exp-materials/108.White_necked_Raven_232_2.jpeg",
            "user_decision": "YES",
            "user_id": "alireza-68686pzo",
            "is_user_correct": false
        },
        {
            "top1-label": "Red breasted Merganser",
            "top1-score": 0.018509237095713615,
            "question": "Sam guessed the Input image is 1% Red breasted Merganser. Is it Red breasted Merganser?",
            "Accept/Reject": true,
            "type": "topK",
            "image-path": "./data/topK-exp-materials/090.Red_breasted_Merganser_9_5.jpeg",
            "user_decision": "YES",
            "user_id": "alireza-68686pzo",
            "is_user_correct": true
        },
        {
            "top1-label": "Baird Sparrow",
            "top1-score": 0.00925333984196186,
            "question": "Sam guessed the Input image is 0% Baird Sparrow. Is it Baird Sparrow?",
            "Accept/Reject": false,
            "type": "topK",
            "image-path": "./data/topK-exp-materials/127.Savannah_Sparrow_81_7.jpeg",
            "user_decision": "YES",
            "user_id": "alireza-68686pzo",
            "is_user_correct": false
        },
        {
            "top1-label": "Laysan Albatross",
            "top1-score": 0.9122689962387085,
            "question": "Sam guessed the Input image is 91% Laysan Albatross. Is it Laysan Albatross?",
            "Accept/Reject": true,
            "type": "topK",
            "image-path": "./data/topK-exp-materials/002.Laysan_Albatross_18_7.jpeg",
            "user_decision": "YES",
            "user_id": "alireza-68686pzo",
            "is_user_correct": false
        }
    ]
}