{"user_id": "username-06p8joub", "time": 1706243831, "history": [{"top1-label": "Acadian Flycatcher", "top1-score": 0.17130696773529053, "question": "Sam guessed the Input image is 17% Acadian Flycatcher. Is it Acadian Flycatcher?", "Accept/Reject": false, "type": "top1", "image-path": "./data/top1-exp-materials/037.Acadian_Flycatcher_178_4.jpeg", "user_decision": "NO", "user_id": "username-06p8joub", "is_user_correct": true}, {"top1-label": "Western Grebe", "top1-score": 0.9945234060287476, "question": "Sam guessed the Input image is 99% Western Grebe. Is it Western Grebe?", "Accept/Reject": true, "type": "top1", "image-path": "./data/top1-exp-materials/053.Western_Grebe_23_7.jpeg", "user_decision": "YES", "user_id": "username-06p8joub", "is_user_correct": true}, {"top1-label": "Eared Grebe", "top1-score": 0.998218834400177, "question": "Sam guessed the Input image is 99% Eared Grebe. Is it Eared Grebe?", "Accept/Reject": true, "type": "top1", "image-path": "./data/top1-exp-materials/050.Eared_Grebe_16_7.jpeg", "user_decision": "YES", "user_id": "username-06p8joub", "is_user_correct": true}, {"top1-label": "Acadian Flycatcher", "top1-score": 0.10620121657848358, "question": "Sam guessed the Input image is 10% Acadian Flycatcher. Is it Acadian Flycatcher?", "Accept/Reject": false, "type": "top1", "image-path": "./data/top1-exp-materials/043.Yellow_bellied_Flycatcher_167_1.jpeg", "user_decision": "NO", "user_id": "username-06p8joub", "is_user_correct": true}, {"top1-label": "Brewer Blackbird", "top1-score": 0.09078827500343323, "question": "Sam guessed the Input image is 9% Brewer Blackbird. Is it Brewer Blackbird?", "Accept/Reject": false, "type": "top1", "image-path": "./data/top1-exp-materials/011.Rusty_Blackbird_272_6.jpeg", "user_decision": "NO", "user_id": "username-06p8joub", "is_user_correct": true}, {"top1-label": "Sayornis", "top1-score": 0.7387324571609497, "question": "Sam guessed the Input image is 73% Sayornis. Is it Sayornis?", "Accept/Reject": false, "type": "top1", "image-path": "./data/top1-exp-materials/175.Pine_Warbler_291_0.jpeg", "user_decision": "YES", "user_id": "username-06p8joub", "is_user_correct": false}, {"top1-label": "Northern Waterthrush", "top1-score": 0.963862419128418, "question": "Sam guessed the Input image is 96% Northern Waterthrush. Is it Northern Waterthrush?", "Accept/Reject": true, "type": "top1", "image-path": "./data/top1-exp-materials/183.Northern_Waterthrush_34_2.jpeg", "user_decision": "NO", "user_id": "username-06p8joub", "is_user_correct": false}, {"top1-label": "Red cockaded Woodpecker", "top1-score": 0.9846034646034241, "question": "Sam guessed the Input image is 98% Red cockaded Woodpecker. Is it Red cockaded Woodpecker?", "Accept/Reject": true, "type": "top1", "image-path": "./data/top1-exp-materials/190.Red_cockaded_Woodpecker_5_1.jpeg", "user_decision": "YES", "user_id": "username-06p8joub", "is_user_correct": true}, {"top1-label": "Western Meadowlark", "top1-score": 0.9992440938949585, "question": "Sam guessed the Input image is 99% Western Meadowlark. Is it Western Meadowlark?", "Accept/Reject": true, "type": "top1", "image-path": "./data/top1-exp-materials/088.Western_Meadowlark_10_4.jpeg", "user_decision": "YES", "user_id": "username-06p8joub", "is_user_correct": true}, {"top1-label": "Summer Tanager", "top1-score": 0.9969648718833923, "question": "Sam guessed the Input image is 99% Summer Tanager. Is it Summer Tanager?", "Accept/Reject": true, "type": "top1", "image-path": "./data/top1-exp-materials/140.Summer_Tanager_8_5.jpeg", "user_decision": "YES", "user_id": "username-06p8joub", "is_user_correct": true}, {"top1-label": "Ring billed Gull", "top1-score": 0.7910463809967041, "question": "Sam guessed the Input image is 79% Ring billed Gull. Is it Ring billed Gull?", "Accept/Reject": false, "type": "top1", "image-path": "./data/top1-exp-materials/064.Ring_billed_Gull_162_5.jpeg", "user_decision": "YES", "user_id": "username-06p8joub", "is_user_correct": false}, {"top1-label": "Gray Catbird", "top1-score": 0.523360013961792, "question": "Sam guessed the Input image is 52% Gray Catbird. Is it Gray Catbird?", "Accept/Reject": true, "type": "top1", "image-path": "./data/top1-exp-materials/019.Gray_Catbird_5_7.jpeg", "user_decision": "YES", "user_id": "username-06p8joub", "is_user_correct": true}, {"top1-label": "Red legged Kittiwake", "top1-score": 0.9977236390113831, "question": "Sam guessed the Input image is 99% Red legged Kittiwake. Is it Red legged Kittiwake?", "Accept/Reject": true, "type": "top1", "image-path": "./data/top1-exp-materials/084.Red_legged_Kittiwake_0_0.jpeg", "user_decision": "YES", "user_id": "username-06p8joub", "is_user_correct": true}, {"top1-label": "Elegant Tern", "top1-score": 0.5819884538650513, "question": "Sam guessed the Input image is 58% Elegant Tern. Is it Elegant Tern?", "Accept/Reject": false, "type": "top1", "image-path": "./data/top1-exp-materials/147.Least_Tern_247_1.jpeg", "user_decision": "YES", "user_id": "username-06p8joub", "is_user_correct": false}, {"top1-label": "Golden winged Warbler", "top1-score": 0.9993302822113037, "question": "Sam guessed the Input image is 99% Golden winged Warbler. Is it Golden winged Warbler?", "Accept/Reject": true, "type": "top1", "image-path": "./data/top1-exp-materials/166.Golden_winged_Warbler_33_1.jpeg", "user_decision": "YES", "user_id": "username-06p8joub", "is_user_correct": true}, {"top1-label": "Whip poor Will", "top1-score": 0.003246027510613203, "question": "Sam guessed the Input image is 0% Whip poor Will. Is it Whip poor Will?", "Accept/Reject": false, "type": "top1", "image-path": "./data/top1-exp-materials/040.Olive_sided_Flycatcher_87_7.jpeg", "user_decision": "NO", "user_id": "username-06p8joub", "is_user_correct": true}, {"top1-label": "Horned Grebe", "top1-score": 0.9888243675231934, "question": "Sam guessed the Input image is 98% Horned Grebe. Is it Horned Grebe?", "Accept/Reject": true, "type": "top1", "image-path": "./data/top1-exp-materials/051.Horned_Grebe_41_2.jpeg", "user_decision": "YES", "user_id": "username-06p8joub", "is_user_correct": true}, {"top1-label": "Caspian Tern", "top1-score": 0.9471862316131592, "question": "Sam guessed the Input image is 94% Caspian Tern. Is it Caspian Tern?", "Accept/Reject": false, "type": "top1", "image-path": "./data/top1-exp-materials/145.Elegant_Tern_216_1.jpeg", "user_decision": "YES", "user_id": "username-06p8joub", "is_user_correct": false}, {"top1-label": "Scott Oriole", "top1-score": 0.7220855355262756, "question": "Sam guessed the Input image is 72% Scott Oriole. Is it Scott Oriole?", "Accept/Reject": true, "type": "top1", "image-path": "./data/top1-exp-materials/098.Scott_Oriole_3_4.jpeg", "user_decision": "YES", "user_id": "username-06p8joub", "is_user_correct": true}, {"top1-label": "Western Grebe", "top1-score": 0.9995843768119812, "question": "Sam guessed the Input image is 99% Western Grebe. Is it Western Grebe?", "Accept/Reject": true, "type": "top1", "image-path": "./data/top1-exp-materials/053.Western_Grebe_2_3.jpeg", "user_decision": "YES", "user_id": "username-06p8joub", "is_user_correct": true}, {"top1-label": "Bay breasted Warbler", "top1-score": 0.29114410281181335, "question": "Sam guessed the Input image is 29% Bay breasted Warbler. Is it Bay breasted Warbler?", "Accept/Reject": false, "type": "top1", "image-path": "./data/top1-exp-materials/165.Chestnut_sided_Warbler_199_1.jpeg", "user_decision": "YES", "user_id": "username-06p8joub", "is_user_correct": false}, {"top1-label": "Brandt Cormorant", "top1-score": 0.7601227164268494, "question": "Sam guessed the Input image is 76% Brandt Cormorant. Is it Brandt Cormorant?", "Accept/Reject": true, "type": "top1", "image-path": "./data/top1-exp-materials/023.Brandt_Cormorant_19_7.jpeg", "user_decision": "YES", "user_id": "username-06p8joub", "is_user_correct": true}, {"top1-label": "American Pipit", "top1-score": 0.9962766170501709, "question": "Sam guessed the Input image is 99% American Pipit. Is it American Pipit?", "Accept/Reject": true, "type": "top1", "image-path": "./data/top1-exp-materials/104.American_Pipit_37_5.jpeg", "user_decision": "YES", "user_id": "username-06p8joub", "is_user_correct": true}, {"top1-label": "Chestnut sided Warbler", "top1-score": 0.9489670991897583, "question": "Sam guessed the Input image is 94% Chestnut sided Warbler. Is it Chestnut sided Warbler?", "Accept/Reject": true, "type": "top1", "image-path": "./data/top1-exp-materials/165.Chestnut_sided_Warbler_39_3.jpeg", "user_decision": "NO", "user_id": "username-06p8joub", "is_user_correct": false}, {"top1-label": "Red bellied Woodpecker", "top1-score": 0.9962543249130249, "question": "Sam guessed the Input image is 99% Red bellied Woodpecker. Is it Red bellied Woodpecker?", "Accept/Reject": true, "type": "top1", "image-path": "./data/top1-exp-materials/189.Red_bellied_Woodpecker_32_0.jpeg", "user_decision": "YES", "user_id": "username-06p8joub", "is_user_correct": true}, {"top1-label": "Artic Tern", "top1-score": 0.5875436663627625, "question": "Sam guessed the Input image is 58% Artic Tern. Is it Artic Tern?", "Accept/Reject": false, "type": "top1", "image-path": "./data/top1-exp-materials/144.Common_Tern_39_5.jpeg", "user_decision": "YES", "user_id": "username-06p8joub", "is_user_correct": false}, {"top1-label": "Bronzed Cowbird", "top1-score": 0.009916502051055431, "question": "Sam guessed the Input image is 0% Bronzed Cowbird. Is it Bronzed Cowbird?", "Accept/Reject": false, "type": "top1", "image-path": "./data/top1-exp-materials/107.Common_Raven_176_7.jpeg", "user_decision": "NO", "user_id": "username-06p8joub", "is_user_correct": true}, {"top1-label": "Rose breasted Grosbeak", "top1-score": 0.9870318174362183, "question": "Sam guessed the Input image is 98% Rose breasted Grosbeak. Is it Rose breasted Grosbeak?", "Accept/Reject": true, "type": "top1", "image-path": "./data/top1-exp-materials/057.Rose_breasted_Grosbeak_34_4.jpeg", "user_decision": "YES", "user_id": "username-06p8joub", "is_user_correct": true}, {"top1-label": "Horned Lark", "top1-score": 0.10650143772363663, "question": "Sam guessed the Input image is 10% Horned Lark. Is it Horned Lark?", "Accept/Reject": false, "type": "top1", "image-path": "./data/top1-exp-materials/085.Horned_Lark_262_6.jpeg", "user_decision": "YES", "user_id": "username-06p8joub", "is_user_correct": false}, {"top1-label": "Blue Grosbeak", "top1-score": 0.004566745366901159, "question": "Sam guessed the Input image is 0% Blue Grosbeak. Is it Blue Grosbeak?", "Accept/Reject": false, "type": "top1", "image-path": "./data/top1-exp-materials/131.Vesper_Sparrow_275_7.jpeg", "user_decision": "NO", "user_id": "username-06p8joub", "is_user_correct": false}]}