{"user_id": "cab0186-sh68cr5z", "time": 1706221050, "history": [{"top1-label": "Tropical Kingbird", "top1-score": 0.9948203563690186, "question": "Sam guessed the Input image is 99% Tropical Kingbird. Is it Tropical Kingbird?", "Accept/Reject": true, "type": "topK", "image-path": "./data/topK-exp-materials/077.Tropical_Kingbird_30_0.jpeg", "user_decision": "YES", "user_id": "cab0186-sh68cr5z", "is_user_correct": true}, {"top1-label": "Pied Kingfisher", "top1-score": 0.999788224697113, "question": "Sam guessed the Input image is 99% Pied Kingfisher. Is it Pied Kingfisher?", "Accept/Reject": true, "type": "topK", "image-path": "./data/topK-exp-materials/081.Pied_Kingfisher_2_1.jpeg", "user_decision": "YES", "user_id": "cab0186-sh68cr5z", "is_user_correct": true}, {"top1-label": "Least Flycatcher", "top1-score": 0.9145526885986328, "question": "Sam guessed the Input image is 91% Least Flycatcher. Is it Least Flycatcher?", "Accept/Reject": false, "type": "topK", "image-path": "./data/topK-exp-materials/037.Acadian_Flycatcher_282_2.jpeg", "user_decision": "YES", "user_id": "cab0186-sh68cr5z", "is_user_correct": false}, {"top1-label": "Florida Jay", "top1-score": 0.7980294823646545, "question": "Sam guessed the Input image is 79% Florida Jay. Is it Florida Jay?", "Accept/Reject": false, "type": "topK", "image-path": "./data/topK-exp-materials/073.Blue_Jay_127_7.jpeg", "user_decision": "YES", "user_id": "cab0186-sh68cr5z", "is_user_correct": false}, {"top1-label": "Purple Finch", "top1-score": 0.980158269405365, "question": "Sam guessed the Input image is 98% Purple Finch. Is it Purple Finch?", "Accept/Reject": true, "type": "topK", "image-path": "./data/topK-exp-materials/035.Purple_Finch_25_1.jpeg", "user_decision": "NO", "user_id": "cab0186-sh68cr5z", "is_user_correct": false}, {"top1-label": "Least Tern", "top1-score": 0.003990004770457745, "question": "Sam guessed the Input image is 0% Least Tern. Is it Least Tern?", "Accept/Reject": true, "type": "topK", "image-path": "./data/topK-exp-materials/144.Common_Tern_10_0.jpeg", "user_decision": "NO", "user_id": "cab0186-sh68cr5z", "is_user_correct": false}, {"top1-label": "Pomarine Jaeger", "top1-score": 0.7985818386077881, "question": "Sam guessed the Input image is 79% Pomarine Jaeger. Is it Pomarine Jaeger?", "Accept/Reject": true, "type": "topK", "image-path": "./data/topK-exp-materials/072.Pomarine_Jaeger_10_2.jpeg", "user_decision": "YES", "user_id": "cab0186-sh68cr5z", "is_user_correct": true}, {"top1-label": "Western Gull", "top1-score": 0.22570593655109406, "question": "Sam guessed the Input image is 22% Western Gull. Is it Western Gull?", "Accept/Reject": false, "type": "topK", "image-path": "./data/topK-exp-materials/059.California_Gull_112_1.jpeg", "user_decision": "NO", "user_id": "cab0186-sh68cr5z", "is_user_correct": true}, {"top1-label": "Red bellied Woodpecker", "top1-score": 0.9990795850753784, "question": "Sam guessed the Input image is 99% Red bellied Woodpecker. Is it Red bellied Woodpecker?", "Accept/Reject": true, "type": "topK", "image-path": "./data/topK-exp-materials/189.Red_bellied_Woodpecker_26_7.jpeg", "user_decision": "YES", "user_id": "cab0186-sh68cr5z", "is_user_correct": true}, {"top1-label": "Baird Sparrow", "top1-score": 0.00925333984196186, "question": "Sam guessed the Input image is 0% Baird Sparrow. Is it Baird Sparrow?", "Accept/Reject": false, "type": "topK", "image-path": "./data/topK-exp-materials/127.Savannah_Sparrow_81_7.jpeg", "user_decision": "YES", "user_id": "cab0186-sh68cr5z", "is_user_correct": false}, {"top1-label": "Le Conte Sparrow", "top1-score": 0.13458998501300812, "question": "Sam guessed the Input image is 13% Le Conte Sparrow. Is it Le Conte Sparrow?", "Accept/Reject": false, "type": "topK", "image-path": "./data/topK-exp-materials/123.Henslow_Sparrow_260_0.jpeg", "user_decision": "NO", "user_id": "cab0186-sh68cr5z", "is_user_correct": true}, {"top1-label": "Gray crowned Rosy Finch", "top1-score": 0.28590622544288635, "question": "Sam guessed the Input image is 28% Gray crowned Rosy Finch. Is it Gray crowned Rosy Finch?", "Accept/Reject": false, "type": "topK", "image-path": "./data/topK-exp-materials/089.Hooded_Merganser_198_7.jpeg", "user_decision": "NO", "user_id": "cab0186-sh68cr5z", "is_user_correct": true}, {"top1-label": "Green tailed Towhee", "top1-score": 0.9980832934379578, "question": "Sam guessed the Input image is 99% Green tailed Towhee. Is it Green tailed Towhee?", "Accept/Reject": true, "type": "topK", "image-path": "./data/topK-exp-materials/148.Green_tailed_Towhee_24_2.jpeg", "user_decision": "YES", "user_id": "cab0186-sh68cr5z", "is_user_correct": true}, {"top1-label": "Lazuli Bunting", "top1-score": 0.9999699592590332, "question": "Sam guessed the Input image is 99% Lazuli Bunting. Is it Lazuli Bunting?", "Accept/Reject": true, "type": "topK", "image-path": "./data/topK-exp-materials/015.Lazuli_Bunting_17_7.jpeg", "user_decision": "YES", "user_id": "cab0186-sh68cr5z", "is_user_correct": true}, {"top1-label": "Sayornis", "top1-score": 0.3616830110549927, "question": "Sam guessed the Input image is 36% Sayornis. Is it Sayornis?", "Accept/Reject": true, "type": "topK", "image-path": "./data/topK-exp-materials/103.Sayornis_4_1.jpeg", "user_decision": "NO", "user_id": "cab0186-sh68cr5z", "is_user_correct": false}, {"top1-label": "Gray Catbird", "top1-score": 0.9967394471168518, "question": "Sam guessed the Input image is 99% Gray Catbird. Is it Gray Catbird?", "Accept/Reject": true, "type": "topK", "image-path": "./data/topK-exp-materials/019.Gray_Catbird_28_3.jpeg", "user_decision": "YES", "user_id": "cab0186-sh68cr5z", "is_user_correct": true}, {"top1-label": "Red legged Kittiwake", "top1-score": 0.999508261680603, "question": "Sam guessed the Input image is 99% Red legged Kittiwake. Is it Red legged Kittiwake?", "Accept/Reject": true, "type": "topK", "image-path": "./data/topK-exp-materials/084.Red_legged_Kittiwake_8_4.jpeg", "user_decision": "YES", "user_id": "cab0186-sh68cr5z", "is_user_correct": true}, {"top1-label": "Whip poor Will", "top1-score": 0.9745119214057922, "question": "Sam guessed the Input image is 97% Whip poor Will. Is it Whip poor Will?", "Accept/Reject": true, "type": "topK", "image-path": "./data/topK-exp-materials/105.Whip_poor_Will_25_5.jpeg", "user_decision": "YES", "user_id": "cab0186-sh68cr5z", "is_user_correct": true}, {"top1-label": "Sooty Albatross", "top1-score": 0.9546818733215332, "question": "Sam guessed the Input image is 95% Sooty Albatross. Is it Sooty Albatross?", "Accept/Reject": false, "type": "topK", "image-path": "./data/topK-exp-materials/002.Laysan_Albatross_123_7.jpeg", "user_decision": "NO", "user_id": "cab0186-sh68cr5z", "is_user_correct": true}, {"top1-label": "Purple Finch", "top1-score": 0.9933468699455261, "question": "Sam guessed the Input image is 99% Purple Finch. Is it Purple Finch?", "Accept/Reject": true, "type": "topK", "image-path": "./data/topK-exp-materials/035.Purple_Finch_40_3.jpeg", "user_decision": "YES", "user_id": "cab0186-sh68cr5z", "is_user_correct": true}, {"top1-label": "Glaucous winged Gull", "top1-score": 0.011445143260061741, "question": "Sam guessed the Input image is 1% Glaucous winged Gull. Is it Glaucous winged Gull?", "Accept/Reject": false, "type": "topK", "image-path": "./data/topK-exp-materials/045.Northern_Fulmar_224_7.jpeg", "user_decision": "NO", "user_id": "cab0186-sh68cr5z", "is_user_correct": true}, {"top1-label": "California Gull", "top1-score": 0.4884081184864044, "question": "Sam guessed the Input image is 48% California Gull. Is it California Gull?", "Accept/Reject": true, "type": "topK", "image-path": "./data/topK-exp-materials/059.California_Gull_6_5.jpeg", "user_decision": "NO", "user_id": "cab0186-sh68cr5z", "is_user_correct": false}, {"top1-label": "Acadian Flycatcher", "top1-score": 0.10620121657848358, "question": "Sam guessed the Input image is 10% Acadian Flycatcher. Is it Acadian Flycatcher?", "Accept/Reject": false, "type": "topK", "image-path": "./data/topK-exp-materials/043.Yellow_bellied_Flycatcher_167_1.jpeg", "user_decision": "YES", "user_id": "cab0186-sh68cr5z", "is_user_correct": false}, {"top1-label": "Long tailed Jaeger", "top1-score": 0.19890715181827545, "question": "Sam guessed the Input image is 19% Long tailed Jaeger. Is it Long tailed Jaeger?", "Accept/Reject": true, "type": "topK", "image-path": "./data/topK-exp-materials/071.Long_tailed_Jaeger_26_1.jpeg", "user_decision": "NO", "user_id": "cab0186-sh68cr5z", "is_user_correct": false}, {"top1-label": "Caspian Tern", "top1-score": 0.3031190037727356, "question": "Sam guessed the Input image is 30% Caspian Tern. Is it Caspian Tern?", "Accept/Reject": false, "type": "topK", "image-path": "./data/topK-exp-materials/002.Laysan_Albatross_267_4.jpeg", "user_decision": "NO", "user_id": "cab0186-sh68cr5z", "is_user_correct": true}, {"top1-label": "Herring Gull", "top1-score": 0.5163964033126831, "question": "Sam guessed the Input image is 51% Herring Gull. Is it Herring Gull?", "Accept/Reject": false, "type": "topK", "image-path": "./data/topK-exp-materials/059.California_Gull_119_6.jpeg", "user_decision": "YES", "user_id": "cab0186-sh68cr5z", "is_user_correct": false}, {"top1-label": "Winter Wren", "top1-score": 0.0830085277557373, "question": "Sam guessed the Input image is 8% Winter Wren. Is it Winter Wren?", "Accept/Reject": false, "type": "topK", "image-path": "./data/topK-exp-materials/194.Cactus_Wren_126_0.jpeg", "user_decision": "NO", "user_id": "cab0186-sh68cr5z", "is_user_correct": true}, {"top1-label": "Herring Gull", "top1-score": 0.8562842011451721, "question": "Sam guessed the Input image is 85% Herring Gull. Is it Herring Gull?", "Accept/Reject": false, "type": "topK", "image-path": "./data/topK-exp-materials/062.Herring_Gull_151_2.jpeg", "user_decision": "YES", "user_id": "cab0186-sh68cr5z", "is_user_correct": false}, {"top1-label": "Herring Gull", "top1-score": 0.11463460326194763, "question": "Sam guessed the Input image is 11% Herring Gull. Is it Herring Gull?", "Accept/Reject": false, "type": "topK", "image-path": "./data/topK-exp-materials/060.Glaucous_winged_Gull_313_1.jpeg", "user_decision": "YES", "user_id": "cab0186-sh68cr5z", "is_user_correct": false}, {"top1-label": "Carolina Wren", "top1-score": 0.948188304901123, "question": "Sam guessed the Input image is 94% Carolina Wren. Is it Carolina Wren?", "Accept/Reject": false, "type": "topK", "image-path": "./data/topK-exp-materials/197.Marsh_Wren_141_4.jpeg", "user_decision": "NO", "user_id": "cab0186-sh68cr5z", "is_user_correct": false}]}