{"user_id": "snh0037-guc9svzd", "time": 1706125264, "history": [{"top1-label": "Ring billed Gull", "top1-score": 0.7910463809967041, "question": "Sam guessed the Input image is 79% Ring billed Gull. Is it Ring billed Gull?", "Accept/Reject": false, "type": "top1", "image-path": "./data/top1-exp-materials/064.Ring_billed_Gull_162_5.jpeg", "user_decision": "YES", "user_id": "snh0037-guc9svzd", "is_user_correct": false}, {"top1-label": "Acadian Flycatcher", "top1-score": 0.28548839688301086, "question": "Sam guessed the Input image is 28% Acadian Flycatcher. Is it Acadian Flycatcher?", "Accept/Reject": false, "type": "top1", "image-path": "./data/top1-exp-materials/037.Acadian_Flycatcher_148_7.jpeg", "user_decision": "YES", "user_id": "snh0037-guc9svzd", "is_user_correct": false}, {"top1-label": "Summer Tanager", "top1-score": 0.9453678727149963, "question": "Sam guessed the Input image is 94% Summer Tanager. Is it Summer Tanager?", "Accept/Reject": true, "type": "top1", "image-path": "./data/top1-exp-materials/140.Summer_Tanager_8_2.jpeg", "user_decision": "YES", "user_id": "snh0037-guc9svzd", "is_user_correct": true}, {"top1-label": "Horned Puffin", "top1-score": 0.9992210865020752, "question": "Sam guessed the Input image is 99% Horned Puffin. Is it Horned Puffin?", "Accept/Reject": true, "type": "top1", "image-path": "./data/top1-exp-materials/106.Horned_Puffin_28_0.jpeg", "user_decision": "YES", "user_id": "snh0037-guc9svzd", "is_user_correct": true}, {"top1-label": "Baird Sparrow", "top1-score": 0.00925333984196186, "question": "Sam guessed the Input image is 0% Baird Sparrow. Is it Baird Sparrow?", "Accept/Reject": false, "type": "top1", "image-path": "./data/top1-exp-materials/127.Savannah_Sparrow_81_7.jpeg", "user_decision": "YES", "user_id": "snh0037-guc9svzd", "is_user_correct": false}, {"top1-label": "Bobolink", "top1-score": 0.9995248317718506, "question": "Sam guessed the Input image is 99% Bobolink. Is it Bobolink?", "Accept/Reject": true, "type": "top1", "image-path": "./data/top1-exp-materials/013.Bobolink_7_2.jpeg", "user_decision": "YES", "user_id": "snh0037-guc9svzd", "is_user_correct": true}, {"top1-label": "White necked Raven", "top1-score": 0.036096569150686264, "question": "Sam guessed the Input image is 3% White necked Raven. Is it White necked Raven?", "Accept/Reject": false, "type": "top1", "image-path": "./data/top1-exp-materials/108.White_necked_Raven_232_2.jpeg", "user_decision": "YES", "user_id": "snh0037-guc9svzd", "is_user_correct": false}, {"top1-label": "Golden winged Warbler", "top1-score": 0.9980595707893372, "question": "Sam guessed the Input image is 99% Golden winged Warbler. Is it Golden winged Warbler?", "Accept/Reject": true, "type": "top1", "image-path": "./data/top1-exp-materials/166.Golden_winged_Warbler_0_5.jpeg", "user_decision": "YES", "user_id": "snh0037-guc9svzd", "is_user_correct": true}, {"top1-label": "Northern Waterthrush", "top1-score": 0.9476956725120544, "question": "Sam guessed the Input image is 94% Northern Waterthrush. Is it Northern Waterthrush?", "Accept/Reject": true, "type": "top1", "image-path": "./data/top1-exp-materials/183.Northern_Waterthrush_5_5.jpeg", "user_decision": "YES", "user_id": "snh0037-guc9svzd", "is_user_correct": true}, {"top1-label": "Hooded Oriole", "top1-score": 0.9899427890777588, "question": "Sam guessed the Input image is 98% Hooded Oriole. Is it Hooded Oriole?", "Accept/Reject": true, "type": "top1", "image-path": "./data/top1-exp-materials/096.Hooded_Oriole_7_3.jpeg", "user_decision": "YES", "user_id": "snh0037-guc9svzd", "is_user_correct": true}, {"top1-label": "Orange crowned Warbler", "top1-score": 0.4099368751049042, "question": "Sam guessed the Input image is 40% Orange crowned Warbler. Is it Orange crowned Warbler?", "Accept/Reject": false, "type": "top1", "image-path": "./data/top1-exp-materials/179.Tennessee_Warbler_39_6.jpeg", "user_decision": "YES", "user_id": "snh0037-guc9svzd", "is_user_correct": false}, {"top1-label": "Lazuli Bunting", "top1-score": 0.999834418296814, "question": "Sam guessed the Input image is 99% Lazuli Bunting. Is it Lazuli Bunting?", "Accept/Reject": false, "type": "top1", "image-path": "./data/top1-exp-materials/116.Chipping_Sparrow_114_1.jpeg", "user_decision": "YES", "user_id": "snh0037-guc9svzd", "is_user_correct": false}, {"top1-label": "Pomarine Jaeger", "top1-score": 0.8937700986862183, "question": "Sam guessed the Input image is 89% Pomarine Jaeger. Is it Pomarine Jaeger?", "Accept/Reject": true, "type": "top1", "image-path": "./data/top1-exp-materials/072.Pomarine_Jaeger_1_3.jpeg", "user_decision": "YES", "user_id": "snh0037-guc9svzd", "is_user_correct": true}, {"top1-label": "Red breasted Merganser", "top1-score": 0.9853400588035583, "question": "Sam guessed the Input image is 98% Red breasted Merganser. Is it Red breasted Merganser?", "Accept/Reject": true, "type": "top1", "image-path": "./data/top1-exp-materials/090.Red_breasted_Merganser_17_1.jpeg", "user_decision": "YES", "user_id": "snh0037-guc9svzd", "is_user_correct": true}, {"top1-label": "Brewer Blackbird", "top1-score": 0.20101840794086456, "question": "Sam guessed the Input image is 20% Brewer Blackbird. Is it Brewer Blackbird?", "Accept/Reject": false, "type": "top1", "image-path": "./data/top1-exp-materials/011.Rusty_Blackbird_165_7.jpeg", "user_decision": "YES", "user_id": "snh0037-guc9svzd", "is_user_correct": false}, {"top1-label": "Blue Jay", "top1-score": 0.9997261166572571, "question": "Sam guessed the Input image is 99% Blue Jay. Is it Blue Jay?", "Accept/Reject": true, "type": "top1", "image-path": "./data/top1-exp-materials/073.Blue_Jay_18_1.jpeg", "user_decision": "YES", "user_id": "snh0037-guc9svzd", "is_user_correct": true}, {"top1-label": "Great Grey Shrike", "top1-score": 0.07784516364336014, "question": "Sam guessed the Input image is 7% Great Grey Shrike. Is it Great Grey Shrike?", "Accept/Reject": true, "type": "top1", "image-path": "./data/top1-exp-materials/112.Great_Grey_Shrike_19_4.jpeg", "user_decision": "YES", "user_id": "snh0037-guc9svzd", "is_user_correct": true}, {"top1-label": "Fox Sparrow", "top1-score": 0.9919499158859253, "question": "Sam guessed the Input image is 99% Fox Sparrow. Is it Fox Sparrow?", "Accept/Reject": true, "type": "top1", "image-path": "./data/top1-exp-materials/120.Fox_Sparrow_3_6.jpeg", "user_decision": "YES", "user_id": "snh0037-guc9svzd", "is_user_correct": true}, {"top1-label": "Bohemian Waxwing", "top1-score": 0.7135651111602783, "question": "Sam guessed the Input image is 71% Bohemian Waxwing. Is it Bohemian Waxwing?", "Accept/Reject": true, "type": "top1", "image-path": "./data/top1-exp-materials/185.Bohemian_Waxwing_26_4.jpeg", "user_decision": "YES", "user_id": "snh0037-guc9svzd", "is_user_correct": true}, {"top1-label": "Rose breasted Grosbeak", "top1-score": 0.9994884729385376, "question": "Sam guessed the Input image is 99% Rose breasted Grosbeak. Is it Rose breasted Grosbeak?", "Accept/Reject": true, "type": "top1", "image-path": "./data/top1-exp-materials/057.Rose_breasted_Grosbeak_31_4.jpeg", "user_decision": "YES", "user_id": "snh0037-guc9svzd", "is_user_correct": true}, {"top1-label": "Chestnut sided Warbler", "top1-score": 0.9975212216377258, "question": "Sam guessed the Input image is 99% Chestnut sided Warbler. Is it Chestnut sided Warbler?", "Accept/Reject": true, "type": "top1", "image-path": "./data/top1-exp-materials/165.Chestnut_sided_Warbler_13_1.jpeg", "user_decision": "YES", "user_id": "snh0037-guc9svzd", "is_user_correct": true}, {"top1-label": "Fish Crow", "top1-score": 0.2910807132720947, "question": "Sam guessed the Input image is 29% Fish Crow. Is it Fish Crow?", "Accept/Reject": false, "type": "top1", "image-path": "./data/top1-exp-materials/029.American_Crow_53_4.jpeg", "user_decision": "YES", "user_id": "snh0037-guc9svzd", "is_user_correct": false}, {"top1-label": "Western Gull", "top1-score": 0.901774525642395, "question": "Sam guessed the Input image is 90% Western Gull. Is it Western Gull?", "Accept/Reject": false, "type": "top1", "image-path": "./data/top1-exp-materials/059.California_Gull_291_1.jpeg", "user_decision": "YES", "user_id": "snh0037-guc9svzd", "is_user_correct": false}, {"top1-label": "Slaty backed Gull", "top1-score": 0.4413731098175049, "question": "Sam guessed the Input image is 44% Slaty backed Gull. Is it Slaty backed Gull?", "Accept/Reject": false, "type": "top1", "image-path": "./data/top1-exp-materials/062.Herring_Gull_236_4.jpeg", "user_decision": "YES", "user_id": "snh0037-guc9svzd", "is_user_correct": false}, {"top1-label": "Red headed Woodpecker", "top1-score": 0.9891303777694702, "question": "Sam guessed the Input image is 98% Red headed Woodpecker. Is it Red headed Woodpecker?", "Accept/Reject": true, "type": "top1", "image-path": "./data/top1-exp-materials/191.Red_headed_Woodpecker_20_6.jpeg", "user_decision": "YES", "user_id": "snh0037-guc9svzd", "is_user_correct": true}, {"top1-label": "Grasshopper Sparrow", "top1-score": 0.9970129728317261, "question": "Sam guessed the Input image is 99% Grasshopper Sparrow. Is it Grasshopper Sparrow?", "Accept/Reject": true, "type": "top1", "image-path": "./data/top1-exp-materials/121.Grasshopper_Sparrow_3_3.jpeg", "user_decision": "YES", "user_id": "snh0037-guc9svzd", "is_user_correct": true}, {"top1-label": "Least Tern", "top1-score": 0.0247866902500391, "question": "Sam guessed the Input image is 2% Least Tern. Is it Least Tern?", "Accept/Reject": false, "type": "top1", "image-path": "./data/top1-exp-materials/147.Least_Tern_292_4.jpeg", "user_decision": "YES", "user_id": "snh0037-guc9svzd", "is_user_correct": false}, {"top1-label": "Bronzed Cowbird", "top1-score": 0.9996199607849121, "question": "Sam guessed the Input image is 99% Bronzed Cowbird. Is it Bronzed Cowbird?", "Accept/Reject": true, "type": "top1", "image-path": "./data/top1-exp-materials/026.Bronzed_Cowbird_16_4.jpeg", "user_decision": "YES", "user_id": "snh0037-guc9svzd", "is_user_correct": true}, {"top1-label": "Fish Crow", "top1-score": 0.34801560640335083, "question": "Sam guessed the Input image is 34% Fish Crow. Is it Fish Crow?", "Accept/Reject": false, "type": "top1", "image-path": "./data/top1-exp-materials/011.Rusty_Blackbird_56_7.jpeg", "user_decision": "YES", "user_id": "snh0037-guc9svzd", "is_user_correct": false}, {"top1-label": "White throated Sparrow", "top1-score": 0.9903157353401184, "question": "Sam guessed the Input image is 99% White throated Sparrow. Is it White throated Sparrow?", "Accept/Reject": true, "type": "top1", "image-path": "./data/top1-exp-materials/133.White_throated_Sparrow_33_6.jpeg", "user_decision": "YES", "user_id": "snh0037-guc9svzd", "is_user_correct": false}]}