{"user_id": "lnl0017-0vzf7tpq", "time": 1706292866, "history": [{"top1-label": "Common Tern", "top1-score": 0.2668288052082062, "question": "Sam guessed the Input image is 26% Common Tern. Is it Common Tern?", "Accept/Reject": false, "type": "top1", "image-path": "./data/top1-exp-materials/146.Forsters_Tern_136_7.jpeg", "user_decision": "YES", "user_id": "lnl0017-0vzf7tpq", "is_user_correct": false}, {"top1-label": "Bay breasted Warbler", "top1-score": 0.29114410281181335, "question": "Sam guessed the Input image is 29% Bay breasted Warbler. Is it Bay breasted Warbler?", "Accept/Reject": false, "type": "top1", "image-path": "./data/top1-exp-materials/165.Chestnut_sided_Warbler_199_1.jpeg", "user_decision": "YES", "user_id": "lnl0017-0vzf7tpq", "is_user_correct": false}, {"top1-label": "Geococcyx", "top1-score": 0.9741169810295105, "question": "Sam guessed the Input image is 97% Geococcyx. Is it Geococcyx?", "Accept/Reject": true, "type": "top1", "image-path": "./data/top1-exp-materials/110.Geococcyx_5_2.jpeg", "user_decision": "YES", "user_id": "lnl0017-0vzf7tpq", "is_user_correct": true}, {"top1-label": "Brandt Cormorant", "top1-score": 0.7944649457931519, "question": "Sam guessed the Input image is 79% Brandt Cormorant. Is it Brandt Cormorant?", "Accept/Reject": true, "type": "top1", "image-path": "./data/top1-exp-materials/023.Brandt_Cormorant_27_4.jpeg", "user_decision": "YES", "user_id": "lnl0017-0vzf7tpq", "is_user_correct": true}, {"top1-label": "Yellow breasted Chat", "top1-score": 0.9490922093391418, "question": "Sam guessed the Input image is 94% Yellow breasted Chat. Is it Yellow breasted Chat?", "Accept/Reject": true, "type": "top1", "image-path": "./data/top1-exp-materials/020.Yellow_breasted_Chat_41_0.jpeg", "user_decision": "YES", "user_id": "lnl0017-0vzf7tpq", "is_user_correct": true}, {"top1-label": "Western Wood Pewee", "top1-score": 0.5560365915298462, "question": "Sam guessed the Input image is 55% Western Wood Pewee. Is it Western Wood Pewee?", "Accept/Reject": false, "type": "top1", "image-path": "./data/top1-exp-materials/040.Olive_sided_Flycatcher_130_6.jpeg", "user_decision": "YES", "user_id": "lnl0017-0vzf7tpq", "is_user_correct": false}, {"top1-label": "Pied Kingfisher", "top1-score": 0.999707043170929, "question": "Sam guessed the Input image is 99% Pied Kingfisher. Is it Pied Kingfisher?", "Accept/Reject": true, "type": "top1", "image-path": "./data/top1-exp-materials/081.Pied_Kingfisher_1_7.jpeg", "user_decision": "YES", "user_id": "lnl0017-0vzf7tpq", "is_user_correct": true}, {"top1-label": "Barn Swallow", "top1-score": 0.9448918104171753, "question": "Sam guessed the Input image is 94% Barn Swallow. Is it Barn Swallow?", "Accept/Reject": true, "type": "top1", "image-path": "./data/top1-exp-materials/136.Barn_Swallow_21_6.jpeg", "user_decision": "YES", "user_id": "lnl0017-0vzf7tpq", "is_user_correct": true}, {"top1-label": "Lincoln Sparrow", "top1-score": 0.44258302450180054, "question": "Sam guessed the Input image is 44% Lincoln Sparrow. Is it Lincoln Sparrow?", "Accept/Reject": true, "type": "top1", "image-path": "./data/top1-exp-materials/125.Lincoln_Sparrow_25_6.jpeg", "user_decision": "NO", "user_id": "lnl0017-0vzf7tpq", "is_user_correct": false}, {"top1-label": "Myrtle Warbler", "top1-score": 0.705444872379303, "question": "Sam guessed the Input image is 70% Myrtle Warbler. Is it Myrtle Warbler?", "Accept/Reject": true, "type": "top1", "image-path": "./data/top1-exp-materials/171.Myrtle_Warbler_34_7.jpeg", "user_decision": "YES", "user_id": "lnl0017-0vzf7tpq", "is_user_correct": true}, {"top1-label": "Red legged Kittiwake", "top1-score": 0.9977236390113831, "question": "Sam guessed the Input image is 99% Red legged Kittiwake. Is it Red legged Kittiwake?", "Accept/Reject": true, "type": "top1", "image-path": "./data/top1-exp-materials/084.Red_legged_Kittiwake_0_0.jpeg", "user_decision": "YES", "user_id": "lnl0017-0vzf7tpq", "is_user_correct": true}, {"top1-label": "Cedar Waxwing", "top1-score": 0.9981143474578857, "question": "Sam guessed the Input image is 99% Cedar Waxwing. Is it Cedar Waxwing?", "Accept/Reject": true, "type": "top1", "image-path": "./data/top1-exp-materials/186.Cedar_Waxwing_39_1.jpeg", "user_decision": "YES", "user_id": "lnl0017-0vzf7tpq", "is_user_correct": true}, {"top1-label": "American Goldfinch", "top1-score": 0.9710090756416321, "question": "Sam guessed the Input image is 97% American Goldfinch. Is it American Goldfinch?", "Accept/Reject": false, "type": "top1", "image-path": "./data/top1-exp-materials/157.Yellow_throated_Vireo_12_1.jpeg", "user_decision": "YES", "user_id": "lnl0017-0vzf7tpq", "is_user_correct": false}, {"top1-label": "House Wren", "top1-score": 0.977676272392273, "question": "Sam guessed the Input image is 97% House Wren. Is it House Wren?", "Accept/Reject": true, "type": "top1", "image-path": "./data/top1-exp-materials/196.House_Wren_22_1.jpeg", "user_decision": "YES", "user_id": "lnl0017-0vzf7tpq", "is_user_correct": true}, {"top1-label": "White throated Sparrow", "top1-score": 0.9968647360801697, "question": "Sam guessed the Input image is 99% White throated Sparrow. Is it White throated Sparrow?", "Accept/Reject": true, "type": "top1", "image-path": "./data/top1-exp-materials/133.White_throated_Sparrow_6_3.jpeg", "user_decision": "YES", "user_id": "lnl0017-0vzf7tpq", "is_user_correct": true}, {"top1-label": "Common Tern", "top1-score": 0.16987372934818268, "question": "Sam guessed the Input image is 16% Common Tern. Is it Common Tern?", "Accept/Reject": false, "type": "top1", "image-path": "./data/top1-exp-materials/143.Caspian_Tern_160_5.jpeg", "user_decision": "YES", "user_id": "lnl0017-0vzf7tpq", "is_user_correct": false}, {"top1-label": "Henslow Sparrow", "top1-score": 0.6396999359130859, "question": "Sam guessed the Input image is 63% Henslow Sparrow. Is it Henslow Sparrow?", "Accept/Reject": false, "type": "top1", "image-path": "./data/top1-exp-materials/123.Henslow_Sparrow_236_7.jpeg", "user_decision": "YES", "user_id": "lnl0017-0vzf7tpq", "is_user_correct": false}, {"top1-label": "Purple Finch", "top1-score": 0.980158269405365, "question": "Sam guessed the Input image is 98% Purple Finch. Is it Purple Finch?", "Accept/Reject": true, "type": "top1", "image-path": "./data/top1-exp-materials/035.Purple_Finch_25_1.jpeg", "user_decision": "NO", "user_id": "lnl0017-0vzf7tpq", "is_user_correct": false}, {"top1-label": "Ring billed Gull", "top1-score": 0.49495792388916016, "question": "Sam guessed the Input image is 49% Ring billed Gull. Is it Ring billed Gull?", "Accept/Reject": false, "type": "top1", "image-path": "./data/top1-exp-materials/059.California_Gull_165_4.jpeg", "user_decision": "YES", "user_id": "lnl0017-0vzf7tpq", "is_user_correct": false}, {"top1-label": "Black billed Cuckoo", "top1-score": 0.45936301350593567, "question": "Sam guessed the Input image is 45% Black billed Cuckoo. Is it Black billed Cuckoo?", "Accept/Reject": false, "type": "top1", "image-path": "./data/top1-exp-materials/032.Mangrove_Cuckoo_147_0.jpeg", "user_decision": "YES", "user_id": "lnl0017-0vzf7tpq", "is_user_correct": false}, {"top1-label": "Least Tern", "top1-score": 0.17540134489536285, "question": "Sam guessed the Input image is 17% Least Tern. Is it Least Tern?", "Accept/Reject": false, "type": "top1", "image-path": "./data/top1-exp-materials/145.Elegant_Tern_287_0.jpeg", "user_decision": "NO", "user_id": "lnl0017-0vzf7tpq", "is_user_correct": true}, {"top1-label": "Pine Warbler", "top1-score": 0.9837488532066345, "question": "Sam guessed the Input image is 98% Pine Warbler. Is it Pine Warbler?", "Accept/Reject": true, "type": "top1", "image-path": "./data/top1-exp-materials/175.Pine_Warbler_15_2.jpeg", "user_decision": "YES", "user_id": "lnl0017-0vzf7tpq", "is_user_correct": true}, {"top1-label": "Golden winged Warbler", "top1-score": 0.9980595707893372, "question": "Sam guessed the Input image is 99% Golden winged Warbler. Is it Golden winged Warbler?", "Accept/Reject": true, "type": "top1", "image-path": "./data/top1-exp-materials/166.Golden_winged_Warbler_0_5.jpeg", "user_decision": "YES", "user_id": "lnl0017-0vzf7tpq", "is_user_correct": true}, {"top1-label": "Golden winged Warbler", "top1-score": 0.9993302822113037, "question": "Sam guessed the Input image is 99% Golden winged Warbler. Is it Golden winged Warbler?", "Accept/Reject": true, "type": "top1", "image-path": "./data/top1-exp-materials/166.Golden_winged_Warbler_33_1.jpeg", "user_decision": "YES", "user_id": "lnl0017-0vzf7tpq", "is_user_correct": true}, {"top1-label": "Red eyed Vireo", "top1-score": 0.9664561748504639, "question": "Sam guessed the Input image is 96% Red eyed Vireo. Is it Red eyed Vireo?", "Accept/Reject": true, "type": "top1", "image-path": "./data/top1-exp-materials/154.Red_eyed_Vireo_6_1.jpeg", "user_decision": "YES", "user_id": "lnl0017-0vzf7tpq", "is_user_correct": true}, {"top1-label": "Elegant Tern", "top1-score": 0.5819884538650513, "question": "Sam guessed the Input image is 58% Elegant Tern. Is it Elegant Tern?", "Accept/Reject": false, "type": "top1", "image-path": "./data/top1-exp-materials/147.Least_Tern_247_1.jpeg", "user_decision": "YES", "user_id": "lnl0017-0vzf7tpq", "is_user_correct": false}, {"top1-label": "Pomarine Jaeger", "top1-score": 0.41584303975105286, "question": "Sam guessed the Input image is 41% Pomarine Jaeger. Is it Pomarine Jaeger?", "Accept/Reject": false, "type": "top1", "image-path": "./data/top1-exp-materials/071.Long_tailed_Jaeger_151_1.jpeg", "user_decision": "YES", "user_id": "lnl0017-0vzf7tpq", "is_user_correct": false}, {"top1-label": "Brewer Blackbird", "top1-score": 0.9880331754684448, "question": "Sam guessed the Input image is 98% Brewer Blackbird. Is it Brewer Blackbird?", "Accept/Reject": true, "type": "top1", "image-path": "./data/top1-exp-materials/009.Brewer_Blackbird_4_7.jpeg", "user_decision": "YES", "user_id": "lnl0017-0vzf7tpq", "is_user_correct": true}, {"top1-label": "Elegant Tern", "top1-score": 0.5195083618164062, "question": "Sam guessed the Input image is 51% Elegant Tern. Is it Elegant Tern?", "Accept/Reject": false, "type": "top1", "image-path": "./data/top1-exp-materials/143.Caspian_Tern_110_2.jpeg", "user_decision": "YES", "user_id": "lnl0017-0vzf7tpq", "is_user_correct": false}, {"top1-label": "Caspian Tern", "top1-score": 0.9471862316131592, "question": "Sam guessed the Input image is 94% Caspian Tern. Is it Caspian Tern?", "Accept/Reject": false, "type": "top1", "image-path": "./data/top1-exp-materials/145.Elegant_Tern_216_1.jpeg", "user_decision": "YES", "user_id": "lnl0017-0vzf7tpq", "is_user_correct": false}]}