{"user_id": "dgb0028-igt757bc", "time": 1706211168, "history": [{"top1-label": "Bobolink", "top1-score": 0.9950447082519531, "question": "Sam guessed the Input image is 99% Bobolink. Is it Bobolink?", "Accept/Reject": true, "type": "topK", "image-path": "./data/topK-exp-materials/013.Bobolink_30_6.jpeg", "user_decision": "YES", "user_id": "dgb0028-igt757bc", "is_user_correct": true}, {"top1-label": "Summer Tanager", "top1-score": 0.8257912397384644, "question": "Sam guessed the Input image is 82% Summer Tanager. Is it Summer Tanager?", "Accept/Reject": false, "type": "topK", "image-path": "./data/topK-exp-materials/139.Scarlet_Tanager_198_2.jpeg", "user_decision": "YES", "user_id": "dgb0028-igt757bc", "is_user_correct": false}, {"top1-label": "Loggerhead Shrike", "top1-score": 0.3784658908843994, "question": "Sam guessed the Input image is 37% Loggerhead Shrike. Is it Loggerhead Shrike?", "Accept/Reject": false, "type": "topK", "image-path": "./data/topK-exp-materials/112.Great_Grey_Shrike_137_3.jpeg", "user_decision": "YES", "user_id": "dgb0028-igt757bc", "is_user_correct": false}, {"top1-label": "Horned Grebe", "top1-score": 0.9875584244728088, "question": "Sam guessed the Input image is 98% Horned Grebe. Is it Horned Grebe?", "Accept/Reject": true, "type": "topK", "image-path": "./data/topK-exp-materials/051.Horned_Grebe_33_2.jpeg", "user_decision": "NO", "user_id": "dgb0028-igt757bc", "is_user_correct": false}, {"top1-label": "Indigo Bunting", "top1-score": 0.9845351576805115, "question": "Sam guessed the Input image is 98% Indigo Bunting. Is it Indigo Bunting?", "Accept/Reject": false, "type": "topK", "image-path": "./data/topK-exp-materials/054.Blue_Grosbeak_165_5.jpeg", "user_decision": "NO", "user_id": "dgb0028-igt757bc", "is_user_correct": true}, {"top1-label": "Hooded Warbler", "top1-score": 0.6328713893890381, "question": "Sam guessed the Input image is 63% Hooded Warbler. Is it Hooded Warbler?", "Accept/Reject": false, "type": "topK", "image-path": "./data/topK-exp-materials/180.Wilson_Warbler_37_2.jpeg", "user_decision": "YES", "user_id": "dgb0028-igt757bc", "is_user_correct": false}, {"top1-label": "Least Flycatcher", "top1-score": 0.9431430697441101, "question": "Sam guessed the Input image is 94% Least Flycatcher. Is it Least Flycatcher?", "Accept/Reject": true, "type": "topK", "image-path": "./data/topK-exp-materials/039.Least_Flycatcher_2_6.jpeg", "user_decision": "YES", "user_id": "dgb0028-igt757bc", "is_user_correct": true}, {"top1-label": "Gray Kingbird", "top1-score": 0.22022730112075806, "question": "Sam guessed the Input image is 22% Gray Kingbird. Is it Gray Kingbird?", "Accept/Reject": false, "type": "topK", "image-path": "./data/topK-exp-materials/091.Mockingbird_292_1.jpeg", "user_decision": "NO", "user_id": "dgb0028-igt757bc", "is_user_correct": true}, {"top1-label": "Common Raven", "top1-score": 0.3587762713432312, "question": "Sam guessed the Input image is 35% Common Raven. Is it Common Raven?", "Accept/Reject": false, "type": "topK", "image-path": "./data/topK-exp-materials/107.Common_Raven_220_1.jpeg", "user_decision": "YES", "user_id": "dgb0028-igt757bc", "is_user_correct": false}, {"top1-label": "Vesper Sparrow", "top1-score": 0.6076547503471375, "question": "Sam guessed the Input image is 60% Vesper Sparrow. Is it Vesper Sparrow?", "Accept/Reject": false, "type": "topK", "image-path": "./data/topK-exp-materials/127.Savannah_Sparrow_289_3.jpeg", "user_decision": "NO", "user_id": "dgb0028-igt757bc", "is_user_correct": true}, {"top1-label": "Harris Sparrow", "top1-score": 0.7087512016296387, "question": "Sam guessed the Input image is 70% Harris Sparrow. Is it Harris Sparrow?", "Accept/Reject": true, "type": "topK", "image-path": "./data/topK-exp-materials/122.Harris_Sparrow_27_2.jpeg", "user_decision": "YES", "user_id": "dgb0028-igt757bc", "is_user_correct": true}, {"top1-label": "Green tailed Towhee", "top1-score": 0.9980832934379578, "question": "Sam guessed the Input image is 99% Green tailed Towhee. Is it Green tailed Towhee?", "Accept/Reject": true, "type": "topK", "image-path": "./data/topK-exp-materials/148.Green_tailed_Towhee_24_2.jpeg", "user_decision": "YES", "user_id": "dgb0028-igt757bc", "is_user_correct": true}, {"top1-label": "Geococcyx", "top1-score": 0.9812029004096985, "question": "Sam guessed the Input image is 98% Geococcyx. Is it Geococcyx?", "Accept/Reject": true, "type": "topK", "image-path": "./data/topK-exp-materials/110.Geococcyx_14_1.jpeg", "user_decision": "YES", "user_id": "dgb0028-igt757bc", "is_user_correct": true}, {"top1-label": "Henslow Sparrow", "top1-score": 0.4842006266117096, "question": "Sam guessed the Input image is 48% Henslow Sparrow. Is it Henslow Sparrow?", "Accept/Reject": true, "type": "topK", "image-path": "./data/topK-exp-materials/123.Henslow_Sparrow_25_4.jpeg", "user_decision": "YES", "user_id": "dgb0028-igt757bc", "is_user_correct": true}, {"top1-label": "Brewer Blackbird", "top1-score": 0.20101840794086456, "question": "Sam guessed the Input image is 20% Brewer Blackbird. Is it Brewer Blackbird?", "Accept/Reject": false, "type": "topK", "image-path": "./data/topK-exp-materials/011.Rusty_Blackbird_165_7.jpeg", "user_decision": "YES", "user_id": "dgb0028-igt757bc", "is_user_correct": false}, {"top1-label": "Fish Crow", "top1-score": 0.42843756079673767, "question": "Sam guessed the Input image is 42% Fish Crow. Is it Fish Crow?", "Accept/Reject": false, "type": "topK", "image-path": "./data/topK-exp-materials/029.American_Crow_39_4.jpeg", "user_decision": "YES", "user_id": "dgb0028-igt757bc", "is_user_correct": false}, {"top1-label": "Least Flycatcher", "top1-score": 0.9878522157669067, "question": "Sam guessed the Input image is 98% Least Flycatcher. Is it Least Flycatcher?", "Accept/Reject": true, "type": "topK", "image-path": "./data/topK-exp-materials/039.Least_Flycatcher_9_0.jpeg", "user_decision": "YES", "user_id": "dgb0028-igt757bc", "is_user_correct": true}, {"top1-label": "Brewer Blackbird", "top1-score": 0.9880331754684448, "question": "Sam guessed the Input image is 98% Brewer Blackbird. Is it Brewer Blackbird?", "Accept/Reject": true, "type": "topK", "image-path": "./data/topK-exp-materials/009.Brewer_Blackbird_4_7.jpeg", "user_decision": "YES", "user_id": "dgb0028-igt757bc", "is_user_correct": true}, {"top1-label": "Vermilion Flycatcher", "top1-score": 0.9947752356529236, "question": "Sam guessed the Input image is 99% Vermilion Flycatcher. Is it Vermilion Flycatcher?", "Accept/Reject": true, "type": "topK", "image-path": "./data/topK-exp-materials/042.Vermilion_Flycatcher_42_1.jpeg", "user_decision": "YES", "user_id": "dgb0028-igt757bc", "is_user_correct": true}, {"top1-label": "Black billed Cuckoo", "top1-score": 0.9805046319961548, "question": "Sam guessed the Input image is 98% Black billed Cuckoo. Is it Black billed Cuckoo?", "Accept/Reject": true, "type": "topK", "image-path": "./data/topK-exp-materials/031.Black_billed_Cuckoo_6_2.jpeg", "user_decision": "YES", "user_id": "dgb0028-igt757bc", "is_user_correct": true}, {"top1-label": "Ringed Kingfisher", "top1-score": 0.6328065395355225, "question": "Sam guessed the Input image is 63% Ringed Kingfisher. Is it Ringed Kingfisher?", "Accept/Reject": false, "type": "topK", "image-path": "./data/topK-exp-materials/080.Green_Kingfisher_170_6.jpeg", "user_decision": "YES", "user_id": "dgb0028-igt757bc", "is_user_correct": false}, {"top1-label": "Red faced Cormorant", "top1-score": 0.9856429696083069, "question": "Sam guessed the Input image is 98% Red faced Cormorant. Is it Red faced Cormorant?", "Accept/Reject": true, "type": "topK", "image-path": "./data/topK-exp-materials/024.Red_faced_Cormorant_21_7.jpeg", "user_decision": "YES", "user_id": "dgb0028-igt757bc", "is_user_correct": true}, {"top1-label": "Purple Finch", "top1-score": 0.980158269405365, "question": "Sam guessed the Input image is 98% Purple Finch. Is it Purple Finch?", "Accept/Reject": true, "type": "topK", "image-path": "./data/topK-exp-materials/035.Purple_Finch_25_1.jpeg", "user_decision": "NO", "user_id": "dgb0028-igt757bc", "is_user_correct": false}, {"top1-label": "Swainson Warbler", "top1-score": 0.18717005848884583, "question": "Sam guessed the Input image is 18% Swainson Warbler. Is it Swainson Warbler?", "Accept/Reject": false, "type": "topK", "image-path": "./data/topK-exp-materials/118.House_Sparrow_142_2.jpeg", "user_decision": "NO", "user_id": "dgb0028-igt757bc", "is_user_correct": true}, {"top1-label": "Great Grey Shrike", "top1-score": 0.6236667633056641, "question": "Sam guessed the Input image is 62% Great Grey Shrike. Is it Great Grey Shrike?", "Accept/Reject": true, "type": "topK", "image-path": "./data/topK-exp-materials/112.Great_Grey_Shrike_34_6.jpeg", "user_decision": "YES", "user_id": "dgb0028-igt757bc", "is_user_correct": true}, {"top1-label": "Indigo Bunting", "top1-score": 0.995785653591156, "question": "Sam guessed the Input image is 99% Indigo Bunting. Is it Indigo Bunting?", "Accept/Reject": true, "type": "topK", "image-path": "./data/topK-exp-materials/014.Indigo_Bunting_32_2.jpeg", "user_decision": "YES", "user_id": "dgb0028-igt757bc", "is_user_correct": true}, {"top1-label": "White eyed Vireo", "top1-score": 0.9981279373168945, "question": "Sam guessed the Input image is 99% White eyed Vireo. Is it White eyed Vireo?", "Accept/Reject": false, "type": "topK", "image-path": "./data/topK-exp-materials/157.Yellow_throated_Vireo_184_6.jpeg", "user_decision": "YES", "user_id": "dgb0028-igt757bc", "is_user_correct": false}, {"top1-label": "Swainson Warbler", "top1-score": 0.9935436844825745, "question": "Sam guessed the Input image is 99% Swainson Warbler. Is it Swainson Warbler?", "Accept/Reject": true, "type": "topK", "image-path": "./data/topK-exp-materials/178.Swainson_Warbler_11_6.jpeg", "user_decision": "YES", "user_id": "dgb0028-igt757bc", "is_user_correct": true}, {"top1-label": "Common Tern", "top1-score": 0.38810494542121887, "question": "Sam guessed the Input image is 38% Common Tern. Is it Common Tern?", "Accept/Reject": false, "type": "topK", "image-path": "./data/topK-exp-materials/142.Black_Tern_50_1.jpeg", "user_decision": "YES", "user_id": "dgb0028-igt757bc", "is_user_correct": false}, {"top1-label": "Rose breasted Grosbeak", "top1-score": 0.9870318174362183, "question": "Sam guessed the Input image is 98% Rose breasted Grosbeak. Is it Rose breasted Grosbeak?", "Accept/Reject": true, "type": "topK", "image-path": "./data/topK-exp-materials/057.Rose_breasted_Grosbeak_34_4.jpeg", "user_decision": "YES", "user_id": "dgb0028-igt757bc", "is_user_correct": false}]}