{"user_id": "cbn0006-a1dq0ct6", "time": 1706153546, "history": [{"top1-label": "Western Gull", "top1-score": 0.5001164674758911, "question": "Sam guessed the Input image is 50% Western Gull. Is it Western Gull?", "Accept/Reject": false, "type": "top1", "image-path": "./data/top1-exp-materials/059.California_Gull_299_5.jpeg", "user_decision": "YES", "user_id": "cbn0006-a1dq0ct6", "is_user_correct": false}, {"top1-label": "White necked Raven", "top1-score": 0.036096569150686264, "question": "Sam guessed the Input image is 3% White necked Raven. Is it White necked Raven?", "Accept/Reject": false, "type": "top1", "image-path": "./data/top1-exp-materials/108.White_necked_Raven_232_2.jpeg", "user_decision": "YES", "user_id": "cbn0006-a1dq0ct6", "is_user_correct": false}, {"top1-label": "Yellow billed Cuckoo", "top1-score": 0.9394806623458862, "question": "Sam guessed the Input image is 93% Yellow billed Cuckoo. Is it Yellow billed Cuckoo?", "Accept/Reject": true, "type": "top1", "image-path": "./data/top1-exp-materials/033.Yellow_billed_Cuckoo_31_5.jpeg", "user_decision": "YES", "user_id": "cbn0006-a1dq0ct6", "is_user_correct": true}, {"top1-label": "Vesper Sparrow", "top1-score": 0.2824588418006897, "question": "Sam guessed the Input image is 28% Vesper Sparrow. Is it Vesper Sparrow?", "Accept/Reject": false, "type": "top1", "image-path": "./data/top1-exp-materials/127.Savannah_Sparrow_62_7.jpeg", "user_decision": "YES", "user_id": "cbn0006-a1dq0ct6", "is_user_correct": false}, {"top1-label": "Least Flycatcher", "top1-score": 0.9145526885986328, "question": "Sam guessed the Input image is 91% Least Flycatcher. Is it Least Flycatcher?", "Accept/Reject": false, "type": "top1", "image-path": "./data/top1-exp-materials/037.Acadian_Flycatcher_282_2.jpeg", "user_decision": "YES", "user_id": "cbn0006-a1dq0ct6", "is_user_correct": false}, {"top1-label": "Ovenbird", "top1-score": 0.998111367225647, "question": "Sam guessed the Input image is 99% Ovenbird. Is it Ovenbird?", "Accept/Reject": true, "type": "top1", "image-path": "./data/top1-exp-materials/099.Ovenbird_16_6.jpeg", "user_decision": "YES", "user_id": "cbn0006-a1dq0ct6", "is_user_correct": true}, {"top1-label": "Least Flycatcher", "top1-score": 0.6245332956314087, "question": "Sam guessed the Input image is 62% Least Flycatcher. Is it Least Flycatcher?", "Accept/Reject": false, "type": "top1", "image-path": "./data/top1-exp-materials/039.Least_Flycatcher_194_0.jpeg", "user_decision": "YES", "user_id": "cbn0006-a1dq0ct6", "is_user_correct": false}, {"top1-label": "Canada Warbler", "top1-score": 0.22925086319446564, "question": "Sam guessed the Input image is 22% Canada Warbler. Is it Canada Warbler?", "Accept/Reject": false, "type": "top1", "image-path": "./data/top1-exp-materials/162.Canada_Warbler_258_5.jpeg", "user_decision": "YES", "user_id": "cbn0006-a1dq0ct6", "is_user_correct": false}, {"top1-label": "Elegant Tern", "top1-score": 0.5819884538650513, "question": "Sam guessed the Input image is 58% Elegant Tern. Is it Elegant Tern?", "Accept/Reject": false, "type": "top1", "image-path": "./data/top1-exp-materials/147.Least_Tern_247_1.jpeg", "user_decision": "YES", "user_id": "cbn0006-a1dq0ct6", "is_user_correct": false}, {"top1-label": "Lincoln Sparrow", "top1-score": 0.44258302450180054, "question": "Sam guessed the Input image is 44% Lincoln Sparrow. Is it Lincoln Sparrow?", "Accept/Reject": true, "type": "top1", "image-path": "./data/top1-exp-materials/125.Lincoln_Sparrow_25_6.jpeg", "user_decision": "NO", "user_id": "cbn0006-a1dq0ct6", "is_user_correct": false}, {"top1-label": "Nelson Sharp tailed Sparrow", "top1-score": 0.6647009253501892, "question": "Sam guessed the Input image is 66% Nelson Sharp tailed Sparrow. Is it Nelson Sharp tailed Sparrow?", "Accept/Reject": false, "type": "top1", "image-path": "./data/top1-exp-materials/126.Nelson_Sharp_tailed_Sparrow_238_3.jpeg", "user_decision": "YES", "user_id": "cbn0006-a1dq0ct6", "is_user_correct": false}, {"top1-label": "Red winged Blackbird", "top1-score": 0.998063325881958, "question": "Sam guessed the Input image is 99% Red winged Blackbird. Is it Red winged Blackbird?", "Accept/Reject": true, "type": "top1", "image-path": "./data/top1-exp-materials/010.Red_winged_Blackbird_19_2.jpeg", "user_decision": "YES", "user_id": "cbn0006-a1dq0ct6", "is_user_correct": true}, {"top1-label": "Black Tern", "top1-score": 0.9987469911575317, "question": "Sam guessed the Input image is 99% Black Tern. Is it Black Tern?", "Accept/Reject": true, "type": "top1", "image-path": "./data/top1-exp-materials/142.Black_Tern_32_4.jpeg", "user_decision": "YES", "user_id": "cbn0006-a1dq0ct6", "is_user_correct": true}, {"top1-label": "Orchard Oriole", "top1-score": 0.998836874961853, "question": "Sam guessed the Input image is 99% Orchard Oriole. Is it Orchard Oriole?", "Accept/Reject": true, "type": "top1", "image-path": "./data/top1-exp-materials/097.Orchard_Oriole_23_5.jpeg", "user_decision": "YES", "user_id": "cbn0006-a1dq0ct6", "is_user_correct": true}, {"top1-label": "Bronzed Cowbird", "top1-score": 0.009916502051055431, "question": "Sam guessed the Input image is 0% Bronzed Cowbird. Is it Bronzed Cowbird?", "Accept/Reject": false, "type": "top1", "image-path": "./data/top1-exp-materials/107.Common_Raven_176_7.jpeg", "user_decision": "NO", "user_id": "cbn0006-a1dq0ct6", "is_user_correct": true}, {"top1-label": "Sayornis", "top1-score": 0.7387324571609497, "question": "Sam guessed the Input image is 73% Sayornis. Is it Sayornis?", "Accept/Reject": false, "type": "top1", "image-path": "./data/top1-exp-materials/175.Pine_Warbler_291_0.jpeg", "user_decision": "YES", "user_id": "cbn0006-a1dq0ct6", "is_user_correct": false}, {"top1-label": "Red faced Cormorant", "top1-score": 0.9338602423667908, "question": "Sam guessed the Input image is 93% Red faced Cormorant. Is it Red faced Cormorant?", "Accept/Reject": false, "type": "top1", "image-path": "./data/top1-exp-materials/025.Pelagic_Cormorant_206_2.jpeg", "user_decision": "YES", "user_id": "cbn0006-a1dq0ct6", "is_user_correct": false}, {"top1-label": "House Wren", "top1-score": 0.8763688802719116, "question": "Sam guessed the Input image is 87% House Wren. Is it House Wren?", "Accept/Reject": false, "type": "top1", "image-path": "./data/top1-exp-materials/196.House_Wren_221_4.jpeg", "user_decision": "YES", "user_id": "cbn0006-a1dq0ct6", "is_user_correct": false}, {"top1-label": "Grasshopper Sparrow", "top1-score": 0.09094677865505219, "question": "Sam guessed the Input image is 9% Grasshopper Sparrow. Is it Grasshopper Sparrow?", "Accept/Reject": false, "type": "top1", "image-path": "./data/top1-exp-materials/117.Clay_colored_Sparrow_245_3.jpeg", "user_decision": "YES", "user_id": "cbn0006-a1dq0ct6", "is_user_correct": false}, {"top1-label": "Marsh Wren", "top1-score": 0.999126136302948, "question": "Sam guessed the Input image is 99% Marsh Wren. Is it Marsh Wren?", "Accept/Reject": true, "type": "top1", "image-path": "./data/top1-exp-materials/197.Marsh_Wren_27_6.jpeg", "user_decision": "YES", "user_id": "cbn0006-a1dq0ct6", "is_user_correct": true}, {"top1-label": "Yellow billed Cuckoo", "top1-score": 0.07804844528436661, "question": "Sam guessed the Input image is 7% Yellow billed Cuckoo. Is it Yellow billed Cuckoo?", "Accept/Reject": false, "type": "top1", "image-path": "./data/top1-exp-materials/083.White_breasted_Kingfisher_52_1.jpeg", "user_decision": "NO", "user_id": "cbn0006-a1dq0ct6", "is_user_correct": true}, {"top1-label": "Hooded Oriole", "top1-score": 0.9885130524635315, "question": "Sam guessed the Input image is 98% Hooded Oriole. Is it Hooded Oriole?", "Accept/Reject": true, "type": "top1", "image-path": "./data/top1-exp-materials/096.Hooded_Oriole_24_6.jpeg", "user_decision": "YES", "user_id": "cbn0006-a1dq0ct6", "is_user_correct": true}, {"top1-label": "Grasshopper Sparrow", "top1-score": 0.9726024270057678, "question": "Sam guessed the Input image is 97% Grasshopper Sparrow. Is it Grasshopper Sparrow?", "Accept/Reject": true, "type": "top1", "image-path": "./data/top1-exp-materials/121.Grasshopper_Sparrow_1_5.jpeg", "user_decision": "YES", "user_id": "cbn0006-a1dq0ct6", "is_user_correct": true}, {"top1-label": "Red breasted Merganser", "top1-score": 0.013378582894802094, "question": "Sam guessed the Input image is 1% Red breasted Merganser. Is it Red breasted Merganser?", "Accept/Reject": false, "type": "top1", "image-path": "./data/top1-exp-materials/089.Hooded_Merganser_247_7.jpeg", "user_decision": "YES", "user_id": "cbn0006-a1dq0ct6", "is_user_correct": false}, {"top1-label": "Black throated Sparrow", "top1-score": 0.99912029504776, "question": "Sam guessed the Input image is 99% Black throated Sparrow. Is it Black throated Sparrow?", "Accept/Reject": true, "type": "top1", "image-path": "./data/top1-exp-materials/114.Black_throated_Sparrow_13_7.jpeg", "user_decision": "YES", "user_id": "cbn0006-a1dq0ct6", "is_user_correct": true}, {"top1-label": "Carolina Wren", "top1-score": 0.5807691216468811, "question": "Sam guessed the Input image is 58% Carolina Wren. Is it Carolina Wren?", "Accept/Reject": false, "type": "top1", "image-path": "./data/top1-exp-materials/193.Bewick_Wren_52_6.jpeg", "user_decision": "YES", "user_id": "cbn0006-a1dq0ct6", "is_user_correct": false}, {"top1-label": "Sage Thrasher", "top1-score": 0.9968994855880737, "question": "Sam guessed the Input image is 99% Sage Thrasher. Is it Sage Thrasher?", "Accept/Reject": true, "type": "top1", "image-path": "./data/top1-exp-materials/150.Sage_Thrasher_9_2.jpeg", "user_decision": "YES", "user_id": "cbn0006-a1dq0ct6", "is_user_correct": true}, {"top1-label": "Common Tern", "top1-score": 0.04590170457959175, "question": "Sam guessed the Input image is 4% Common Tern. Is it Common Tern?", "Accept/Reject": false, "type": "top1", "image-path": "./data/top1-exp-materials/143.Caspian_Tern_288_0.jpeg", "user_decision": "YES", "user_id": "cbn0006-a1dq0ct6", "is_user_correct": false}, {"top1-label": "Nelson Sharp tailed Sparrow", "top1-score": 0.11916869878768921, "question": "Sam guessed the Input image is 11% Nelson Sharp tailed Sparrow. Is it Nelson Sharp tailed Sparrow?", "Accept/Reject": false, "type": "top1", "image-path": "./data/top1-exp-materials/128.Seaside_Sparrow_84_6.jpeg", "user_decision": "YES", "user_id": "cbn0006-a1dq0ct6", "is_user_correct": false}, {"top1-label": "Ivory Gull", "top1-score": 0.9943865537643433, "question": "Sam guessed the Input image is 99% Ivory Gull. Is it Ivory Gull?", "Accept/Reject": true, "type": "top1", "image-path": "./data/top1-exp-materials/063.Ivory_Gull_30_4.jpeg", "user_decision": "YES", "user_id": "cbn0006-a1dq0ct6", "is_user_correct": false}]}