{"user_id": "jzl0275-1feyogtq", "time": 1706230985, "history": [{"top1-label": "Sayornis", "top1-score": 0.06448663771152496, "question": "Sam guessed the Input image is 6% Sayornis. Is it Sayornis?", "Accept/Reject": false, "type": "topK", "image-path": "./data/topK-exp-materials/135.Bank_Swallow_49_5.jpeg", "user_decision": "NO", "user_id": "jzl0275-1feyogtq", "is_user_correct": true}, {"top1-label": "Ovenbird", "top1-score": 0.9932361245155334, "question": "Sam guessed the Input image is 99% Ovenbird. Is it Ovenbird?", "Accept/Reject": true, "type": "topK", "image-path": "./data/topK-exp-materials/099.Ovenbird_35_0.jpeg", "user_decision": "YES", "user_id": "jzl0275-1feyogtq", "is_user_correct": true}, {"top1-label": "Barn Swallow", "top1-score": 0.9448918104171753, "question": "Sam guessed the Input image is 94% Barn Swallow. Is it Barn Swallow?", "Accept/Reject": true, "type": "topK", "image-path": "./data/topK-exp-materials/136.Barn_Swallow_21_6.jpeg", "user_decision": "YES", "user_id": "jzl0275-1feyogtq", "is_user_correct": true}, {"top1-label": "Common Raven", "top1-score": 0.3587762713432312, "question": "Sam guessed the Input image is 35% Common Raven. Is it Common Raven?", "Accept/Reject": false, "type": "topK", "image-path": "./data/topK-exp-materials/107.Common_Raven_220_1.jpeg", "user_decision": "NO", "user_id": "jzl0275-1feyogtq", "is_user_correct": true}, {"top1-label": "American Crow", "top1-score": 0.2753704786300659, "question": "Sam guessed the Input image is 27% American Crow. Is it American Crow?", "Accept/Reject": false, "type": "topK", "image-path": "./data/topK-exp-materials/107.Common_Raven_234_4.jpeg", "user_decision": "NO", "user_id": "jzl0275-1feyogtq", "is_user_correct": true}, {"top1-label": "Fish Crow", "top1-score": 0.34433528780937195, "question": "Sam guessed the Input image is 34% Fish Crow. Is it Fish Crow?", "Accept/Reject": false, "type": "topK", "image-path": "./data/topK-exp-materials/049.Boat_tailed_Grackle_77_3.jpeg", "user_decision": "NO", "user_id": "jzl0275-1feyogtq", "is_user_correct": true}, {"top1-label": "Western Gull", "top1-score": 0.10303646326065063, "question": "Sam guessed the Input image is 10% Western Gull. Is it Western Gull?", "Accept/Reject": false, "type": "topK", "image-path": "./data/topK-exp-materials/059.California_Gull_46_0.jpeg", "user_decision": "YES", "user_id": "jzl0275-1feyogtq", "is_user_correct": false}, {"top1-label": "Black billed Cuckoo", "top1-score": 0.9914582371711731, "question": "Sam guessed the Input image is 99% Black billed Cuckoo. Is it Black billed Cuckoo?", "Accept/Reject": true, "type": "topK", "image-path": "./data/topK-exp-materials/031.Black_billed_Cuckoo_12_5.jpeg", "user_decision": "YES", "user_id": "jzl0275-1feyogtq", "is_user_correct": true}, {"top1-label": "Brandt Cormorant", "top1-score": 0.9480819702148438, "question": "Sam guessed the Input image is 94% Brandt Cormorant. Is it Brandt Cormorant?", "Accept/Reject": false, "type": "topK", "image-path": "./data/topK-exp-materials/025.Pelagic_Cormorant_99_1.jpeg", "user_decision": "YES", "user_id": "jzl0275-1feyogtq", "is_user_correct": false}, {"top1-label": "Black throated Sparrow", "top1-score": 0.99912029504776, "question": "Sam guessed the Input image is 99% Black throated Sparrow. Is it Black throated Sparrow?", "Accept/Reject": true, "type": "topK", "image-path": "./data/topK-exp-materials/114.Black_throated_Sparrow_13_7.jpeg", "user_decision": "YES", "user_id": "jzl0275-1feyogtq", "is_user_correct": true}, {"top1-label": "American Redstart", "top1-score": 0.9996676445007324, "question": "Sam guessed the Input image is 99% American Redstart. Is it American Redstart?", "Accept/Reject": true, "type": "topK", "image-path": "./data/topK-exp-materials/109.American_Redstart_38_6.jpeg", "user_decision": "YES", "user_id": "jzl0275-1feyogtq", "is_user_correct": true}, {"top1-label": "Field Sparrow", "top1-score": 0.2926848828792572, "question": "Sam guessed the Input image is 29% Field Sparrow. Is it Field Sparrow?", "Accept/Reject": false, "type": "topK", "image-path": "./data/topK-exp-materials/118.House_Sparrow_239_2.jpeg", "user_decision": "YES", "user_id": "jzl0275-1feyogtq", "is_user_correct": false}, {"top1-label": "European Goldfinch", "top1-score": 0.9998984336853027, "question": "Sam guessed the Input image is 99% European Goldfinch. Is it European Goldfinch?", "Accept/Reject": true, "type": "topK", "image-path": "./data/topK-exp-materials/048.European_Goldfinch_10_5.jpeg", "user_decision": "YES", "user_id": "jzl0275-1feyogtq", "is_user_correct": true}, {"top1-label": "Red legged Kittiwake", "top1-score": 0.9977236390113831, "question": "Sam guessed the Input image is 99% Red legged Kittiwake. Is it Red legged Kittiwake?", "Accept/Reject": true, "type": "topK", "image-path": "./data/topK-exp-materials/084.Red_legged_Kittiwake_0_0.jpeg", "user_decision": "YES", "user_id": "jzl0275-1feyogtq", "is_user_correct": true}, {"top1-label": "Tree Sparrow", "top1-score": 0.9460611939430237, "question": "Sam guessed the Input image is 94% Tree Sparrow. Is it Tree Sparrow?", "Accept/Reject": true, "type": "topK", "image-path": "./data/topK-exp-materials/130.Tree_Sparrow_38_1.jpeg", "user_decision": "YES", "user_id": "jzl0275-1feyogtq", "is_user_correct": true}, {"top1-label": "Glaucous winged Gull", "top1-score": 0.684463620185852, "question": "Sam guessed the Input image is 68% Glaucous winged Gull. Is it Glaucous winged Gull?", "Accept/Reject": false, "type": "topK", "image-path": "./data/topK-exp-materials/065.Slaty_backed_Gull_180_1.jpeg", "user_decision": "YES", "user_id": "jzl0275-1feyogtq", "is_user_correct": false}, {"top1-label": "Ring billed Gull", "top1-score": 0.5549193024635315, "question": "Sam guessed the Input image is 55% Ring billed Gull. Is it Ring billed Gull?", "Accept/Reject": false, "type": "topK", "image-path": "./data/topK-exp-materials/064.Ring_billed_Gull_163_5.jpeg", "user_decision": "NO", "user_id": "jzl0275-1feyogtq", "is_user_correct": true}, {"top1-label": "Common Tern", "top1-score": 0.8586056232452393, "question": "Sam guessed the Input image is 85% Common Tern. Is it Common Tern?", "Accept/Reject": true, "type": "topK", "image-path": "./data/topK-exp-materials/144.Common_Tern_35_1.jpeg", "user_decision": "YES", "user_id": "jzl0275-1feyogtq", "is_user_correct": true}, {"top1-label": "Pacific Loon", "top1-score": 0.9989774227142334, "question": "Sam guessed the Input image is 99% Pacific Loon. Is it Pacific Loon?", "Accept/Reject": true, "type": "topK", "image-path": "./data/topK-exp-materials/086.Pacific_Loon_41_3.jpeg", "user_decision": "YES", "user_id": "jzl0275-1feyogtq", "is_user_correct": true}, {"top1-label": "Yellow billed Cuckoo", "top1-score": 0.9873858690261841, "question": "Sam guessed the Input image is 98% Yellow billed Cuckoo. Is it Yellow billed Cuckoo?", "Accept/Reject": false, "type": "topK", "image-path": "./data/topK-exp-materials/031.Black_billed_Cuckoo_88_5.jpeg", "user_decision": "YES", "user_id": "jzl0275-1feyogtq", "is_user_correct": false}, {"top1-label": "Summer Tanager", "top1-score": 0.8257912397384644, "question": "Sam guessed the Input image is 82% Summer Tanager. Is it Summer Tanager?", "Accept/Reject": false, "type": "topK", "image-path": "./data/topK-exp-materials/139.Scarlet_Tanager_198_2.jpeg", "user_decision": "YES", "user_id": "jzl0275-1feyogtq", "is_user_correct": false}, {"top1-label": "Red bellied Woodpecker", "top1-score": 0.9990795850753784, "question": "Sam guessed the Input image is 99% Red bellied Woodpecker. Is it Red bellied Woodpecker?", "Accept/Reject": true, "type": "topK", "image-path": "./data/topK-exp-materials/189.Red_bellied_Woodpecker_26_7.jpeg", "user_decision": "YES", "user_id": "jzl0275-1feyogtq", "is_user_correct": true}, {"top1-label": "Sooty Albatross", "top1-score": 0.9384625554084778, "question": "Sam guessed the Input image is 93% Sooty Albatross. Is it Sooty Albatross?", "Accept/Reject": true, "type": "topK", "image-path": "./data/topK-exp-materials/003.Sooty_Albatross_29_5.jpeg", "user_decision": "YES", "user_id": "jzl0275-1feyogtq", "is_user_correct": true}, {"top1-label": "Least Flycatcher", "top1-score": 0.9431430697441101, "question": "Sam guessed the Input image is 94% Least Flycatcher. Is it Least Flycatcher?", "Accept/Reject": true, "type": "topK", "image-path": "./data/topK-exp-materials/039.Least_Flycatcher_2_6.jpeg", "user_decision": "YES", "user_id": "jzl0275-1feyogtq", "is_user_correct": true}, {"top1-label": "Brewer Blackbird", "top1-score": 0.20101840794086456, "question": "Sam guessed the Input image is 20% Brewer Blackbird. Is it Brewer Blackbird?", "Accept/Reject": false, "type": "topK", "image-path": "./data/topK-exp-materials/011.Rusty_Blackbird_165_7.jpeg", "user_decision": "YES", "user_id": "jzl0275-1feyogtq", "is_user_correct": false}, {"top1-label": "Pine Warbler", "top1-score": 0.489633172750473, "question": "Sam guessed the Input image is 48% Pine Warbler. Is it Pine Warbler?", "Accept/Reject": true, "type": "topK", "image-path": "./data/topK-exp-materials/175.Pine_Warbler_5_4.jpeg", "user_decision": "NO", "user_id": "jzl0275-1feyogtq", "is_user_correct": false}, {"top1-label": "Elegant Tern", "top1-score": 0.8986546397209167, "question": "Sam guessed the Input image is 89% Elegant Tern. Is it Elegant Tern?", "Accept/Reject": false, "type": "topK", "image-path": "./data/topK-exp-materials/143.Caspian_Tern_302_3.jpeg", "user_decision": "YES", "user_id": "jzl0275-1feyogtq", "is_user_correct": false}, {"top1-label": "Western Grebe", "top1-score": 0.9945234060287476, "question": "Sam guessed the Input image is 99% Western Grebe. Is it Western Grebe?", "Accept/Reject": true, "type": "topK", "image-path": "./data/topK-exp-materials/053.Western_Grebe_23_7.jpeg", "user_decision": "YES", "user_id": "jzl0275-1feyogtq", "is_user_correct": true}, {"top1-label": "Red cockaded Woodpecker", "top1-score": 0.9961597323417664, "question": "Sam guessed the Input image is 99% Red cockaded Woodpecker. Is it Red cockaded Woodpecker?", "Accept/Reject": true, "type": "topK", "image-path": "./data/topK-exp-materials/190.Red_cockaded_Woodpecker_21_3.jpeg", "user_decision": "YES", "user_id": "jzl0275-1feyogtq", "is_user_correct": true}, {"top1-label": "Sayornis", "top1-score": 0.3080137073993683, "question": "Sam guessed the Input image is 30% Sayornis. Is it Sayornis?", "Accept/Reject": false, "type": "topK", "image-path": "./data/topK-exp-materials/103.Sayornis_311_1.jpeg", "user_decision": "NO", "user_id": "jzl0275-1feyogtq", "is_user_correct": false}]}