{"user_id": "jzl0275-rluk49p9", "time": 1706230873, "history": [{"top1-label": "Pelagic Cormorant", "top1-score": 0.3443271219730377, "question": "Sam guessed the Input image is 34% Pelagic Cormorant. Is it Pelagic Cormorant?", "Accept/Reject": false, "type": "top1", "image-path": "./data/top1-exp-materials/023.Brandt_Cormorant_87_4.jpeg", "user_decision": "YES", "user_id": "jzl0275-rluk49p9", "is_user_correct": false}, {"top1-label": "Western Gull", "top1-score": 0.4337826073169708, "question": "Sam guessed the Input image is 43% Western Gull. Is it Western Gull?", "Accept/Reject": false, "type": "top1", "image-path": "./data/top1-exp-materials/065.Slaty_backed_Gull_100_1.jpeg", "user_decision": "YES", "user_id": "jzl0275-rluk49p9", "is_user_correct": false}, {"top1-label": "Least Tern", "top1-score": 0.0247866902500391, "question": "Sam guessed the Input image is 2% Least Tern. Is it Least Tern?", "Accept/Reject": false, "type": "top1", "image-path": "./data/top1-exp-materials/147.Least_Tern_292_4.jpeg", "user_decision": "YES", "user_id": "jzl0275-rluk49p9", "is_user_correct": false}, {"top1-label": "Black Tern", "top1-score": 0.9709340929985046, "question": "Sam guessed the Input image is 97% Black Tern. Is it Black Tern?", "Accept/Reject": true, "type": "top1", "image-path": "./data/top1-exp-materials/142.Black_Tern_31_2.jpeg", "user_decision": "NO", "user_id": "jzl0275-rluk49p9", "is_user_correct": false}, {"top1-label": "Geococcyx", "top1-score": 0.9812029004096985, "question": "Sam guessed the Input image is 98% Geococcyx. Is it Geococcyx?", "Accept/Reject": true, "type": "top1", "image-path": "./data/top1-exp-materials/110.Geococcyx_14_1.jpeg", "user_decision": "YES", "user_id": "jzl0275-rluk49p9", "is_user_correct": true}, {"top1-label": "Pied billed Grebe", "top1-score": 0.04156564921140671, "question": "Sam guessed the Input image is 4% Pied billed Grebe. Is it Pied billed Grebe?", "Accept/Reject": false, "type": "top1", "image-path": "./data/top1-exp-materials/090.Red_breasted_Merganser_224_1.jpeg", "user_decision": "NO", "user_id": "jzl0275-rluk49p9", "is_user_correct": true}, {"top1-label": "Summer Tanager", "top1-score": 0.9969648718833923, "question": "Sam guessed the Input image is 99% Summer Tanager. Is it Summer Tanager?", "Accept/Reject": true, "type": "top1", "image-path": "./data/top1-exp-materials/140.Summer_Tanager_8_5.jpeg", "user_decision": "YES", "user_id": "jzl0275-rluk49p9", "is_user_correct": true}, {"top1-label": "Philadelphia Vireo", "top1-score": 0.9919337034225464, "question": "Sam guessed the Input image is 99% Philadelphia Vireo. Is it Philadelphia Vireo?", "Accept/Reject": true, "type": "top1", "image-path": "./data/top1-exp-materials/153.Philadelphia_Vireo_20_2.jpeg", "user_decision": "YES", "user_id": "jzl0275-rluk49p9", "is_user_correct": true}, {"top1-label": "Red bellied Woodpecker", "top1-score": 0.9990795850753784, "question": "Sam guessed the Input image is 99% Red bellied Woodpecker. Is it Red bellied Woodpecker?", "Accept/Reject": true, "type": "top1", "image-path": "./data/top1-exp-materials/189.Red_bellied_Woodpecker_26_7.jpeg", "user_decision": "YES", "user_id": "jzl0275-rluk49p9", "is_user_correct": true}, {"top1-label": "Acadian Flycatcher", "top1-score": 0.28548839688301086, "question": "Sam guessed the Input image is 28% Acadian Flycatcher. Is it Acadian Flycatcher?", "Accept/Reject": false, "type": "top1", "image-path": "./data/top1-exp-materials/037.Acadian_Flycatcher_148_7.jpeg", "user_decision": "YES", "user_id": "jzl0275-rluk49p9", "is_user_correct": false}, {"top1-label": "Rusty Blackbird", "top1-score": 0.9958319664001465, "question": "Sam guessed the Input image is 99% Rusty Blackbird. Is it Rusty Blackbird?", "Accept/Reject": true, "type": "top1", "image-path": "./data/top1-exp-materials/011.Rusty_Blackbird_19_3.jpeg", "user_decision": "YES", "user_id": "jzl0275-rluk49p9", "is_user_correct": true}, {"top1-label": "Acadian Flycatcher", "top1-score": 0.17130696773529053, "question": "Sam guessed the Input image is 17% Acadian Flycatcher. Is it Acadian Flycatcher?", "Accept/Reject": false, "type": "top1", "image-path": "./data/top1-exp-materials/037.Acadian_Flycatcher_178_4.jpeg", "user_decision": "YES", "user_id": "jzl0275-rluk49p9", "is_user_correct": false}, {"top1-label": "Glaucous winged Gull", "top1-score": 0.6884362101554871, "question": "Sam guessed the Input image is 68% Glaucous winged Gull. Is it Glaucous winged Gull?", "Accept/Reject": false, "type": "top1", "image-path": "./data/top1-exp-materials/062.Herring_Gull_58_0.jpeg", "user_decision": "NO", "user_id": "jzl0275-rluk49p9", "is_user_correct": true}, {"top1-label": "Purple Finch", "top1-score": 0.002174902008846402, "question": "Sam guessed the Input image is 0% Purple Finch. Is it Purple Finch?", "Accept/Reject": false, "type": "top1", "image-path": "./data/top1-exp-materials/027.Shiny_Cowbird_81_2.jpeg", "user_decision": "NO", "user_id": "jzl0275-rluk49p9", "is_user_correct": true}, {"top1-label": "Sage Thrasher", "top1-score": 0.5481979250907898, "question": "Sam guessed the Input image is 54% Sage Thrasher. Is it Sage Thrasher?", "Accept/Reject": false, "type": "top1", "image-path": "./data/top1-exp-materials/120.Fox_Sparrow_53_2.jpeg", "user_decision": "YES", "user_id": "jzl0275-rluk49p9", "is_user_correct": false}, {"top1-label": "Caspian Tern", "top1-score": 0.3273080289363861, "question": "Sam guessed the Input image is 32% Caspian Tern. Is it Caspian Tern?", "Accept/Reject": false, "type": "top1", "image-path": "./data/top1-exp-materials/145.Elegant_Tern_11_3.jpeg", "user_decision": "YES", "user_id": "jzl0275-rluk49p9", "is_user_correct": false}, {"top1-label": "Brandt Cormorant", "top1-score": 0.8920263051986694, "question": "Sam guessed the Input image is 89% Brandt Cormorant. Is it Brandt Cormorant?", "Accept/Reject": true, "type": "top1", "image-path": "./data/top1-exp-materials/023.Brandt_Cormorant_7_7.jpeg", "user_decision": "YES", "user_id": "jzl0275-rluk49p9", "is_user_correct": true}, {"top1-label": "Artic Tern", "top1-score": 0.988509476184845, "question": "Sam guessed the Input image is 98% Artic Tern. Is it Artic Tern?", "Accept/Reject": true, "type": "top1", "image-path": "./data/top1-exp-materials/141.Artic_Tern_3_7.jpeg", "user_decision": "YES", "user_id": "jzl0275-rluk49p9", "is_user_correct": true}, {"top1-label": "Belted Kingfisher", "top1-score": 0.9107561111450195, "question": "Sam guessed the Input image is 91% Belted Kingfisher. Is it Belted Kingfisher?", "Accept/Reject": false, "type": "top1", "image-path": "./data/top1-exp-materials/081.Pied_Kingfisher_304_3.jpeg", "user_decision": "YES", "user_id": "jzl0275-rluk49p9", "is_user_correct": false}, {"top1-label": "Pomarine Jaeger", "top1-score": 0.8937700986862183, "question": "Sam guessed the Input image is 89% Pomarine Jaeger. Is it Pomarine Jaeger?", "Accept/Reject": true, "type": "top1", "image-path": "./data/top1-exp-materials/072.Pomarine_Jaeger_1_3.jpeg", "user_decision": "YES", "user_id": "jzl0275-rluk49p9", "is_user_correct": true}, {"top1-label": "Ruby throated Hummingbird", "top1-score": 0.5295757055282593, "question": "Sam guessed the Input image is 52% Ruby throated Hummingbird. Is it Ruby throated Hummingbird?", "Accept/Reject": false, "type": "top1", "image-path": "./data/top1-exp-materials/069.Rufous_Hummingbird_315_1.jpeg", "user_decision": "NO", "user_id": "jzl0275-rluk49p9", "is_user_correct": true}, {"top1-label": "Ring billed Gull", "top1-score": 0.5549193024635315, "question": "Sam guessed the Input image is 55% Ring billed Gull. Is it Ring billed Gull?", "Accept/Reject": false, "type": "top1", "image-path": "./data/top1-exp-materials/064.Ring_billed_Gull_163_5.jpeg", "user_decision": "NO", "user_id": "jzl0275-rluk49p9", "is_user_correct": true}, {"top1-label": "California Gull", "top1-score": 0.3077026903629303, "question": "Sam guessed the Input image is 30% California Gull. Is it California Gull?", "Accept/Reject": false, "type": "top1", "image-path": "./data/top1-exp-materials/060.Glaucous_winged_Gull_257_0.jpeg", "user_decision": "NO", "user_id": "jzl0275-rluk49p9", "is_user_correct": true}, {"top1-label": "Pelagic Cormorant", "top1-score": 0.11567337065935135, "question": "Sam guessed the Input image is 11% Pelagic Cormorant. Is it Pelagic Cormorant?", "Accept/Reject": false, "type": "top1", "image-path": "./data/top1-exp-materials/025.Pelagic_Cormorant_299_4.jpeg", "user_decision": "YES", "user_id": "jzl0275-rluk49p9", "is_user_correct": false}, {"top1-label": "Pacific Loon", "top1-score": 0.9999160766601562, "question": "Sam guessed the Input image is 99% Pacific Loon. Is it Pacific Loon?", "Accept/Reject": true, "type": "top1", "image-path": "./data/top1-exp-materials/086.Pacific_Loon_14_0.jpeg", "user_decision": "YES", "user_id": "jzl0275-rluk49p9", "is_user_correct": true}, {"top1-label": "Tropical Kingbird", "top1-score": 0.8988468050956726, "question": "Sam guessed the Input image is 89% Tropical Kingbird. Is it Tropical Kingbird?", "Accept/Reject": false, "type": "top1", "image-path": "./data/top1-exp-materials/038.Great_Crested_Flycatcher_117_6.jpeg", "user_decision": "YES", "user_id": "jzl0275-rluk49p9", "is_user_correct": false}, {"top1-label": "Least Flycatcher", "top1-score": 0.594859778881073, "question": "Sam guessed the Input image is 59% Least Flycatcher. Is it Least Flycatcher?", "Accept/Reject": true, "type": "top1", "image-path": "./data/top1-exp-materials/039.Least_Flycatcher_32_5.jpeg", "user_decision": "YES", "user_id": "jzl0275-rluk49p9", "is_user_correct": true}, {"top1-label": "White Pelican", "top1-score": 0.998431384563446, "question": "Sam guessed the Input image is 99% White Pelican. Is it White Pelican?", "Accept/Reject": true, "type": "top1", "image-path": "./data/top1-exp-materials/101.White_Pelican_24_7.jpeg", "user_decision": "YES", "user_id": "jzl0275-rluk49p9", "is_user_correct": true}, {"top1-label": "Magnolia Warbler", "top1-score": 0.9994369149208069, "question": "Sam guessed the Input image is 99% Magnolia Warbler. Is it Magnolia Warbler?", "Accept/Reject": true, "type": "top1", "image-path": "./data/top1-exp-materials/169.Magnolia_Warbler_26_5.jpeg", "user_decision": "YES", "user_id": "jzl0275-rluk49p9", "is_user_correct": true}, {"top1-label": "Western Meadowlark", "top1-score": 0.9396076202392578, "question": "Sam guessed the Input image is 93% Western Meadowlark. Is it Western Meadowlark?", "Accept/Reject": true, "type": "top1", "image-path": "./data/top1-exp-materials/088.Western_Meadowlark_38_4.jpeg", "user_decision": "YES", "user_id": "jzl0275-rluk49p9", "is_user_correct": false}]}