{"user_id": "jzl0277-74y6wteg", "time": 1706247273, "history": [{"top1-label": "Glaucous winged Gull", "top1-score": 0.011445143260061741, "question": "Sam guessed the Input image is 1% Glaucous winged Gull. Is it Glaucous winged Gull?", "Accept/Reject": false, "type": "top1", "image-path": "./data/top1-exp-materials/045.Northern_Fulmar_224_7.jpeg", "user_decision": "NO", "user_id": "jzl0277-74y6wteg", "is_user_correct": true}, {"top1-label": "Pelagic Cormorant", "top1-score": 0.7484226226806641, "question": "Sam guessed the Input image is 74% Pelagic Cormorant. Is it Pelagic Cormorant?", "Accept/Reject": false, "type": "top1", "image-path": "./data/top1-exp-materials/023.Brandt_Cormorant_248_3.jpeg", "user_decision": "YES", "user_id": "jzl0277-74y6wteg", "is_user_correct": false}, {"top1-label": "Least Tern", "top1-score": 0.17540134489536285, "question": "Sam guessed the Input image is 17% Least Tern. Is it Least Tern?", "Accept/Reject": false, "type": "top1", "image-path": "./data/top1-exp-materials/145.Elegant_Tern_287_0.jpeg", "user_decision": "YES", "user_id": "jzl0277-74y6wteg", "is_user_correct": false}, {"top1-label": "Black throated Sparrow", "top1-score": 0.99912029504776, "question": "Sam guessed the Input image is 99% Black throated Sparrow. Is it Black throated Sparrow?", "Accept/Reject": true, "type": "top1", "image-path": "./data/top1-exp-materials/114.Black_throated_Sparrow_13_7.jpeg", "user_decision": "YES", "user_id": "jzl0277-74y6wteg", "is_user_correct": true}, {"top1-label": "Magnolia Warbler", "top1-score": 0.7069114446640015, "question": "Sam guessed the Input image is 70% Magnolia Warbler. Is it Magnolia Warbler?", "Accept/Reject": false, "type": "top1", "image-path": "./data/top1-exp-materials/168.Kentucky_Warbler_250_6.jpeg", "user_decision": "YES", "user_id": "jzl0277-74y6wteg", "is_user_correct": false}, {"top1-label": "Northern Flicker", "top1-score": 0.9632402062416077, "question": "Sam guessed the Input image is 96% Northern Flicker. Is it Northern Flicker?", "Accept/Reject": true, "type": "top1", "image-path": "./data/top1-exp-materials/036.Northern_Flicker_41_4.jpeg", "user_decision": "YES", "user_id": "jzl0277-74y6wteg", "is_user_correct": true}, {"top1-label": "Nashville Warbler", "top1-score": 0.5769374370574951, "question": "Sam guessed the Input image is 57% Nashville Warbler. Is it Nashville Warbler?", "Accept/Reject": false, "type": "top1", "image-path": "./data/top1-exp-materials/167.Hooded_Warbler_54_6.jpeg", "user_decision": "YES", "user_id": "jzl0277-74y6wteg", "is_user_correct": false}, {"top1-label": "Red breasted Merganser", "top1-score": 0.013378582894802094, "question": "Sam guessed the Input image is 1% Red breasted Merganser. Is it Red breasted Merganser?", "Accept/Reject": false, "type": "top1", "image-path": "./data/top1-exp-materials/089.Hooded_Merganser_247_7.jpeg", "user_decision": "YES", "user_id": "jzl0277-74y6wteg", "is_user_correct": false}, {"top1-label": "Sooty Albatross", "top1-score": 0.9998757839202881, "question": "Sam guessed the Input image is 99% Sooty Albatross. Is it Sooty Albatross?", "Accept/Reject": true, "type": "top1", "image-path": "./data/top1-exp-materials/003.Sooty_Albatross_1_6.jpeg", "user_decision": "YES", "user_id": "jzl0277-74y6wteg", "is_user_correct": true}, {"top1-label": "Common Tern", "top1-score": 0.9897343516349792, "question": "Sam guessed the Input image is 98% Common Tern. Is it Common Tern?", "Accept/Reject": false, "type": "top1", "image-path": "./data/top1-exp-materials/146.Forsters_Tern_40_2.jpeg", "user_decision": "YES", "user_id": "jzl0277-74y6wteg", "is_user_correct": false}, {"top1-label": "California Gull", "top1-score": 0.4884081184864044, "question": "Sam guessed the Input image is 48% California Gull. Is it California Gull?", "Accept/Reject": true, "type": "top1", "image-path": "./data/top1-exp-materials/059.California_Gull_6_5.jpeg", "user_decision": "YES", "user_id": "jzl0277-74y6wteg", "is_user_correct": true}, {"top1-label": "American Goldfinch", "top1-score": 0.9710090756416321, "question": "Sam guessed the Input image is 97% American Goldfinch. Is it American Goldfinch?", "Accept/Reject": false, "type": "top1", "image-path": "./data/top1-exp-materials/157.Yellow_throated_Vireo_12_1.jpeg", "user_decision": "YES", "user_id": "jzl0277-74y6wteg", "is_user_correct": false}, {"top1-label": "Nelson Sharp tailed Sparrow", "top1-score": 0.11916869878768921, "question": "Sam guessed the Input image is 11% Nelson Sharp tailed Sparrow. Is it Nelson Sharp tailed Sparrow?", "Accept/Reject": false, "type": "top1", "image-path": "./data/top1-exp-materials/128.Seaside_Sparrow_84_6.jpeg", "user_decision": "YES", "user_id": "jzl0277-74y6wteg", "is_user_correct": false}, {"top1-label": "Black footed Albatross", "top1-score": 0.08744495362043381, "question": "Sam guessed the Input image is 8% Black footed Albatross. Is it Black footed Albatross?", "Accept/Reject": false, "type": "top1", "image-path": "./data/top1-exp-materials/071.Long_tailed_Jaeger_86_6.jpeg", "user_decision": "YES", "user_id": "jzl0277-74y6wteg", "is_user_correct": false}, {"top1-label": "Common Tern", "top1-score": 0.2668288052082062, "question": "Sam guessed the Input image is 26% Common Tern. Is it Common Tern?", "Accept/Reject": false, "type": "top1", "image-path": "./data/top1-exp-materials/146.Forsters_Tern_136_7.jpeg", "user_decision": "YES", "user_id": "jzl0277-74y6wteg", "is_user_correct": false}, {"top1-label": "Common Yellowthroat", "top1-score": 0.9981957077980042, "question": "Sam guessed the Input image is 99% Common Yellowthroat. Is it Common Yellowthroat?", "Accept/Reject": true, "type": "top1", "image-path": "./data/top1-exp-materials/200.Common_Yellowthroat_40_6.jpeg", "user_decision": "YES", "user_id": "jzl0277-74y6wteg", "is_user_correct": true}, {"top1-label": "Common Tern", "top1-score": 0.16987372934818268, "question": "Sam guessed the Input image is 16% Common Tern. Is it Common Tern?", "Accept/Reject": false, "type": "top1", "image-path": "./data/top1-exp-materials/143.Caspian_Tern_160_5.jpeg", "user_decision": "YES", "user_id": "jzl0277-74y6wteg", "is_user_correct": false}, {"top1-label": "Tropical Kingbird", "top1-score": 0.4960978627204895, "question": "Sam guessed the Input image is 49% Tropical Kingbird. Is it Tropical Kingbird?", "Accept/Reject": false, "type": "top1", "image-path": "./data/top1-exp-materials/077.Tropical_Kingbird_76_0.jpeg", "user_decision": "YES", "user_id": "jzl0277-74y6wteg", "is_user_correct": false}, {"top1-label": "Scott Oriole", "top1-score": 0.7991881966590881, "question": "Sam guessed the Input image is 79% Scott Oriole. Is it Scott Oriole?", "Accept/Reject": false, "type": "top1", "image-path": "./data/top1-exp-materials/096.Hooded_Oriole_250_4.jpeg", "user_decision": "YES", "user_id": "jzl0277-74y6wteg", "is_user_correct": false}, {"top1-label": "Cactus Wren", "top1-score": 0.9996925592422485, "question": "Sam guessed the Input image is 99% Cactus Wren. Is it Cactus Wren?", "Accept/Reject": true, "type": "top1", "image-path": "./data/top1-exp-materials/194.Cactus_Wren_18_6.jpeg", "user_decision": "YES", "user_id": "jzl0277-74y6wteg", "is_user_correct": true}, {"top1-label": "Common Raven", "top1-score": 0.9068989753723145, "question": "Sam guessed the Input image is 90% Common Raven. Is it Common Raven?", "Accept/Reject": true, "type": "top1", "image-path": "./data/top1-exp-materials/107.Common_Raven_17_2.jpeg", "user_decision": "YES", "user_id": "jzl0277-74y6wteg", "is_user_correct": true}, {"top1-label": "Western Grebe", "top1-score": 0.9995843768119812, "question": "Sam guessed the Input image is 99% Western Grebe. Is it Western Grebe?", "Accept/Reject": true, "type": "top1", "image-path": "./data/top1-exp-materials/053.Western_Grebe_2_3.jpeg", "user_decision": "YES", "user_id": "jzl0277-74y6wteg", "is_user_correct": true}, {"top1-label": "Chuck will Widow", "top1-score": 0.5202459692955017, "question": "Sam guessed the Input image is 52% Chuck will Widow. Is it Chuck will Widow?", "Accept/Reject": false, "type": "top1", "image-path": "./data/top1-exp-materials/022.Chuck_will_Widow_56_5.jpeg", "user_decision": "YES", "user_id": "jzl0277-74y6wteg", "is_user_correct": false}, {"top1-label": "Sayornis", "top1-score": 0.3616830110549927, "question": "Sam guessed the Input image is 36% Sayornis. Is it Sayornis?", "Accept/Reject": true, "type": "top1", "image-path": "./data/top1-exp-materials/103.Sayornis_4_1.jpeg", "user_decision": "YES", "user_id": "jzl0277-74y6wteg", "is_user_correct": true}, {"top1-label": "Golden winged Warbler", "top1-score": 0.9996140003204346, "question": "Sam guessed the Input image is 99% Golden winged Warbler. Is it Golden winged Warbler?", "Accept/Reject": true, "type": "top1", "image-path": "./data/top1-exp-materials/166.Golden_winged_Warbler_17_3.jpeg", "user_decision": "YES", "user_id": "jzl0277-74y6wteg", "is_user_correct": true}, {"top1-label": "Yellow Warbler", "top1-score": 0.9994113445281982, "question": "Sam guessed the Input image is 99% Yellow Warbler. Is it Yellow Warbler?", "Accept/Reject": true, "type": "top1", "image-path": "./data/top1-exp-materials/182.Yellow_Warbler_1_4.jpeg", "user_decision": "YES", "user_id": "jzl0277-74y6wteg", "is_user_correct": true}, {"top1-label": "Yellow throated Vireo", "top1-score": 0.2652810215950012, "question": "Sam guessed the Input image is 26% Yellow throated Vireo. Is it Yellow throated Vireo?", "Accept/Reject": true, "type": "top1", "image-path": "./data/top1-exp-materials/157.Yellow_throated_Vireo_0_6.jpeg", "user_decision": "YES", "user_id": "jzl0277-74y6wteg", "is_user_correct": true}, {"top1-label": "American Redstart", "top1-score": 0.9998478889465332, "question": "Sam guessed the Input image is 99% American Redstart. Is it American Redstart?", "Accept/Reject": true, "type": "top1", "image-path": "./data/top1-exp-materials/109.American_Redstart_26_2.jpeg", "user_decision": "YES", "user_id": "jzl0277-74y6wteg", "is_user_correct": true}, {"top1-label": "American Redstart", "top1-score": 0.023311203345656395, "question": "Sam guessed the Input image is 2% American Redstart. Is it American Redstart?", "Accept/Reject": false, "type": "top1", "image-path": "./data/top1-exp-materials/021.Eastern_Towhee_141_7.jpeg", "user_decision": "YES", "user_id": "jzl0277-74y6wteg", "is_user_correct": false}, {"top1-label": "Western Meadowlark", "top1-score": 0.9396076202392578, "question": "Sam guessed the Input image is 93% Western Meadowlark. Is it Western Meadowlark?", "Accept/Reject": true, "type": "top1", "image-path": "./data/top1-exp-materials/088.Western_Meadowlark_38_4.jpeg", "user_decision": "YES", "user_id": "jzl0277-74y6wteg", "is_user_correct": false}]}