{"user_id": "nte0004-vo0v6v3i", "time": 1706112502, "history": [{"top1-label": "Winter Wren", "top1-score": 0.9999821186065674, "question": "Sam guessed the Input image is 99% Winter Wren. Is it Winter Wren?", "Accept/Reject": true, "type": "top1", "image-path": "./data/top1-exp-materials/199.Winter_Wren_33_0.jpeg", "user_decision": "YES", "user_id": "nte0004-vo0v6v3i", "is_user_correct": true}, {"top1-label": "White throated Sparrow", "top1-score": 0.9968647360801697, "question": "Sam guessed the Input image is 99% White throated Sparrow. Is it White throated Sparrow?", "Accept/Reject": true, "type": "top1", "image-path": "./data/top1-exp-materials/133.White_throated_Sparrow_6_3.jpeg", "user_decision": "YES", "user_id": "nte0004-vo0v6v3i", "is_user_correct": true}, {"top1-label": "Pelagic Cormorant", "top1-score": 0.3155427873134613, "question": "Sam guessed the Input image is 31% Pelagic Cormorant. Is it Pelagic Cormorant?", "Accept/Reject": true, "type": "top1", "image-path": "./data/top1-exp-materials/025.Pelagic_Cormorant_22_4.jpeg", "user_decision": "YES", "user_id": "nte0004-vo0v6v3i", "is_user_correct": true}, {"top1-label": "Pacific Loon", "top1-score": 0.9989774227142334, "question": "Sam guessed the Input image is 99% Pacific Loon. Is it Pacific Loon?", "Accept/Reject": true, "type": "top1", "image-path": "./data/top1-exp-materials/086.Pacific_Loon_41_3.jpeg", "user_decision": "YES", "user_id": "nte0004-vo0v6v3i", "is_user_correct": true}, {"top1-label": "American Redstart", "top1-score": 0.023311203345656395, "question": "Sam guessed the Input image is 2% American Redstart. Is it American Redstart?", "Accept/Reject": false, "type": "top1", "image-path": "./data/top1-exp-materials/021.Eastern_Towhee_141_7.jpeg", "user_decision": "YES", "user_id": "nte0004-vo0v6v3i", "is_user_correct": false}, {"top1-label": "Ring billed Gull", "top1-score": 0.7002525925636292, "question": "Sam guessed the Input image is 70% Ring billed Gull. Is it Ring billed Gull?", "Accept/Reject": false, "type": "top1", "image-path": "./data/top1-exp-materials/059.California_Gull_69_2.jpeg", "user_decision": "YES", "user_id": "nte0004-vo0v6v3i", "is_user_correct": false}, {"top1-label": "Northern Waterthrush", "top1-score": 0.014213882386684418, "question": "Sam guessed the Input image is 1% Northern Waterthrush. Is it Northern Waterthrush?", "Accept/Reject": true, "type": "top1", "image-path": "./data/top1-exp-materials/183.Northern_Waterthrush_15_0.jpeg", "user_decision": "YES", "user_id": "nte0004-vo0v6v3i", "is_user_correct": true}, {"top1-label": "Elegant Tern", "top1-score": 0.5819884538650513, "question": "Sam guessed the Input image is 58% Elegant Tern. Is it Elegant Tern?", "Accept/Reject": false, "type": "top1", "image-path": "./data/top1-exp-materials/147.Least_Tern_247_1.jpeg", "user_decision": "YES", "user_id": "nte0004-vo0v6v3i", "is_user_correct": false}, {"top1-label": "Bank Swallow", "top1-score": 0.01730606146156788, "question": "Sam guessed the Input image is 1% Bank Swallow. Is it Bank Swallow?", "Accept/Reject": false, "type": "top1", "image-path": "./data/top1-exp-materials/040.Olive_sided_Flycatcher_219_6.jpeg", "user_decision": "YES", "user_id": "nte0004-vo0v6v3i", "is_user_correct": false}, {"top1-label": "Carolina Wren", "top1-score": 0.5807691216468811, "question": "Sam guessed the Input image is 58% Carolina Wren. Is it Carolina Wren?", "Accept/Reject": false, "type": "top1", "image-path": "./data/top1-exp-materials/193.Bewick_Wren_52_6.jpeg", "user_decision": "YES", "user_id": "nte0004-vo0v6v3i", "is_user_correct": false}, {"top1-label": "Blue headed Vireo", "top1-score": 0.9958983063697815, "question": "Sam guessed the Input image is 99% Blue headed Vireo. Is it Blue headed Vireo?", "Accept/Reject": true, "type": "top1", "image-path": "./data/top1-exp-materials/152.Blue_headed_Vireo_16_3.jpeg", "user_decision": "YES", "user_id": "nte0004-vo0v6v3i", "is_user_correct": true}, {"top1-label": "Glaucous winged Gull", "top1-score": 0.037507299333810806, "question": "Sam guessed the Input image is 3% Glaucous winged Gull. Is it Glaucous winged Gull?", "Accept/Reject": false, "type": "top1", "image-path": "./data/top1-exp-materials/064.Ring_billed_Gull_248_0.jpeg", "user_decision": "NO", "user_id": "nte0004-vo0v6v3i", "is_user_correct": true}, {"top1-label": "Gray crowned Rosy Finch", "top1-score": 0.28590622544288635, "question": "Sam guessed the Input image is 28% Gray crowned Rosy Finch. Is it Gray crowned Rosy Finch?", "Accept/Reject": false, "type": "top1", "image-path": "./data/top1-exp-materials/089.Hooded_Merganser_198_7.jpeg", "user_decision": "NO", "user_id": "nte0004-vo0v6v3i", "is_user_correct": true}, {"top1-label": "Indigo Bunting", "top1-score": 0.9845351576805115, "question": "Sam guessed the Input image is 98% Indigo Bunting. Is it Indigo Bunting?", "Accept/Reject": false, "type": "top1", "image-path": "./data/top1-exp-materials/054.Blue_Grosbeak_165_5.jpeg", "user_decision": "YES", "user_id": "nte0004-vo0v6v3i", "is_user_correct": false}, {"top1-label": "Northern Waterthrush", "top1-score": 0.9476956725120544, "question": "Sam guessed the Input image is 94% Northern Waterthrush. Is it Northern Waterthrush?", "Accept/Reject": true, "type": "top1", "image-path": "./data/top1-exp-materials/183.Northern_Waterthrush_5_5.jpeg", "user_decision": "YES", "user_id": "nte0004-vo0v6v3i", "is_user_correct": true}, {"top1-label": "Artic Tern", "top1-score": 0.988509476184845, "question": "Sam guessed the Input image is 98% Artic Tern. Is it Artic Tern?", "Accept/Reject": true, "type": "top1", "image-path": "./data/top1-exp-materials/141.Artic_Tern_3_7.jpeg", "user_decision": "YES", "user_id": "nte0004-vo0v6v3i", "is_user_correct": true}, {"top1-label": "Sooty Albatross", "top1-score": 0.9546818733215332, "question": "Sam guessed the Input image is 95% Sooty Albatross. Is it Sooty Albatross?", "Accept/Reject": false, "type": "top1", "image-path": "./data/top1-exp-materials/002.Laysan_Albatross_123_7.jpeg", "user_decision": "YES", "user_id": "nte0004-vo0v6v3i", "is_user_correct": false}, {"top1-label": "Western Gull", "top1-score": 0.10303646326065063, "question": "Sam guessed the Input image is 10% Western Gull. Is it Western Gull?", "Accept/Reject": false, "type": "top1", "image-path": "./data/top1-exp-materials/059.California_Gull_46_0.jpeg", "user_decision": "YES", "user_id": "nte0004-vo0v6v3i", "is_user_correct": false}, {"top1-label": "Yellow breasted Chat", "top1-score": 0.9490922093391418, "question": "Sam guessed the Input image is 94% Yellow breasted Chat. Is it Yellow breasted Chat?", "Accept/Reject": true, "type": "top1", "image-path": "./data/top1-exp-materials/020.Yellow_breasted_Chat_41_0.jpeg", "user_decision": "YES", "user_id": "nte0004-vo0v6v3i", "is_user_correct": true}, {"top1-label": "Florida Jay", "top1-score": 0.7980294823646545, "question": "Sam guessed the Input image is 79% Florida Jay. Is it Florida Jay?", "Accept/Reject": false, "type": "top1", "image-path": "./data/top1-exp-materials/073.Blue_Jay_127_7.jpeg", "user_decision": "YES", "user_id": "nte0004-vo0v6v3i", "is_user_correct": false}, {"top1-label": "Red bellied Woodpecker", "top1-score": 0.9978450536727905, "question": "Sam guessed the Input image is 99% Red bellied Woodpecker. Is it Red bellied Woodpecker?", "Accept/Reject": true, "type": "top1", "image-path": "./data/top1-exp-materials/189.Red_bellied_Woodpecker_11_5.jpeg", "user_decision": "YES", "user_id": "nte0004-vo0v6v3i", "is_user_correct": true}, {"top1-label": "Northern Fulmar", "top1-score": 0.02073480933904648, "question": "Sam guessed the Input image is 2% Northern Fulmar. Is it Northern Fulmar?", "Accept/Reject": false, "type": "top1", "image-path": "./data/top1-exp-materials/072.Pomarine_Jaeger_311_0.jpeg", "user_decision": "YES", "user_id": "nte0004-vo0v6v3i", "is_user_correct": false}, {"top1-label": "Elegant Tern", "top1-score": 0.5195083618164062, "question": "Sam guessed the Input image is 51% Elegant Tern. Is it Elegant Tern?", "Accept/Reject": false, "type": "top1", "image-path": "./data/top1-exp-materials/143.Caspian_Tern_110_2.jpeg", "user_decision": "YES", "user_id": "nte0004-vo0v6v3i", "is_user_correct": false}, {"top1-label": "Great Crested Flycatcher", "top1-score": 0.9963192939758301, "question": "Sam guessed the Input image is 99% Great Crested Flycatcher. Is it Great Crested Flycatcher?", "Accept/Reject": true, "type": "top1", "image-path": "./data/top1-exp-materials/038.Great_Crested_Flycatcher_34_5.jpeg", "user_decision": "YES", "user_id": "nte0004-vo0v6v3i", "is_user_correct": true}, {"top1-label": "Le Conte Sparrow", "top1-score": 3.0443520699918736e-06, "question": "Sam guessed the Input image is 0% Le Conte Sparrow. Is it Le Conte Sparrow?", "Accept/Reject": false, "type": "top1", "image-path": "./data/top1-exp-materials/126.Nelson_Sharp_tailed_Sparrow_192_5.jpeg", "user_decision": "YES", "user_id": "nte0004-vo0v6v3i", "is_user_correct": false}, {"top1-label": "Kentucky Warbler", "top1-score": 0.8416448831558228, "question": "Sam guessed the Input image is 84% Kentucky Warbler. Is it Kentucky Warbler?", "Accept/Reject": true, "type": "top1", "image-path": "./data/top1-exp-materials/168.Kentucky_Warbler_42_4.jpeg", "user_decision": "YES", "user_id": "nte0004-vo0v6v3i", "is_user_correct": true}, {"top1-label": "Black billed Cuckoo", "top1-score": 0.45936301350593567, "question": "Sam guessed the Input image is 45% Black billed Cuckoo. Is it Black billed Cuckoo?", "Accept/Reject": false, "type": "top1", "image-path": "./data/top1-exp-materials/032.Mangrove_Cuckoo_147_0.jpeg", "user_decision": "YES", "user_id": "nte0004-vo0v6v3i", "is_user_correct": false}, {"top1-label": "Horned Puffin", "top1-score": 0.6405686140060425, "question": "Sam guessed the Input image is 64% Horned Puffin. Is it Horned Puffin?", "Accept/Reject": true, "type": "top1", "image-path": "./data/top1-exp-materials/106.Horned_Puffin_4_3.jpeg", "user_decision": "YES", "user_id": "nte0004-vo0v6v3i", "is_user_correct": true}, {"top1-label": "Forsters Tern", "top1-score": 0.8975353837013245, "question": "Sam guessed the Input image is 89% Forsters Tern. Is it Forsters Tern?", "Accept/Reject": false, "type": "top1", "image-path": "./data/top1-exp-materials/144.Common_Tern_266_7.jpeg", "user_decision": "YES", "user_id": "nte0004-vo0v6v3i", "is_user_correct": false}, {"top1-label": "Pied billed Grebe", "top1-score": 0.04156564921140671, "question": "Sam guessed the Input image is 4% Pied billed Grebe. Is it Pied billed Grebe?", "Accept/Reject": false, "type": "top1", "image-path": "./data/top1-exp-materials/090.Red_breasted_Merganser_224_1.jpeg", "user_decision": "NO", "user_id": "nte0004-vo0v6v3i", "is_user_correct": false}]}