{
    "user_id": "anguyen8-k2jso",
    "time": 1705967299,
    "history": [
        {
            "top1-label": "Western Gull",
            "top1-score": 0.901774525642395,
            "question": "Sam guessed the Input image is 90% Western Gull. Is it Western Gull?",
            "Accept/Reject": false,
            "type": "topk",
            "image-path": "./data/topK-exp-materials/059.California_Gull_291_1.jpeg",
            "user_decision": "NO",
            "user_id": "anguyen8-k2jso",
            "is_user_correct": true
        },
        {
            "top1-label": "Gray Catbird",
            "top1-score": 0.9967394471168518,
            "question": "Sam guessed the Input image is 99% Gray Catbird. Is it Gray Catbird?",
            "Accept/Reject": true,
            "type": "topk",
            "image-path": "./data/topK-exp-materials/019.Gray_Catbird_28_3.jpeg",
            "user_decision": "YES",
            "user_id": "anguyen8-k2jso",
            "is_user_correct": true
        },
        {
            "top1-label": "Eared Grebe",
            "top1-score": 0.9976015090942383,
            "question": "Sam guessed the Input image is 99% Eared Grebe. Is it Eared Grebe?",
            "Accept/Reject": false,
            "type": "topk",
            "image-path": "./data/topK-exp-materials/051.Horned_Grebe_209_6.jpeg",
            "user_decision": "YES",
            "user_id": "anguyen8-k2jso",
            "is_user_correct": false
        },
        {
            "top1-label": "Painted Bunting",
            "top1-score": 0.06904079765081406,
            "question": "Sam guessed the Input image is 6% Painted Bunting. Is it Painted Bunting?",
            "Accept/Reject": false,
            "type": "topk",
            "image-path": "./data/topK-exp-materials/016.Painted_Bunting_115_4.jpeg",
            "user_decision": "YES",
            "user_id": "anguyen8-k2jso",
            "is_user_correct": false
        },
        {
            "top1-label": "Yellow billed Cuckoo",
            "top1-score": 0.9394806623458862,
            "question": "Sam guessed the Input image is 93% Yellow billed Cuckoo. Is it Yellow billed Cuckoo?",
            "Accept/Reject": true,
            "type": "topk",
            "image-path": "./data/topK-exp-materials/033.Yellow_billed_Cuckoo_31_5.jpeg",
            "user_decision": "YES",
            "user_id": "anguyen8-k2jso",
            "is_user_correct": true
        },
        {
            "top1-label": "Artic Tern",
            "top1-score": 0.003886970691382885,
            "question": "Sam guessed the Input image is 0% Artic Tern. Is it Artic Tern?",
            "Accept/Reject": false,
            "type": "topk",
            "image-path": "./data/topK-exp-materials/144.Common_Tern_278_4.jpeg",
            "user_decision": "YES",
            "user_id": "anguyen8-k2jso",
            "is_user_correct": false
        },
        {
            "top1-label": "Pied Kingfisher",
            "top1-score": 0.996475875377655,
            "question": "Sam guessed the Input image is 99% Pied Kingfisher. Is it Pied Kingfisher?",
            "Accept/Reject": true,
            "type": "topk",
            "image-path": "./data/topK-exp-materials/081.Pied_Kingfisher_20_0.jpeg",
            "user_decision": "YES",
            "user_id": "anguyen8-k2jso",
            "is_user_correct": true
        },
        {
            "top1-label": "Gray Kingbird",
            "top1-score": 0.22022730112075806,
            "question": "Sam guessed the Input image is 22% Gray Kingbird. Is it Gray Kingbird?",
            "Accept/Reject": false,
            "type": "topk",
            "image-path": "./data/topK-exp-materials/091.Mockingbird_292_1.jpeg",
            "user_decision": "NO",
            "user_id": "anguyen8-k2jso",
            "is_user_correct": true
        },
        {
            "top1-label": "Slaty backed Gull",
            "top1-score": 0.21087761223316193,
            "question": "Sam guessed the Input image is 21% Slaty backed Gull. Is it Slaty backed Gull?",
            "Accept/Reject": false,
            "type": "topk",
            "image-path": "./data/topK-exp-materials/066.Western_Gull_97_5.jpeg",
            "user_decision": "NO",
            "user_id": "anguyen8-k2jso",
            "is_user_correct": true
        },
        {
            "top1-label": "Sooty Albatross",
            "top1-score": 0.9998757839202881,
            "question": "Sam guessed the Input image is 99% Sooty Albatross. Is it Sooty Albatross?",
            "Accept/Reject": true,
            "type": "topk",
            "image-path": "./data/topK-exp-materials/003.Sooty_Albatross_1_6.jpeg",
            "user_decision": "YES",
            "user_id": "anguyen8-k2jso",
            "is_user_correct": true
        },
        {
            "top1-label": "Pomarine Jaeger",
            "top1-score": 0.15239176154136658,
            "question": "Sam guessed the Input image is 15% Pomarine Jaeger. Is it Pomarine Jaeger?",
            "Accept/Reject": false,
            "type": "topk",
            "image-path": "./data/topK-exp-materials/086.Pacific_Loon_203_3.jpeg",
            "user_decision": "NO",
            "user_id": "anguyen8-k2jso",
            "is_user_correct": true
        },
        {
            "top1-label": "Lazuli Bunting",
            "top1-score": 0.42040494084358215,
            "question": "Sam guessed the Input image is 42% Lazuli Bunting. Is it Lazuli Bunting?",
            "Accept/Reject": false,
            "type": "topk",
            "image-path": "./data/topK-exp-materials/198.Rock_Wren_0_1.jpeg",
            "user_decision": "NO",
            "user_id": "anguyen8-k2jso",
            "is_user_correct": true
        },
        {
            "top1-label": "Groove billed Ani",
            "top1-score": 0.11780327558517456,
            "question": "Sam guessed the Input image is 11% Groove billed Ani. Is it Groove billed Ani?",
            "Accept/Reject": false,
            "type": "topk",
            "image-path": "./data/topK-exp-materials/108.White_necked_Raven_193_1.jpeg",
            "user_decision": "NO",
            "user_id": "anguyen8-k2jso",
            "is_user_correct": true
        },
        {
            "top1-label": "Acadian Flycatcher",
            "top1-score": 0.28548839688301086,
            "question": "Sam guessed the Input image is 28% Acadian Flycatcher. Is it Acadian Flycatcher?",
            "Accept/Reject": false,
            "type": "topk",
            "image-path": "./data/topK-exp-materials/037.Acadian_Flycatcher_148_7.jpeg",
            "user_decision": "YES",
            "user_id": "anguyen8-k2jso",
            "is_user_correct": false
        },
        {
            "top1-label": "Laysan Albatross",
            "top1-score": 0.9122689962387085,
            "question": "Sam guessed the Input image is 91% Laysan Albatross. Is it Laysan Albatross?",
            "Accept/Reject": true,
            "type": "topk",
            "image-path": "./data/topK-exp-materials/002.Laysan_Albatross_18_7.jpeg",
            "user_decision": "YES",
            "user_id": "anguyen8-k2jso",
            "is_user_correct": true
        },
        {
            "top1-label": "Western Meadowlark",
            "top1-score": 0.9988942742347717,
            "question": "Sam guessed the Input image is 99% Western Meadowlark. Is it Western Meadowlark?",
            "Accept/Reject": true,
            "type": "topk",
            "image-path": "./data/topK-exp-materials/088.Western_Meadowlark_15_4.jpeg",
            "user_decision": "YES",
            "user_id": "anguyen8-k2jso",
            "is_user_correct": true
        },
        {
            "top1-label": "Belted Kingfisher",
            "top1-score": 0.3625277578830719,
            "question": "Sam guessed the Input image is 36% Belted Kingfisher. Is it Belted Kingfisher?",
            "Accept/Reject": false,
            "type": "topk",
            "image-path": "./data/topK-exp-materials/081.Pied_Kingfisher_222_5.jpeg",
            "user_decision": "YES",
            "user_id": "anguyen8-k2jso",
            "is_user_correct": false
        },
        {
            "top1-label": "Horned Grebe",
            "top1-score": 0.7733575105667114,
            "question": "Sam guessed the Input image is 77% Horned Grebe. Is it Horned Grebe?",
            "Accept/Reject": false,
            "type": "topk",
            "image-path": "./data/topK-exp-materials/050.Eared_Grebe_36_6.jpeg",
            "user_decision": "NO",
            "user_id": "anguyen8-k2jso",
            "is_user_correct": true
        },
        {
            "top1-label": "Chestnut sided Warbler",
            "top1-score": 0.9975212216377258,
            "question": "Sam guessed the Input image is 99% Chestnut sided Warbler. Is it Chestnut sided Warbler?",
            "Accept/Reject": true,
            "type": "topk",
            "image-path": "./data/topK-exp-materials/165.Chestnut_sided_Warbler_13_1.jpeg",
            "user_decision": "YES",
            "user_id": "anguyen8-k2jso",
            "is_user_correct": true
        },
        {
            "top1-label": "Northern Waterthrush",
            "top1-score": 0.014213882386684418,
            "question": "Sam guessed the Input image is 1% Northern Waterthrush. Is it Northern Waterthrush?",
            "Accept/Reject": true,
            "type": "topk",
            "image-path": "./data/topK-exp-materials/183.Northern_Waterthrush_15_0.jpeg",
            "user_decision": "NO",
            "user_id": "anguyen8-k2jso",
            "is_user_correct": false
        },
        {
            "top1-label": "Ovenbird",
            "top1-score": 0.9990108013153076,
            "question": "Sam guessed the Input image is 99% Ovenbird. Is it Ovenbird?",
            "Accept/Reject": true,
            "type": "topk",
            "image-path": "./data/topK-exp-materials/099.Ovenbird_35_6.jpeg",
            "user_decision": "YES",
            "user_id": "anguyen8-k2jso",
            "is_user_correct": true
        },
        {
            "top1-label": "Brewer Blackbird",
            "top1-score": 0.01587270386517048,
            "question": "Sam guessed the Input image is 1% Brewer Blackbird. Is it Brewer Blackbird?",
            "Accept/Reject": false,
            "type": "topk",
            "image-path": "./data/topK-exp-materials/027.Shiny_Cowbird_70_7.jpeg",
            "user_decision": "NO",
            "user_id": "anguyen8-k2jso",
            "is_user_correct": true
        },
        {
            "top1-label": "Parakeet Auklet",
            "top1-score": 0.6898606419563293,
            "question": "Sam guessed the Input image is 68% Parakeet Auklet. Is it Parakeet Auklet?",
            "Accept/Reject": false,
            "type": "topk",
            "image-path": "./data/topK-exp-materials/005.Crested_Auklet_156_1.jpeg",
            "user_decision": "YES",
            "user_id": "anguyen8-k2jso",
            "is_user_correct": false
        },
        {
            "top1-label": "Olive sided Flycatcher",
            "top1-score": 0.8569202423095703,
            "question": "Sam guessed the Input image is 85% Olive sided Flycatcher. Is it Olive sided Flycatcher?",
            "Accept/Reject": false,
            "type": "topk",
            "image-path": "./data/topK-exp-materials/102.Western_Wood_Pewee_22_3.jpeg",
            "user_decision": "NO",
            "user_id": "anguyen8-k2jso",
            "is_user_correct": true
        },
        {
            "top1-label": "Shiny Cowbird",
            "top1-score": 0.004145612940192223,
            "question": "Sam guessed the Input image is 0% Shiny Cowbird. Is it Shiny Cowbird?",
            "Accept/Reject": false,
            "type": "topk",
            "image-path": "./data/topK-exp-materials/049.Boat_tailed_Grackle_242_7.jpeg",
            "user_decision": "NO",
            "user_id": "anguyen8-k2jso",
            "is_user_correct": true
        },
        {
            "top1-label": "Black and white Warbler",
            "top1-score": 0.9995808005332947,
            "question": "Sam guessed the Input image is 99% Black and white Warbler. Is it Black and white Warbler?",
            "Accept/Reject": true,
            "type": "topk",
            "image-path": "./data/topK-exp-materials/159.Black_and_white_Warbler_11_4.jpeg",
            "user_decision": "YES",
            "user_id": "anguyen8-k2jso",
            "is_user_correct": true
        },
        {
            "top1-label": "Slaty backed Gull",
            "top1-score": 0.4413731098175049,
            "question": "Sam guessed the Input image is 44% Slaty backed Gull. Is it Slaty backed Gull?",
            "Accept/Reject": false,
            "type": "topk",
            "image-path": "./data/topK-exp-materials/062.Herring_Gull_236_4.jpeg",
            "user_decision": "NO",
            "user_id": "anguyen8-k2jso",
            "is_user_correct": true
        },
        {
            "top1-label": "Pelagic Cormorant",
            "top1-score": 0.9758628606796265,
            "question": "Sam guessed the Input image is 97% Pelagic Cormorant. Is it Pelagic Cormorant?",
            "Accept/Reject": true,
            "type": "topk",
            "image-path": "./data/topK-exp-materials/025.Pelagic_Cormorant_21_2.jpeg",
            "user_decision": "NO",
            "user_id": "anguyen8-k2jso",
            "is_user_correct": false
        },
        {
            "top1-label": "Olive sided Flycatcher",
            "top1-score": 0.995051920413971,
            "question": "Sam guessed the Input image is 99% Olive sided Flycatcher. Is it Olive sided Flycatcher?",
            "Accept/Reject": true,
            "type": "topk",
            "image-path": "./data/topK-exp-materials/040.Olive_sided_Flycatcher_8_6.jpeg",
            "user_decision": "NO",
            "user_id": "anguyen8-k2jso",
            "is_user_correct": false
        },
        {
            "top1-label": "Philadelphia Vireo",
            "top1-score": 0.0621122345328331,
            "question": "Sam guessed the Input image is 6% Philadelphia Vireo. Is it Philadelphia Vireo?",
            "Accept/Reject": false,
            "type": "topk",
            "image-path": "./data/topK-exp-materials/157.Yellow_throated_Vireo_226_4.jpeg",
            "user_decision": "NO",
            "user_id": "anguyen8-k2jso",
            "is_user_correct": false
        }
    ]
}