{"user_id": "TLW0054-xf13ocu7", "time": 1706296064, "history": [{"top1-label": "Brown Creeper", "top1-score": 0.9995700716972351, "question": "Sam guessed the Input image is 99% Brown Creeper. Is it Brown Creeper?", "Accept/Reject": true, "type": "top1", "image-path": "./data/top1-exp-materials/028.Brown_Creeper_29_7.jpeg", "user_decision": "YES", "user_id": "TLW0054-xf13ocu7", "is_user_correct": true}, {"top1-label": "Herring Gull", "top1-score": 0.8562842011451721, "question": "Sam guessed the Input image is 85% Herring Gull. Is it Herring Gull?", "Accept/Reject": false, "type": "top1", "image-path": "./data/top1-exp-materials/062.Herring_Gull_151_2.jpeg", "user_decision": "YES", "user_id": "TLW0054-xf13ocu7", "is_user_correct": false}, {"top1-label": "Groove billed Ani", "top1-score": 0.9968802332878113, "question": "Sam guessed the Input image is 99% Groove billed Ani. Is it Groove billed Ani?", "Accept/Reject": true, "type": "top1", "image-path": "./data/top1-exp-materials/004.Groove_billed_Ani_16_0.jpeg", "user_decision": "YES", "user_id": "TLW0054-xf13ocu7", "is_user_correct": true}, {"top1-label": "California Gull", "top1-score": 0.5344222187995911, "question": "Sam guessed the Input image is 53% California Gull. Is it California Gull?", "Accept/Reject": false, "type": "top1", "image-path": "./data/top1-exp-materials/059.California_Gull_83_3.jpeg", "user_decision": "YES", "user_id": "TLW0054-xf13ocu7", "is_user_correct": false}, {"top1-label": "Sooty Albatross", "top1-score": 0.9955495595932007, "question": "Sam guessed the Input image is 99% Sooty Albatross. Is it Sooty Albatross?", "Accept/Reject": true, "type": "top1", "image-path": "./data/top1-exp-materials/003.Sooty_Albatross_9_1.jpeg", "user_decision": "YES", "user_id": "TLW0054-xf13ocu7", "is_user_correct": true}, {"top1-label": "Sooty Albatross", "top1-score": 0.9998757839202881, "question": "Sam guessed the Input image is 99% Sooty Albatross. Is it Sooty Albatross?", "Accept/Reject": true, "type": "top1", "image-path": "./data/top1-exp-materials/003.Sooty_Albatross_1_6.jpeg", "user_decision": "YES", "user_id": "TLW0054-xf13ocu7", "is_user_correct": true}, {"top1-label": "Black Tern", "top1-score": 0.2430703043937683, "question": "Sam guessed the Input image is 24% Black Tern. Is it Black Tern?", "Accept/Reject": false, "type": "top1", "image-path": "./data/top1-exp-materials/146.Forsters_Tern_140_6.jpeg", "user_decision": "YES", "user_id": "TLW0054-xf13ocu7", "is_user_correct": false}, {"top1-label": "Red headed Woodpecker", "top1-score": 0.9891303777694702, "question": "Sam guessed the Input image is 98% Red headed Woodpecker. Is it Red headed Woodpecker?", "Accept/Reject": true, "type": "top1", "image-path": "./data/top1-exp-materials/191.Red_headed_Woodpecker_20_6.jpeg", "user_decision": "YES", "user_id": "TLW0054-xf13ocu7", "is_user_correct": true}, {"top1-label": "Cardinal", "top1-score": 0.9993312954902649, "question": "Sam guessed the Input image is 99% Cardinal. Is it Cardinal?", "Accept/Reject": true, "type": "top1", "image-path": "./data/top1-exp-materials/017.Cardinal_38_5.jpeg", "user_decision": "YES", "user_id": "TLW0054-xf13ocu7", "is_user_correct": true}, {"top1-label": "Ringed Kingfisher", "top1-score": 0.8482418060302734, "question": "Sam guessed the Input image is 84% Ringed Kingfisher. Is it Ringed Kingfisher?", "Accept/Reject": false, "type": "top1", "image-path": "./data/top1-exp-materials/080.Green_Kingfisher_216_4.jpeg", "user_decision": "YES", "user_id": "TLW0054-xf13ocu7", "is_user_correct": false}, {"top1-label": "Brewer Blackbird", "top1-score": 0.01587270386517048, "question": "Sam guessed the Input image is 1% Brewer Blackbird. Is it Brewer Blackbird?", "Accept/Reject": false, "type": "top1", "image-path": "./data/top1-exp-materials/027.Shiny_Cowbird_70_7.jpeg", "user_decision": "YES", "user_id": "TLW0054-xf13ocu7", "is_user_correct": false}, {"top1-label": "Common Tern", "top1-score": 0.10829661041498184, "question": "Sam guessed the Input image is 10% Common Tern. Is it Common Tern?", "Accept/Reject": false, "type": "top1", "image-path": "./data/top1-exp-materials/141.Artic_Tern_67_0.jpeg", "user_decision": "YES", "user_id": "TLW0054-xf13ocu7", "is_user_correct": false}, {"top1-label": "Carolina Wren", "top1-score": 0.9596304893493652, "question": "Sam guessed the Input image is 95% Carolina Wren. Is it Carolina Wren?", "Accept/Reject": false, "type": "top1", "image-path": "./data/top1-exp-materials/196.House_Wren_250_5.jpeg", "user_decision": "YES", "user_id": "TLW0054-xf13ocu7", "is_user_correct": false}, {"top1-label": "Henslow Sparrow", "top1-score": 0.040887415409088135, "question": "Sam guessed the Input image is 4% Henslow Sparrow. Is it Henslow Sparrow?", "Accept/Reject": false, "type": "top1", "image-path": "./data/top1-exp-materials/123.Henslow_Sparrow_133_4.jpeg", "user_decision": "YES", "user_id": "TLW0054-xf13ocu7", "is_user_correct": false}, {"top1-label": "Warbling Vireo", "top1-score": 0.9246943593025208, "question": "Sam guessed the Input image is 92% Warbling Vireo. Is it Warbling Vireo?", "Accept/Reject": true, "type": "top1", "image-path": "./data/top1-exp-materials/155.Warbling_Vireo_10_1.jpeg", "user_decision": "YES", "user_id": "TLW0054-xf13ocu7", "is_user_correct": true}, {"top1-label": "Ruby throated Hummingbird", "top1-score": 0.5668950080871582, "question": "Sam guessed the Input image is 56% Ruby throated Hummingbird. Is it Ruby throated Hummingbird?", "Accept/Reject": true, "type": "top1", "image-path": "./data/top1-exp-materials/068.Ruby_throated_Hummingbird_21_4.jpeg", "user_decision": "YES", "user_id": "TLW0054-xf13ocu7", "is_user_correct": true}, {"top1-label": "House Sparrow", "top1-score": 0.9940767288208008, "question": "Sam guessed the Input image is 99% House Sparrow. Is it House Sparrow?", "Accept/Reject": false, "type": "top1", "image-path": "./data/top1-exp-materials/128.Seaside_Sparrow_167_6.jpeg", "user_decision": "YES", "user_id": "TLW0054-xf13ocu7", "is_user_correct": false}, {"top1-label": "Green tailed Towhee", "top1-score": 0.6835477948188782, "question": "Sam guessed the Input image is 68% Green tailed Towhee. Is it Green tailed Towhee?", "Accept/Reject": true, "type": "top1", "image-path": "./data/top1-exp-materials/148.Green_tailed_Towhee_40_1.jpeg", "user_decision": "YES", "user_id": "TLW0054-xf13ocu7", "is_user_correct": true}, {"top1-label": "Yellow throated Vireo", "top1-score": 0.8285635113716125, "question": "Sam guessed the Input image is 82% Yellow throated Vireo. Is it Yellow throated Vireo?", "Accept/Reject": true, "type": "top1", "image-path": "./data/top1-exp-materials/157.Yellow_throated_Vireo_3_2.jpeg", "user_decision": "YES", "user_id": "TLW0054-xf13ocu7", "is_user_correct": true}, {"top1-label": "Red bellied Woodpecker", "top1-score": 0.9978450536727905, "question": "Sam guessed the Input image is 99% Red bellied Woodpecker. Is it Red bellied Woodpecker?", "Accept/Reject": true, "type": "top1", "image-path": "./data/top1-exp-materials/189.Red_bellied_Woodpecker_11_5.jpeg", "user_decision": "YES", "user_id": "TLW0054-xf13ocu7", "is_user_correct": true}, {"top1-label": "Mockingbird", "top1-score": 0.9933949112892151, "question": "Sam guessed the Input image is 99% Mockingbird. Is it Mockingbird?", "Accept/Reject": false, "type": "top1", "image-path": "./data/top1-exp-materials/150.Sage_Thrasher_71_6.jpeg", "user_decision": "YES", "user_id": "TLW0054-xf13ocu7", "is_user_correct": false}, {"top1-label": "Tropical Kingbird", "top1-score": 0.8988468050956726, "question": "Sam guessed the Input image is 89% Tropical Kingbird. Is it Tropical Kingbird?", "Accept/Reject": false, "type": "top1", "image-path": "./data/top1-exp-materials/038.Great_Crested_Flycatcher_117_6.jpeg", "user_decision": "YES", "user_id": "TLW0054-xf13ocu7", "is_user_correct": false}, {"top1-label": "American Redstart", "top1-score": 0.9998478889465332, "question": "Sam guessed the Input image is 99% American Redstart. Is it American Redstart?", "Accept/Reject": true, "type": "top1", "image-path": "./data/top1-exp-materials/109.American_Redstart_26_2.jpeg", "user_decision": "YES", "user_id": "TLW0054-xf13ocu7", "is_user_correct": true}, {"top1-label": "House Sparrow", "top1-score": 0.5226640105247498, "question": "Sam guessed the Input image is 52% House Sparrow. Is it House Sparrow?", "Accept/Reject": false, "type": "top1", "image-path": "./data/top1-exp-materials/130.Tree_Sparrow_304_0.jpeg", "user_decision": "YES", "user_id": "TLW0054-xf13ocu7", "is_user_correct": false}, {"top1-label": "Vesper Sparrow", "top1-score": 0.9683300852775574, "question": "Sam guessed the Input image is 96% Vesper Sparrow. Is it Vesper Sparrow?", "Accept/Reject": false, "type": "top1", "image-path": "./data/top1-exp-materials/113.Baird_Sparrow_192_3.jpeg", "user_decision": "YES", "user_id": "TLW0054-xf13ocu7", "is_user_correct": false}, {"top1-label": "Baird Sparrow", "top1-score": 0.00925333984196186, "question": "Sam guessed the Input image is 0% Baird Sparrow. Is it Baird Sparrow?", "Accept/Reject": false, "type": "top1", "image-path": "./data/top1-exp-materials/127.Savannah_Sparrow_81_7.jpeg", "user_decision": "YES", "user_id": "TLW0054-xf13ocu7", "is_user_correct": false}, {"top1-label": "Herring Gull", "top1-score": 0.5575596690177917, "question": "Sam guessed the Input image is 55% Herring Gull. Is it Herring Gull?", "Accept/Reject": false, "type": "top1", "image-path": "./data/top1-exp-materials/059.California_Gull_264_6.jpeg", "user_decision": "YES", "user_id": "TLW0054-xf13ocu7", "is_user_correct": false}, {"top1-label": "Red winged Blackbird", "top1-score": 0.998063325881958, "question": "Sam guessed the Input image is 99% Red winged Blackbird. Is it Red winged Blackbird?", "Accept/Reject": true, "type": "top1", "image-path": "./data/top1-exp-materials/010.Red_winged_Blackbird_19_2.jpeg", "user_decision": "YES", "user_id": "TLW0054-xf13ocu7", "is_user_correct": true}, {"top1-label": "Ivory Gull", "top1-score": 0.9943865537643433, "question": "Sam guessed the Input image is 99% Ivory Gull. Is it Ivory Gull?", "Accept/Reject": true, "type": "top1", "image-path": "./data/top1-exp-materials/063.Ivory_Gull_30_4.jpeg", "user_decision": "YES", "user_id": "TLW0054-xf13ocu7", "is_user_correct": true}, {"top1-label": "Northern Fulmar", "top1-score": 0.6770517230033875, "question": "Sam guessed the Input image is 67% Northern Fulmar. Is it Northern Fulmar?", "Accept/Reject": false, "type": "top1", "image-path": "./data/top1-exp-materials/045.Northern_Fulmar_224_6.jpeg", "user_decision": "YES", "user_id": "TLW0054-xf13ocu7", "is_user_correct": false}]}