{"user_id": "rezagh-6qdoz24z", "time": 1706052157, "history": [{"top1-label": "Le Conte Sparrow", "top1-score": 0.5259846448898315, "question": "Sam guessed the Input image is 52% Le Conte Sparrow. Is it Le Conte Sparrow?", "Accept/Reject": true, "type": "topK", "image-path": "./data/topK-exp-materials/124.Le_Conte_Sparrow_19_0.jpeg", "user_decision": "YES", "user_id": "rezagh-6qdoz24z", "is_user_correct": true}, {"top1-label": "Black and white Warbler", "top1-score": 0.00031578788184560835, "question": "Sam guessed the Input image is 0% Black and white Warbler. Is it Black and white Warbler?", "Accept/Reject": false, "type": "topK", "image-path": "./data/topK-exp-materials/081.Pied_Kingfisher_152_6.jpeg", "user_decision": "YES", "user_id": "rezagh-6qdoz24z", "is_user_correct": false}, {"top1-label": "Ring billed Gull", "top1-score": 0.49495792388916016, "question": "Sam guessed the Input image is 49% Ring billed Gull. Is it Ring billed Gull?", "Accept/Reject": false, "type": "topK", "image-path": "./data/topK-exp-materials/059.California_Gull_165_4.jpeg", "user_decision": "YES", "user_id": "rezagh-6qdoz24z", "is_user_correct": false}, {"top1-label": "Pomarine Jaeger", "top1-score": 0.41584303975105286, "question": "Sam guessed the Input image is 41% Pomarine Jaeger. Is it Pomarine Jaeger?", "Accept/Reject": false, "type": "topK", "image-path": "./data/topK-exp-materials/071.Long_tailed_Jaeger_151_1.jpeg", "user_decision": "NO", "user_id": "rezagh-6qdoz24z", "is_user_correct": true}, {"top1-label": "Brewer Blackbird", "top1-score": 0.7704969644546509, "question": "Sam guessed the Input image is 77% Brewer Blackbird. Is it Brewer Blackbird?", "Accept/Reject": false, "type": "topK", "image-path": "./data/topK-exp-materials/011.Rusty_Blackbird_272_1.jpeg", "user_decision": "YES", "user_id": "rezagh-6qdoz24z", "is_user_correct": false}, {"top1-label": "Carolina Wren", "top1-score": 0.9075914621353149, "question": "Sam guessed the Input image is 90% Carolina Wren. Is it Carolina Wren?", "Accept/Reject": false, "type": "topK", "image-path": "./data/topK-exp-materials/197.Marsh_Wren_13_6.jpeg", "user_decision": "YES", "user_id": "rezagh-6qdoz24z", "is_user_correct": false}, {"top1-label": "Geococcyx", "top1-score": 0.9741169810295105, "question": "Sam guessed the Input image is 97% Geococcyx. Is it Geococcyx?", "Accept/Reject": true, "type": "topK", "image-path": "./data/topK-exp-materials/110.Geococcyx_5_2.jpeg", "user_decision": "YES", "user_id": "rezagh-6qdoz24z", "is_user_correct": true}, {"top1-label": "White necked Raven", "top1-score": 0.036096569150686264, "question": "Sam guessed the Input image is 3% White necked Raven. Is it White necked Raven?", "Accept/Reject": false, "type": "topK", "image-path": "./data/topK-exp-materials/108.White_necked_Raven_232_2.jpeg", "user_decision": "YES", "user_id": "rezagh-6qdoz24z", "is_user_correct": false}, {"top1-label": "Tree Sparrow", "top1-score": 0.13981714844703674, "question": "Sam guessed the Input image is 13% Tree Sparrow. Is it Tree Sparrow?", "Accept/Reject": false, "type": "topK", "image-path": "./data/topK-exp-materials/132.White_crowned_Sparrow_259_7.jpeg", "user_decision": "NO", "user_id": "rezagh-6qdoz24z", "is_user_correct": true}, {"top1-label": "California Gull", "top1-score": 0.18785132467746735, "question": "Sam guessed the Input image is 18% California Gull. Is it California Gull?", "Accept/Reject": false, "type": "topK", "image-path": "./data/topK-exp-materials/060.Glaucous_winged_Gull_23_4.jpeg", "user_decision": "YES", "user_id": "rezagh-6qdoz24z", "is_user_correct": false}, {"top1-label": "Herring Gull", "top1-score": 0.11463460326194763, "question": "Sam guessed the Input image is 11% Herring Gull. Is it Herring Gull?", "Accept/Reject": false, "type": "topK", "image-path": "./data/topK-exp-materials/060.Glaucous_winged_Gull_313_1.jpeg", "user_decision": "YES", "user_id": "rezagh-6qdoz24z", "is_user_correct": false}, {"top1-label": "Pomarine Jaeger", "top1-score": 0.15239176154136658, "question": "Sam guessed the Input image is 15% Pomarine Jaeger. Is it Pomarine Jaeger?", "Accept/Reject": false, "type": "topK", "image-path": "./data/topK-exp-materials/086.Pacific_Loon_203_3.jpeg", "user_decision": "YES", "user_id": "rezagh-6qdoz24z", "is_user_correct": false}, {"top1-label": "Bronzed Cowbird", "top1-score": 0.009916502051055431, "question": "Sam guessed the Input image is 0% Bronzed Cowbird. Is it Bronzed Cowbird?", "Accept/Reject": false, "type": "topK", "image-path": "./data/topK-exp-materials/107.Common_Raven_176_7.jpeg", "user_decision": "NO", "user_id": "rezagh-6qdoz24z", "is_user_correct": true}, {"top1-label": "Yellow Warbler", "top1-score": 0.9991074204444885, "question": "Sam guessed the Input image is 99% Yellow Warbler. Is it Yellow Warbler?", "Accept/Reject": true, "type": "topK", "image-path": "./data/topK-exp-materials/182.Yellow_Warbler_42_3.jpeg", "user_decision": "YES", "user_id": "rezagh-6qdoz24z", "is_user_correct": true}, {"top1-label": "Ring billed Gull", "top1-score": 0.5549193024635315, "question": "Sam guessed the Input image is 55% Ring billed Gull. Is it Ring billed Gull?", "Accept/Reject": false, "type": "topK", "image-path": "./data/topK-exp-materials/064.Ring_billed_Gull_163_5.jpeg", "user_decision": "YES", "user_id": "rezagh-6qdoz24z", "is_user_correct": false}, {"top1-label": "Tennessee Warbler", "top1-score": 0.05590955168008804, "question": "Sam guessed the Input image is 5% Tennessee Warbler. Is it Tennessee Warbler?", "Accept/Reject": false, "type": "topK", "image-path": "./data/topK-exp-materials/173.Orange_crowned_Warbler_137_2.jpeg", "user_decision": "YES", "user_id": "rezagh-6qdoz24z", "is_user_correct": false}, {"top1-label": "Bobolink", "top1-score": 0.006668918300420046, "question": "Sam guessed the Input image is 0% Bobolink. Is it Bobolink?", "Accept/Reject": false, "type": "topK", "image-path": "./data/topK-exp-materials/184.Louisiana_Waterthrush_48_0.jpeg", "user_decision": "NO", "user_id": "rezagh-6qdoz24z", "is_user_correct": true}, {"top1-label": "Blue headed Vireo", "top1-score": 0.9958983063697815, "question": "Sam guessed the Input image is 99% Blue headed Vireo. Is it Blue headed Vireo?", "Accept/Reject": true, "type": "topK", "image-path": "./data/topK-exp-materials/152.Blue_headed_Vireo_16_3.jpeg", "user_decision": "YES", "user_id": "rezagh-6qdoz24z", "is_user_correct": true}, {"top1-label": "Indigo Bunting", "top1-score": 0.995785653591156, "question": "Sam guessed the Input image is 99% Indigo Bunting. Is it Indigo Bunting?", "Accept/Reject": true, "type": "topK", "image-path": "./data/topK-exp-materials/014.Indigo_Bunting_32_2.jpeg", "user_decision": "YES", "user_id": "rezagh-6qdoz24z", "is_user_correct": true}, {"top1-label": "Forsters Tern", "top1-score": 0.8702758550643921, "question": "Sam guessed the Input image is 87% Forsters Tern. Is it Forsters Tern?", "Accept/Reject": true, "type": "topK", "image-path": "./data/topK-exp-materials/146.Forsters_Tern_38_0.jpeg", "user_decision": "YES", "user_id": "rezagh-6qdoz24z", "is_user_correct": true}, {"top1-label": "Tree Swallow", "top1-score": 0.4365893304347992, "question": "Sam guessed the Input image is 43% Tree Swallow. Is it Tree Swallow?", "Accept/Reject": false, "type": "topK", "image-path": "./data/topK-exp-materials/135.Bank_Swallow_188_0.jpeg", "user_decision": "YES", "user_id": "rezagh-6qdoz24z", "is_user_correct": false}, {"top1-label": "House Wren", "top1-score": 0.8763688802719116, "question": "Sam guessed the Input image is 87% House Wren. Is it House Wren?", "Accept/Reject": false, "type": "topK", "image-path": "./data/topK-exp-materials/196.House_Wren_221_4.jpeg", "user_decision": "YES", "user_id": "rezagh-6qdoz24z", "is_user_correct": false}, {"top1-label": "Horned Puffin", "top1-score": 0.9992210865020752, "question": "Sam guessed the Input image is 99% Horned Puffin. Is it Horned Puffin?", "Accept/Reject": true, "type": "topK", "image-path": "./data/topK-exp-materials/106.Horned_Puffin_28_0.jpeg", "user_decision": "YES", "user_id": "rezagh-6qdoz24z", "is_user_correct": true}, {"top1-label": "Loggerhead Shrike", "top1-score": 0.3784658908843994, "question": "Sam guessed the Input image is 37% Loggerhead Shrike. Is it Loggerhead Shrike?", "Accept/Reject": false, "type": "topK", "image-path": "./data/topK-exp-materials/112.Great_Grey_Shrike_137_3.jpeg", "user_decision": "YES", "user_id": "rezagh-6qdoz24z", "is_user_correct": false}, {"top1-label": "Henslow Sparrow", "top1-score": 0.9986403584480286, "question": "Sam guessed the Input image is 99% Henslow Sparrow. Is it Henslow Sparrow?", "Accept/Reject": true, "type": "topK", "image-path": "./data/topK-exp-materials/123.Henslow_Sparrow_36_7.jpeg", "user_decision": "YES", "user_id": "rezagh-6qdoz24z", "is_user_correct": true}, {"top1-label": "Summer Tanager", "top1-score": 0.9993005990982056, "question": "Sam guessed the Input image is 99% Summer Tanager. Is it Summer Tanager?", "Accept/Reject": true, "type": "topK", "image-path": "./data/topK-exp-materials/140.Summer_Tanager_7_1.jpeg", "user_decision": "YES", "user_id": "rezagh-6qdoz24z", "is_user_correct": true}, {"top1-label": "American Crow", "top1-score": 0.43209025263786316, "question": "Sam guessed the Input image is 43% American Crow. Is it American Crow?", "Accept/Reject": false, "type": "topK", "image-path": "./data/topK-exp-materials/029.American_Crow_259_5.jpeg", "user_decision": "NO", "user_id": "rezagh-6qdoz24z", "is_user_correct": true}, {"top1-label": "Yellow billed Cuckoo", "top1-score": 0.07804844528436661, "question": "Sam guessed the Input image is 7% Yellow billed Cuckoo. Is it Yellow billed Cuckoo?", "Accept/Reject": false, "type": "topK", "image-path": "./data/topK-exp-materials/083.White_breasted_Kingfisher_52_1.jpeg", "user_decision": "NO", "user_id": "rezagh-6qdoz24z", "is_user_correct": true}, {"top1-label": "Gadwall", "top1-score": 0.9994192123413086, "question": "Sam guessed the Input image is 99% Gadwall. Is it Gadwall?", "Accept/Reject": true, "type": "topK", "image-path": "./data/topK-exp-materials/046.Gadwall_31_6.jpeg", "user_decision": "YES", "user_id": "rezagh-6qdoz24z", "is_user_correct": true}, {"top1-label": "Chestnut sided Warbler", "top1-score": 0.9975212216377258, "question": "Sam guessed the Input image is 99% Chestnut sided Warbler. Is it Chestnut sided Warbler?", "Accept/Reject": true, "type": "topK", "image-path": "./data/topK-exp-materials/165.Chestnut_sided_Warbler_13_1.jpeg", "user_decision": "YES", "user_id": "rezagh-6qdoz24z", "is_user_correct": false}]}