{"user_id": "amm0257-0g1uulda", "time": 1706125878, "history": [{"top1-label": "Belted Kingfisher", "top1-score": 0.9831908345222473, "question": "Sam guessed the Input image is 98% Belted Kingfisher. Is it Belted Kingfisher?", "Accept/Reject": false, "type": "top1", "image-path": "./data/top1-exp-materials/080.Green_Kingfisher_61_1.jpeg", "user_decision": "YES", "user_id": "amm0257-0g1uulda", "is_user_correct": false}, {"top1-label": "Brewer Blackbird", "top1-score": 0.7704969644546509, "question": "Sam guessed the Input image is 77% Brewer Blackbird. Is it Brewer Blackbird?", "Accept/Reject": false, "type": "top1", "image-path": "./data/top1-exp-materials/011.Rusty_Blackbird_272_1.jpeg", "user_decision": "YES", "user_id": "amm0257-0g1uulda", "is_user_correct": false}, {"top1-label": "Golden winged Warbler", "top1-score": 0.9993302822113037, "question": "Sam guessed the Input image is 99% Golden winged Warbler. Is it Golden winged Warbler?", "Accept/Reject": true, "type": "top1", "image-path": "./data/top1-exp-materials/166.Golden_winged_Warbler_33_1.jpeg", "user_decision": "YES", "user_id": "amm0257-0g1uulda", "is_user_correct": true}, {"top1-label": "Chuck will Widow", "top1-score": 0.14265823364257812, "question": "Sam guessed the Input image is 14% Chuck will Widow. Is it Chuck will Widow?", "Accept/Reject": false, "type": "top1", "image-path": "./data/top1-exp-materials/105.Whip_poor_Will_128_3.jpeg", "user_decision": "YES", "user_id": "amm0257-0g1uulda", "is_user_correct": false}, {"top1-label": "California Gull", "top1-score": 0.3077026903629303, "question": "Sam guessed the Input image is 30% California Gull. Is it California Gull?", "Accept/Reject": false, "type": "top1", "image-path": "./data/top1-exp-materials/060.Glaucous_winged_Gull_257_0.jpeg", "user_decision": "YES", "user_id": "amm0257-0g1uulda", "is_user_correct": false}, {"top1-label": "Horned Grebe", "top1-score": 0.9888243675231934, "question": "Sam guessed the Input image is 98% Horned Grebe. Is it Horned Grebe?", "Accept/Reject": true, "type": "top1", "image-path": "./data/top1-exp-materials/051.Horned_Grebe_41_2.jpeg", "user_decision": "YES", "user_id": "amm0257-0g1uulda", "is_user_correct": true}, {"top1-label": "Pied Kingfisher", "top1-score": 0.999788224697113, "question": "Sam guessed the Input image is 99% Pied Kingfisher. Is it Pied Kingfisher?", "Accept/Reject": true, "type": "top1", "image-path": "./data/top1-exp-materials/081.Pied_Kingfisher_2_1.jpeg", "user_decision": "YES", "user_id": "amm0257-0g1uulda", "is_user_correct": true}, {"top1-label": "Brandt Cormorant", "top1-score": 0.9480819702148438, "question": "Sam guessed the Input image is 94% Brandt Cormorant. Is it Brandt Cormorant?", "Accept/Reject": false, "type": "top1", "image-path": "./data/top1-exp-materials/025.Pelagic_Cormorant_99_1.jpeg", "user_decision": "YES", "user_id": "amm0257-0g1uulda", "is_user_correct": false}, {"top1-label": "Common Tern", "top1-score": 0.5846204161643982, "question": "Sam guessed the Input image is 58% Common Tern. Is it Common Tern?", "Accept/Reject": false, "type": "top1", "image-path": "./data/top1-exp-materials/141.Artic_Tern_109_2.jpeg", "user_decision": "YES", "user_id": "amm0257-0g1uulda", "is_user_correct": false}, {"top1-label": "Yellow Warbler", "top1-score": 0.9991074204444885, "question": "Sam guessed the Input image is 99% Yellow Warbler. Is it Yellow Warbler?", "Accept/Reject": true, "type": "top1", "image-path": "./data/top1-exp-materials/182.Yellow_Warbler_42_3.jpeg", "user_decision": "YES", "user_id": "amm0257-0g1uulda", "is_user_correct": true}, {"top1-label": "Geococcyx", "top1-score": 0.9996920228004456, "question": "Sam guessed the Input image is 99% Geococcyx. Is it Geococcyx?", "Accept/Reject": true, "type": "top1", "image-path": "./data/top1-exp-materials/110.Geococcyx_9_6.jpeg", "user_decision": "YES", "user_id": "amm0257-0g1uulda", "is_user_correct": true}, {"top1-label": "Pelagic Cormorant", "top1-score": 0.3443271219730377, "question": "Sam guessed the Input image is 34% Pelagic Cormorant. Is it Pelagic Cormorant?", "Accept/Reject": false, "type": "top1", "image-path": "./data/top1-exp-materials/023.Brandt_Cormorant_87_4.jpeg", "user_decision": "YES", "user_id": "amm0257-0g1uulda", "is_user_correct": false}, {"top1-label": "Swainson Warbler", "top1-score": 0.18717005848884583, "question": "Sam guessed the Input image is 18% Swainson Warbler. Is it Swainson Warbler?", "Accept/Reject": false, "type": "top1", "image-path": "./data/top1-exp-materials/118.House_Sparrow_142_2.jpeg", "user_decision": "YES", "user_id": "amm0257-0g1uulda", "is_user_correct": false}, {"top1-label": "Brandt Cormorant", "top1-score": 0.7944649457931519, "question": "Sam guessed the Input image is 79% Brandt Cormorant. Is it Brandt Cormorant?", "Accept/Reject": true, "type": "top1", "image-path": "./data/top1-exp-materials/023.Brandt_Cormorant_27_4.jpeg", "user_decision": "YES", "user_id": "amm0257-0g1uulda", "is_user_correct": true}, {"top1-label": "Great Grey Shrike", "top1-score": 0.5692707896232605, "question": "Sam guessed the Input image is 56% Great Grey Shrike. Is it Great Grey Shrike?", "Accept/Reject": false, "type": "top1", "image-path": "./data/top1-exp-materials/111.Loggerhead_Shrike_79_2.jpeg", "user_decision": "YES", "user_id": "amm0257-0g1uulda", "is_user_correct": false}, {"top1-label": "Orange crowned Warbler", "top1-score": 0.4099368751049042, "question": "Sam guessed the Input image is 40% Orange crowned Warbler. Is it Orange crowned Warbler?", "Accept/Reject": false, "type": "top1", "image-path": "./data/top1-exp-materials/179.Tennessee_Warbler_39_6.jpeg", "user_decision": "YES", "user_id": "amm0257-0g1uulda", "is_user_correct": false}, {"top1-label": "Red eyed Vireo", "top1-score": 0.9750195145606995, "question": "Sam guessed the Input image is 97% Red eyed Vireo. Is it Red eyed Vireo?", "Accept/Reject": true, "type": "top1", "image-path": "./data/top1-exp-materials/154.Red_eyed_Vireo_15_3.jpeg", "user_decision": "YES", "user_id": "amm0257-0g1uulda", "is_user_correct": true}, {"top1-label": "Yellow billed Cuckoo", "top1-score": 0.9394806623458862, "question": "Sam guessed the Input image is 93% Yellow billed Cuckoo. Is it Yellow billed Cuckoo?", "Accept/Reject": true, "type": "top1", "image-path": "./data/top1-exp-materials/033.Yellow_billed_Cuckoo_31_5.jpeg", "user_decision": "YES", "user_id": "amm0257-0g1uulda", "is_user_correct": true}, {"top1-label": "Long tailed Jaeger", "top1-score": 0.8616296648979187, "question": "Sam guessed the Input image is 86% Long tailed Jaeger. Is it Long tailed Jaeger?", "Accept/Reject": false, "type": "top1", "image-path": "./data/top1-exp-materials/072.Pomarine_Jaeger_194_3.jpeg", "user_decision": "NO", "user_id": "amm0257-0g1uulda", "is_user_correct": true}, {"top1-label": "Common Yellowthroat", "top1-score": 0.999617338180542, "question": "Sam guessed the Input image is 99% Common Yellowthroat. Is it Common Yellowthroat?", "Accept/Reject": true, "type": "top1", "image-path": "./data/top1-exp-materials/200.Common_Yellowthroat_7_6.jpeg", "user_decision": "YES", "user_id": "amm0257-0g1uulda", "is_user_correct": true}, {"top1-label": "Anna Hummingbird", "top1-score": 0.3595849871635437, "question": "Sam guessed the Input image is 35% Anna Hummingbird. Is it Anna Hummingbird?", "Accept/Reject": false, "type": "top1", "image-path": "./data/top1-exp-materials/068.Ruby_throated_Hummingbird_7_4.jpeg", "user_decision": "YES", "user_id": "amm0257-0g1uulda", "is_user_correct": false}, {"top1-label": "Gray crowned Rosy Finch", "top1-score": 0.9907346367835999, "question": "Sam guessed the Input image is 99% Gray crowned Rosy Finch. Is it Gray crowned Rosy Finch?", "Accept/Reject": true, "type": "top1", "image-path": "./data/top1-exp-materials/034.Gray_crowned_Rosy_Finch_26_6.jpeg", "user_decision": "YES", "user_id": "amm0257-0g1uulda", "is_user_correct": true}, {"top1-label": "Olive sided Flycatcher", "top1-score": 0.3618166446685791, "question": "Sam guessed the Input image is 36% Olive sided Flycatcher. Is it Olive sided Flycatcher?", "Accept/Reject": true, "type": "top1", "image-path": "./data/top1-exp-materials/102.Western_Wood_Pewee_22_7.jpeg", "user_decision": "YES", "user_id": "amm0257-0g1uulda", "is_user_correct": true}, {"top1-label": "Bronzed Cowbird", "top1-score": 0.9996199607849121, "question": "Sam guessed the Input image is 99% Bronzed Cowbird. Is it Bronzed Cowbird?", "Accept/Reject": true, "type": "top1", "image-path": "./data/top1-exp-materials/026.Bronzed_Cowbird_16_4.jpeg", "user_decision": "YES", "user_id": "amm0257-0g1uulda", "is_user_correct": true}, {"top1-label": "American Crow", "top1-score": 0.4164113700389862, "question": "Sam guessed the Input image is 41% American Crow. Is it American Crow?", "Accept/Reject": false, "type": "top1", "image-path": "./data/top1-exp-materials/107.Common_Raven_46_1.jpeg", "user_decision": "YES", "user_id": "amm0257-0g1uulda", "is_user_correct": false}, {"top1-label": "Great Grey Shrike", "top1-score": 0.8823515176773071, "question": "Sam guessed the Input image is 88% Great Grey Shrike. Is it Great Grey Shrike?", "Accept/Reject": false, "type": "top1", "image-path": "./data/top1-exp-materials/111.Loggerhead_Shrike_305_1.jpeg", "user_decision": "YES", "user_id": "amm0257-0g1uulda", "is_user_correct": false}, {"top1-label": "Sayornis", "top1-score": 0.3616830110549927, "question": "Sam guessed the Input image is 36% Sayornis. Is it Sayornis?", "Accept/Reject": true, "type": "top1", "image-path": "./data/top1-exp-materials/103.Sayornis_4_1.jpeg", "user_decision": "YES", "user_id": "amm0257-0g1uulda", "is_user_correct": true}, {"top1-label": "Sage Thrasher", "top1-score": 0.9968994855880737, "question": "Sam guessed the Input image is 99% Sage Thrasher. Is it Sage Thrasher?", "Accept/Reject": true, "type": "top1", "image-path": "./data/top1-exp-materials/150.Sage_Thrasher_9_2.jpeg", "user_decision": "YES", "user_id": "amm0257-0g1uulda", "is_user_correct": true}, {"top1-label": "Barn Swallow", "top1-score": 0.4826267659664154, "question": "Sam guessed the Input image is 48% Barn Swallow. Is it Barn Swallow?", "Accept/Reject": true, "type": "top1", "image-path": "./data/top1-exp-materials/136.Barn_Swallow_18_0.jpeg", "user_decision": "YES", "user_id": "amm0257-0g1uulda", "is_user_correct": true}, {"top1-label": "Pine Warbler", "top1-score": 0.9837488532066345, "question": "Sam guessed the Input image is 98% Pine Warbler. Is it Pine Warbler?", "Accept/Reject": true, "type": "top1", "image-path": "./data/top1-exp-materials/175.Pine_Warbler_15_2.jpeg", "user_decision": "YES", "user_id": "amm0257-0g1uulda", "is_user_correct": false}]}